artist_id,artist_name_fa,category,candidate_rank,video_id,video_title,channel_id,channel_title,published_at,source_query,manual_status,notes,api_video_title,api_video_description,api_channel_id,api_channel_title,api_published_at,category_id,default_language,default_audio_language,duration,definition,caption,licensed_content,view_count,like_count,comment_count,privacy_status,embeddable,made_for_kids,duration_seconds,screening_status_v2,screening_reason_v2,source_type,source_status,source_notes,screening_status_v3,screening_reason_v3
1,همایون شجریان,classic_fusion,2,FSbAa3rZkVo,Homayoun Shajarian Top 10 Songs ( ده تا از بهترین آهنگ های همایون شجریان ),UCmBIX3tItWTCmbkcARiyZkg,Homayoun Shajarian,2023-07-15T07:42:37Z,همایون شجریان,pending_review,,Homayoun Shajarian Top 10 Songs ( ده تا از بهترین آهنگ های همایون شجریان ),"Subscribe For More Videos :
https://www.youtube.com/c/HomayounShajarianChannel

Official Top 10 Mix Music By Homayoun Shajarian
 شنونده ده تا از بهترین آهنگ های همایون شجریان باشید

00:00 - Homayoun Shajarian - Yek Nafas Arezouye To
04:08 - Homayoun Shajarian - Zolf Bar Bad Made
09:27 - Homayoun Shajarian - Havaye Zemzemehayat
14:20 - Homayoun Shajarian - Mina
19:14 - Homayoun Shajarian - Gerye Kon
22:18 - Homayoun Shajarian - Flaming
26:08 - Homayoun Shajarian - Shirin Sozeh
30:09 - Homayoun Shajarian - Ahay Khabardar
34:34 - Homayoun Shajarian - Dele Man Migeryad
39:26 - Homayoun Shajarian - Dar In Shabe Siah #HomayounShajarian
#PersianClassicalMusic
#IranianMusic",UCmBIX3tItWTCmbkcARiyZkg,Homayoun Shajarian,2023-07-15T07:42:37Z,10,de,en-US,PT42M55S,hd,False,True,622895,5217.0,325.0,public,True,False,2575,likely_non_release,too_long_over_15_minutes,official_artist,trusted,top20_manual_audit_2026-07-10; confidence=high,trusted_non_release_signal,trusted_source_but_v2_non_release_signal
1,همایون شجریان,classic_fusion,3,f3_y_O1qFJc,Homayoun Shajarian - Havaye Geryeh (همایون شجریان - تصنیف هوای گریه),UCjibqVppvIlLK4lbXRsbhhw,Melodifa,2019-07-10T18:55:08Z,همایون شجریان,pending_review,,Homayoun Shajarian - Havaye Geryeh (همایون شجریان - تصنیف هوای گریه),"Homayoun Shajarian - Havaye Geryeh with lyrics now on Melodifa.
همایون شجریان - تصنیف هوای گریه رو همراه با متن شعر در کانال ملودیفا ببینید و بشنوید

#homayoun #shajarian  #melodifa

آواز خوب شد همایون شجریان:    https://www.youtube.com/watch?v=DtHwreZyIh4
آلبوم ایران من همایون شجریان:   https://www.youtube.com/watch?v=u2WtwKd5laU

متن آهنگ هوای گریه همایون شجریان:
نه بسته ام به کس دل نه بسته کس به من دل
چو تخته پاره بر موج رها رها رها من
ز من هر آن که او دور چو دل به سینه نزدیک
به من هر آنکه نزدیک از او جدا جدا من
نه چشم دل به سویی نه باده در سبویی
که تر کنم گلویی به یاد آشنا من
ستاره ها نهفته در آسمان ابری
دلم گرفته ای دوست هوای گریه با من
هوای گریه با من
نه بسته ام به کس دل نه بسته کس به من دل
چو تخته پاره بر موج رها رها رها من
ز من هر آن که او دور چو دل به سینه نزدیک
به من هر آنکه نزدیک از او جدا جدا من

Homayoun Shajarian (Persian: همايون شجريان‎) (born 21 May 1975) is a Persian classical music and Persian classical crossover vocalist, and a Tombak player. ""Hava-ye Geryeh"" is one of his most famous songs. He has one daughter, Yasmine Shajarian.

He was born in Tehran in a music-dedicated family. He is the son of Mohammad Reza Shajarian, the grand master vocalist of Persian traditional music.

همایون شجریان (۳۱ اردیبهشت ۱۳۵۴ تهران) خوانندهٔ موسیقی سنتی ایرانی و نوازندهٔ تنبک و کمانچه است. وی پسر محمدرضا شجریان و برادر مژگان شجریان و برادر زن پرویز مشکاتیان است

همایون شجریان در ۳۱ اردیبهشت ۱۳۵۴ در تهران در خانواده‌ای سرشار از موسیقی متولد شد. وی فرزند محمدرضا شجریان است و از کودکی علاقه به موسیقی و ریتم در او نمایان بود تا آن که با تشخیص پدر نزد ناصر فرهنگ‌فر به فراگیری تکنیک و شناخت ریتم که اساس موسیقی است پرداخت و چند سالی هم آموختن را نزد جمشید محبی ادامه داد. از ده‌سالگی به همراه خواهرانش نزد پدر آواز را شروع کرد و در دوران بلوغ روزانه تکنیک آواز و صداسازی را به‌صورت فشرده فراگرفت. در همان زمان به هنرستان موسیقی رفت و کمانچه را به عنوان ساز تخصصی خود انتخاب کرد و در خارج از هنرستان به ادامهٔ فراگیری آن نزد اردشیر کامکار و آشنایی با تار و سنتور به صورت گوشی پرداخت.

او از سال ۱۳۷۰ به‌همراه محمدرضا شجریان در کنسرت‌های آمریکا، اروپا و ایران (با تنبک) همراهی کرد و از ۱۳۷۸ به بعد در صحنهٔ کنسرت‌ها به هم‌خوانی با پدرش پرداخت. اولین اثر با حضور او یاد ایام نام دارد که در آن اثر همایون شجریان تنبک نوازی را بر عهده داشته‌است. همایون شجریان کنسرت‌های بسیاری را با بزرگان موسیقی اجرا کرده و آثار زیادی را به همراه آنان در ایران و جهان منتشر کرده‌است که می‌توان به آلبوم کنسرت‌های «بی تو بسر نمی‌شود» و «فریاد» اشاره کرد که هردو اثر در سال‌های ۲۰۰۳ و ۲۰۰۵ نامزد دریافت جایزه گرمی شدند

#ملودیفا
#همایون_شجریان
#نسیم_وصل",UCjibqVppvIlLK4lbXRsbhhw,Melodifa,2019-07-10T18:55:08Z,10,fa,en-US,PT7M15S,hd,False,True,5831771,25304.0,2828.0,public,True,False,435,needs_review,music_category_and_licensed_but_no_release_pattern,trusted_music_platform,trusted,top20_manual_audit_2026-07-10; confidence=medium_high,trusted_needs_content_review,trusted_source_but_v2_content_ambiguous
1,همایون شجریان,classic_fusion,4,Nc23hVqxbzY,Homayoun Shajarian - Mastam Ze Negahe To (همایون شجریان - مستم ز نگاه تو),UCX7iFtn4OnJYNLXyKQsnHGg,MELODIFA CLASSIC,2020-08-17T13:00:06Z,همایون شجریان,pending_review,,Homayoun Shajarian - Mastam Ze Negahe To (همایون شجریان - مستم ز نگاه تو),"Homayoun Shajarian - Mastam Ze Negahe To with lyrics now on melodifa.
همایون شجریان - مستم ز نگاه تو رو همراه با متن ترانه در کانال ملودیفا ببینید و بشنوید

#homayoun #MastamZeNegaheTo  #melodifa


متن آهنگ مستم ز نگاه تو همایون شجریان:

لب خندان تو برق چشمان تو برده قرار از دل عاشق زارم
با من بي نوا بيش از اينم جفا دگر مکن يارم
 
اي گل ارغوان همچو سرو چمان 
اي در شب تار من روشنايي
بت چين و ختن روح و جاني به تن 
دل مي ربايي 


آتش زده اي بر دل واي از من و آه از دل
زندگي بي تو شده بي حاصل 
دل شده مجنون چه کنم با دل


مستم زنگاه تو زان چشم سياه تو
همه دم افتاده به چاه تو
صنما سرگشته ی راه تو


از عشقت آرام جان 
شده ام شيداي زمان
من ز سودای وصلِ تو گشته‌ام رسوای جهان


رفت از دستم اختیاربردی از من صبر و قرار
در شب و روز تارِ من مه و خورشیدی ای نگار


آتش زده ای بر دل وای از من و آه از دل
زندگی بی تو شده بی حاصل
 دل شده مجنون
چه کنم با دل
مستم ز نگاه تو
زان چشمِ سیاهِ تو حبیبم افتاده به چاهِ تو
صنما؛ سرگشته ی راهِ تو


Homayoun Shajarian (Persian: همايون شجريان‎) (born 21 May 1975) is a Persian classical music and Persian classical crossover vocalist, and a Tombak player. ""Hava-ye Geryeh"" is one of his most famous songs. He has one daughter, Yasmine Shajarian.


He was born in Tehran in a music-dedicated family. He is the son of Mohammad Reza Shajarian, the grand master vocalist of Persian traditional music.


همایون شجریان (۳۱ اردیبهشت ۱۳۵۴ تهران) خوانندهٔ موسیقی سنتی ایرانی و نوازندهٔ تنبک و کمانچه است. وی پسر محمدرضا شجریان و برادر مژگان شجریان و برادر زن پرویز مشکاتیان است


همایون شجریان در ۳۱ اردیبهشت ۱۳۵۴ در تهران در خانواده‌ای سرشار از موسیقی متولد شد. وی فرزند محمدرضا شجریان است و از کودکی علاقه به موسیقی و ریتم در او نمایان بود تا آن که با تشخیص پدر نزد ناصر فرهنگ‌فر به فراگیری تکنیک و شناخت ریتم که اساس موسیقی است پرداخت و چند سالی هم آموختن را نزد جمشید محبی ادامه داد. از ده‌سالگی به همراه خواهرانش نزد پدر آواز را شروع کرد و در دوران بلوغ روزانه تکنیک آواز و صداسازی را به‌صورت فشرده فراگرفت. در همان زمان به هنرستان موسیقی رفت و کمانچه را به عنوان ساز تخصصی خود انتخاب کرد و در خارج از هنرستان به ادامهٔ فراگیری آن نزد اردشیر کامکار و آشنایی با تار و سنتور به صورت گوشی پرداخت.


او از سال ۱۳۷۰ به‌همراه محمدرضا شجریان در کنسرت‌های آمریکا، اروپا و ایران (با تنبک) همراهی کرد و از ۱۳۷۸ به بعد در صحنهٔ کنسرت‌ها به هم‌خوانی با پدرش پرداخت. اولین اثر با حضور او یاد ایام نام دارد که در آن اثر همایون شجریان تنبک نوازی را بر عهده داشته‌است. همایون شجریان کنسرت‌های بسیاری را با بزرگان موسیقی اجرا کرده و آثار زیادی را به همراه آنان در ایران و جهان منتشر کرده‌است که می‌توان به آلبوم کنسرت‌های «بی تو بسر نمی‌شود» و «فریاد» اشاره کرد که هردو اثر در سال‌های ۲۰۰۳ و ۲۰۰۵ نامزد دریافت جایزه گرمی شدند




#ملودیفا
#همایون_شجریان",UCX7iFtn4OnJYNLXyKQsnHGg,MELODIFA CLASSIC,2020-08-17T13:00:06Z,10,fa,fa-IR,PT5M43S,hd,False,True,3839913,12909.0,1177.0,public,True,False,343,needs_review,music_category_and_licensed_but_no_release_pattern,trusted_music_platform,trusted,sources_21_40_manual_audit_2026-07-10; confidence=high,trusted_needs_content_review,trusted_source_but_v2_content_ambiguous
1,همایون شجریان,classic_fusion,5,kvGyhv2MSfQ,KHARIDAR Live Anoushiravan Rohani &amp; Homayoun Shajarian خریدار همایون شجریان و انوشیروان روحانی,UCfTyeE7jWJK6q7lTdIUv57w,Anoushiravan Rohani,2024-12-10T19:35:47Z,همایون شجریان,pending_review,,KHARIDAR Live Anoushiravan Rohani & Homayoun Shajarian خریدار همایون شجریان و انوشیروان روحانی,"قطعه خریدار
جدیرترین ساخته انوشیروان روحانی با اجرای همایون شجریان و شعر زنده یاد رهی معیری
اجراء زنده در مونیخ 
LIVE CONCERT IN MÜNCHEN 
Song : Kharidar
Singer: Homayoun Shajarian
Composer: Anoushiravan Rohani
Lyricist: Rahi Moayeri
--------------------
Official channel of Anoushiravan Rohani
Website: anoushiravanrohani.com
Instagram: @anoushiravanrohani


باید خریدارم شوی تا من خریدارت شوم
وز جان و دل یارم شوی تا عاشق زارت شوم
من نیستم چون دیگران بازیچه بازیگران
اول به دام آرم ترا و آنگه گرفتارت شوم",UCfTyeE7jWJK6q7lTdIUv57w,Anoushiravan Rohani,2024-12-10T19:35:47Z,10,fa,fa,PT6M10S,hd,False,True,82637,1283.0,93.0,public,True,False,370,needs_review,review_title_pattern_live_or_unplugged,artist_owned,pending_review,sources_21_40_manual_audit_2026-07-10; confidence=medium,needs_source_review,pending_source_registry
1,همایون شجریان,classic_fusion,6,r3Hgfk9GNWA,Homayoun Shajarian - The Lord of The Secrets | همایون شجریان - خداوندان اسرار,UCiEK11dphMbDnbSXNvLOFCg,AmirSadegh Rassouli,2021-01-29T22:48:15Z,همایون شجریان,pending_review,,Homayoun Shajarian - The Lord of The Secrets | همایون شجریان - خداوندان اسرار,"کارگردان بنام سینمای ایران، بانو «رخشان بنی‌اعتماد»، در آلبوم تصویری «خداوندان اسرار» با هنرمندان کم‌نظیر موسیقی ایران «همایون شجریان» و «سهراب پورناظری» و «گروه سیاوش» همراه شده است. در خداوندان اسرار، پای کنسرتی به‌ همین نام، با آواز همایون شجریان می‌نشینیم. این اثر شامل دو قسمت است. در قسمت اول، «ساز و آواز» بداهه در مقام اصفهان با اشعاری از «مولانا» اجرا می‌شود. اما در بخش دوم، با نام «رهایی»، قطعاتی متنوع‌تر را می‌شنویم. بخش رهایی شامل سه پرده با شعر‌هایی از «خیام»، «مولانا» و «حافظ» به نام‌های «مهتاب»، «خداوندان اسرار» و «جانی و صد آه» است. علاوه‌ بر قطعات نام‌ برده شده، همایون شجریان، قطعه‌ای با نام «یاوران» از ساخته‌های «کیخسرو پورناظری» را با تنظیمی از «سهراب پورناظری» اجرا می‌کند. «آیین مشکاتیان» نوازنده‌ی سازهای کوبه‌ای، «حسین رضایی‌نیا» نوازنده‌ی «دف»، «همایون نصیری» نوازنده‌ی «سازهای کوبه‌ای»، «حمید خوانساری» نوازنده‌ی بربط، «داریوش آذر» نوازنده‌ی «باس» و «سهراب پورناظر» با نوازندگی تنبور این کنسرت را شنیدنی‌تر و دیدنی‌تر کرده‌اند.

https://open.spotify.com/album/5hN7q668l7EgiuI7Gf7Kfd?si=gWODgMrHRY-oEAAXEGT0aw",UCiEK11dphMbDnbSXNvLOFCg,AmirSadegh Rassouli,2021-01-29T22:48:15Z,10,fa,fa,PT43M41S,hd,False,False,403135,6411.0,448.0,public,True,False,2621,likely_non_release,too_long_over_15_minutes,third_party_music,excluded,sources_61_80_manual_audit_2026-07-10; confidence=medium,likely_non_release,excluded_source_registry
1,همایون شجریان,classic_fusion,7,qhKcG8m70FE,Homayoun Shajarian - Zolf Bar Bad Made ( همایون شجریان - زلف بر باد مده ),UCmBIX3tItWTCmbkcARiyZkg,Homayoun Shajarian,2022-03-14T16:30:06Z,همایون شجریان,pending_review,,Homayoun Shajarian - Zolf Bar Bad Made ( همایون شجریان - زلف بر باد مده ),"Subscribe For More Videos :
https://www.youtube.com/c/HomayounShajarianChannel

Official Music By Homayoun Shajarian Performing "" Zolf Bar Bad Made ""
 شنونده آهنگ "" زلف بر باد مده "" از همایون شجریان باشید

در آستانه بهار دلکش، این قطعه با حمایت پی پاد تقدیم دوستداران می شود.

تصنیف: زلف بر باد مده

آواز : همایون شجریان
آهنگساز : سعید فرجپوری
تنظیم : غلامرضا صادقی
 شعر : حافظ

نوازندگان:
کمانچه: سعید فرجپوری
تار و عود: آزاد میرزاپور
سنتور: مهیار طریحی
دف و دایره: حسین رضایی نیا
تمبک: آئین مشکاتیان
ضبط و میکس: غلامرضا صادقی


متن آهنگ :
زلف بر باد مده تا ندهی بر بادم
ناز بنیاد مکن تا نکنی بنیادم
می مخور با همه کس تا نخورم خون جگر
سر مکش تا نکشد سر به فلک فریادم
زلف را حلقه مکن تا نکنی در بندم
طره را تاب مده تا ندهی بر بادم
شهره شهر مشو تا ننهم سر در کوه
شور شیرین منما تا نکنی فرهادم
رحم کن بر من مسکین و به فریادم رس
تا به خاک در آصف نرسد فریادم

#همایون¬شجریان #پرداختالکترونیکپاسارگاد#پی¬پاد#آرپا#سعیدفرجپوری#رضا صادقی
‏paypod #pepcoir #homayounshajarian #rezasadeghi#saeedfarajpoori #HomayounShajarian
#PersianClassicalMusic
#IranianMusic",UCmBIX3tItWTCmbkcARiyZkg,Homayoun Shajarian,2022-03-14T16:30:06Z,10,fa,fa-IR,PT5M20S,hd,False,True,2005367,11369.0,740.0,public,True,False,320,needs_review,music_category_and_licensed_but_no_release_pattern,official_artist,trusted,top20_manual_audit_2026-07-10; confidence=high,trusted_needs_content_review,trusted_source_but_v2_content_ambiguous
1,همایون شجریان,classic_fusion,8,hSTinyMVGtQ,آواز همایون شجریان - چه دانستم - غزل مولوی - دیوان شمس - چه دانستم که این سودا مرا زین سان کند مجنون,UCqZeJVn5evgB93CPe2QMypg,Naghmeha - Persian Songs and Poems نغمه ها و اشعار,2020-12-30T18:04:27Z,همایون شجریان,pending_review,,آواز همایون شجریان - چه دانستم - غزل مولوی - دیوان شمس - چه دانستم که این سودا مرا زین سان کند مجنون,"#shajarian #naghmeha

چه دانستم که این سودا مرا زین سان کند مجنون
دلم را دوزخی سازد دو چشمم را کند جیحون

چه دانستم که سیلابی مرا ناگاه برباید
چو کشتی ام دراندازد میان قلزم پرخون

زند موجی بر آن کشتی که تخته تخته بشکافد
که هر تخته فروریزد ز گردش‌های گوناگون

نهنگی هم برآرد سر خورد آن آب دریا را
چنان دریای بی‌پایان شود بی‌آب چون هامون

شکافد نیز آن هامون نهنگ بحرفرسا را
کشد در قعر ناگاهان به دست قهر چون قارون

چو این تبدیل‌ها آمد نه هامون ماند و نه دریا
چه دانم من دگر چون شد که چون غرق است در بی‌چون

چه دانم‌های بسیار است لیکن من نمی‌دانم
که خوردم از دهان بندی در این دریا کفی افیون",UCqZeJVn5evgB93CPe2QMypg,Naghmeha - Persian Songs and Poems نغمه ها و اشعار,2020-12-30T18:04:27Z,22,fa,,PT6M12S,hd,False,False,250374,3408.0,303.0,public,True,False,372,needs_review,insufficient_evidence,third_party_music,pending_review,sources_81_91_manual_audit_2026-07-10; confidence=medium,needs_source_review,pending_source_registry
1,همایون شجریان,classic_fusion,9,qpXspMgbRyE,همایون شجریان اجرای زنده کنسرت دبی ٢٠٢۵ |Live Concert in Dubai 2025  Homayoun Shajarian ,UChLs096B3kOpLYhVK1ldSvg,Khosousi,2025-09-17T15:33:16Z,همایون شجریان,pending_review,,همایون شجریان اجرای زنده کنسرت دبی ٢٠٢۵ |Live Concert in Dubai 2025  Homayoun Shajarian ,"اگر مایل به ادامه فعالیت ما هستید، خوشحال میشیم در کنار ما از خصوصی حمایت کنید.
https://hamibash.com/khosousi

نسخه‌ی اندروید اپلیکیشن خصوصی را از اینجا دریافت نمایید
https://play.google.com/store/apps/details?id=com.khosousi.android

نسخه‌ی ios اپلیکیشن خصوصی را از اینجا دریافت نمایید
https://apps.apple.com/se/app/khosousi/id1607762437?l=en


برای دانلود این اجرا و اجراهای دیگر به سایت یا کانال تلگرام خصوصی مراجعه نمایید
https://khosousi.com
https://instagram.com/Khosousii
http://telegram.me/Khosousi
https://facebook.com/Khosousi",UChLs096B3kOpLYhVK1ldSvg,Khosousi,2025-09-17T15:33:16Z,10,fa,fa,PT45M2S,hd,False,True,36441,467.0,125.0,public,True,False,2702,likely_non_release,too_long_over_15_minutes,third_party_music,excluded,sources_21_40_manual_audit_2026-07-10; confidence=high,likely_non_release,excluded_source_registry
1,همایون شجریان,classic_fusion,10,-_D9FlMTb_Q,Homayoun Shajarian - Kharidar I Live In Concert ( همایون شجریان و انوشیروان روحانی - خریدار ),UCmBIX3tItWTCmbkcARiyZkg,Homayoun Shajarian,2024-12-10T13:30:00Z,همایون شجریان,pending_review,,Homayoun Shajarian - Kharidar I Live In Concert ( همایون شجریان و انوشیروان روحانی - خریدار ),"Subscribe For More Videos :
https://www.youtube.com/c/HomayounShajarianChannel

قطعه خریدار
اثری از همایون شجریان و انوشیروان روحانی 
شعر از رهی معیری

متن آهنگ :

باید خریدارم شوی
تا من خریدارت شوم
وز جان و دل یارم شوی
تا عاشق زارت شوم
باید وفادارم شوی
تا من وفادارت شوم
وز جان و دل یارم شوی
تا عاشق زارت شوم من
تا عاشق زارت شوم من

من نیستم چون دیگران بازیچه ی بازیگران
اول به دام آرم تورا وانگه گرفتارت شوم‌ من

من نیستم چون دیگران بازیچه ی بازیگران
اول به دام آرم تورا وانگه گرفتارت شوم‌ من

خریدارم شوی خریدارت شوم
دلیارم شوی عاشق زارت شوم من
خریدارم شوی خریدارت شوی
دلیارم شوی عاشق زارت شوم من

باید خریدارم شوی
تا من خریدارت شوم
وز جان و دل یارم شوی
تا عاشق زارت شوم
باید وفادارم شوی
تا من وفادارت شوم
وز جان و دل یارم شوی
تا عاشق زارت شوم من
تا عاشق زارت شوم من

من نیستم چون دیگران بازیچه ی بازیگران
اول به دام آرم تورا وانگه گرفتارت شوم‌ من

من نیستم چون دیگران بازیچه ی بازیگران
اول به دام آرم تورا وانگه گرفتارت شوم‌ من

خریدارم شوی خریدارت شوم
دلیارم شوی عاشق زارت شوم من
خریدارم شوی خریدارت شوی
دلیارم شوی عاشق زارت شوم من
عاشق زارت شوم من
عاشق زارت شوم من
عاشق زارت شوم من",UCmBIX3tItWTCmbkcARiyZkg,Homayoun Shajarian,2024-12-10T13:30:00Z,10,fa,en-US,PT6M10S,hd,False,False,1688325,9129.0,654.0,public,True,False,370,likely_non_release,non_release_title_pattern,official_artist,trusted,top20_manual_audit_2026-07-10; confidence=high,trusted_non_release_signal,trusted_source_but_v2_non_release_signal
1,همایون شجریان,classic_fusion,11,uUp--5qtOac,به یاد هایده - اجرای بی نظیر همایون شجریان و انوشیروان روحانی برای اولین بار,UCGV-fV3AkEHYzf1iW2ADeMA,Day2DayWorld,2024-01-12T15:35:51Z,همایون شجریان,pending_review,,به یاد هایده - اجرای بی نظیر همایون شجریان و انوشیروان روحانی برای اولین بار,"کنسرت  همایون شجریان و انوشیروان روحانی در مونترال کانادا
Homayoun Shajarian and Anoushirvan Rohani live in Montreal Canada, a tribute to Hayedeh",UCGV-fV3AkEHYzf1iW2ADeMA,Day2DayWorld,2024-01-12T15:35:51Z,24,fa,fa,PT15M38S,hd,False,False,1213753,11595.0,1567.0,public,True,False,938,likely_non_release,too_long_over_15_minutes,entertainment,excluded,sources_41_60_manual_audit_2026-07-10; confidence=high,likely_non_release,excluded_source_registry
1,همایون شجریان,classic_fusion,12,LApNZRnreYI,مرغ سحر با صدای همایون شجریان و عبیر نعمه | &quot;Morgh-e Sahar&quot; - Homayoun Shajarian &amp; Abeer Nehme,UCG6dTZjThIJih8BBkeS3FaA,Hafdang Old Channel | کانال قدیمی هفدانگ,2020-06-19T17:54:28Z,همایون شجریان,pending_review,,"مرغ سحر با صدای همایون شجریان و عبیر نعمه | ""Morgh-e Sahar"" - Homayoun Shajarian & Abeer Nehme","در این کانال ویدیوی جدیدی منتشر نخواهد شد. کانال جدید هفدانگ موسیقی: 
We don't publish videos in this channel anymore. Link to the Hafdang Music new channel: https://www.youtube.com/channel/UCsw4KNotshPlpK2ZMshqE1g

تقدیم به تمام مردم جهان؛ مردمی که مهرشان مرز و نژاد نمی‌شناسد
فراتر از قرنطینه 
پروژه‌ای از ارکستر فیلارمونیک تهران
بازآفرینی آرش گوران از قطعه «مرغ سحر» مرتضی نی‌داوود
شعر: محمد تقی بهار
با صداى همايون شجريان و همراهى عبير نعمه، خواننده لبنانی

مرغ سحر ناله سر کن
داغ مرا تازه‌تر کن
زآه شرربار این قفس را
برشکن و زیر و زبر کن

بلبل پربسته! ز کنج قفس درآ
نغمهٔ آزادی نوع بشر سرا
وز نفسی عرصهٔ این خاک توده را
پر شرر کن

ظلم ظالم، جور صیاد
شیانم داده بر باد
ای خدا! ای فلک! ای طبیعت!
شام تاریک ما را سحر کن

نوبهار است، گل به بار است
ابر چشمم ژاله‌بار است
این قفس چون دلم تنگ و تار است
شعله فکن در قفس، ای آه آتشین!
دست طبیعت! گل عمر مرا مچین
جانب عاشق، نگه ای تازه گل! از این
بیشتر کن
مرغ بیدل! شرح هجران مختصر، مختصر، مختصر کن

--------
To all the people of the world,
Whose love goes beyond borders and races.
➖
Beyond the Quarantine
A project by the Tehran Philharmonic Orchestra

A Recomposition of “Morq-e Sahar” by Arash Gooran
Based on a folklore song by M. Neydavood
Lyrics by M. Bahar
➖
Vocal Soloists:
Homayoun Shajarian
Abeer Nehme
➖
Kamancheh:
Imamyar Hasanov

Harp:
Sioned Williams

Violin:
Lynn Chang
Roman Kholmatov
Tobias Feldmann
David Peralta Alegre
Jan Mráček
Pedram Faryousefi
Coraline Groen
Paniz Faryousefi

Viola:
Tabea Zimmermann
Rebecca Young
Muriel Razavi
Cello:
Alessio Pianelli
Brannon Cho

Contrabass:
Nabil Shehata

Artistic Director and Pianist:
Arash Gooran
International Relations Assistant:
Kimia Afshari

Lyrics Translator:
Hamid Khodapanahi
➖
Thanks to

Arash Ashourinia
Ali Birang
Gholamreza Sadeghi
Jean Pierre Boutros
Maike Fuchs
Pooria Manouchehri
Ali Reza Hosseinian
Masoud Ahmadi

-----------------------------------------
Turkish translation (by Yelda Şahin , with help of English translations)
Seher Kuşu (Dünya halkının tümüne sunulur, o halk ki sevgisi sınır ve ırk tanımaz.)
Homâyûn:
Seher kuşu inle ,
Dağlanmış yaramı tazele
 
Abîr:
Alevler saçan âhınla bu kafesi
Yık, alt üst eyle
 
Homâyûn ve Abîr:
Kanatları bağlı bülbül, çık kafesin köşesinden de
İnsanlığın özgürlük şarkısını söyle
Ve bir nefesle
Ver bu toprak yığını yeri ateşe
 
Homâyûn:
Zalimin zulmü, avcının eziyeti
Yuvamı dağıttı, verdi yele
 
Abîr:
Ey Hüda, ey felek, ey tabiat
Karanlık akşamımızı seher eyle
 
Homâyûn:
Ey Hüda, ey felek, ey tabiat
 
Homâyûn ve Abîr:
Karanlık gecemizi seher eyle",UCG6dTZjThIJih8BBkeS3FaA,Hafdang Old Channel | کانال قدیمی هفدانگ,2020-06-19T17:54:28Z,10,fa,fa,PT4M48S,hd,True,False,1286758,13651.0,1369.0,public,True,False,288,needs_review,insufficient_evidence,third_party_music,pending_review,sources_41_60_manual_audit_2026-07-10; confidence=medium,needs_source_review,pending_source_registry
1,همایون شجریان,classic_fusion,13,wDES77ndVFg,Homayoun Shajarian - Sanama ( اجرای زنده قطعه صنما - همایون شجریان، سهراب پورناظری ),UCmBIX3tItWTCmbkcARiyZkg,Homayoun Shajarian,2022-01-15T13:30:07Z,همایون شجریان,pending_review,,Homayoun Shajarian - Sanama ( اجرای زنده قطعه صنما - همایون شجریان، سهراب پورناظری ),"Subscribe For More Videos :
https://www.youtube.com/c/HomayounShajarianChannel

Official Live Performance By Homayoun Shajarian & Sohrab Pournazeri Performing "" Sanama ""
 بیننده اجرای آهنگ "" قطعه صنما "" از همایون شجریان و سهراب پورناظری باشید #HomayounShajarian
#PersianClassicalMusic
#IranianMusic",UCmBIX3tItWTCmbkcARiyZkg,Homayoun Shajarian,2022-01-15T13:30:07Z,10,fa,fa-IR,PT2M46S,sd,False,True,435380,5749.0,398.0,public,True,False,166,needs_review,review_title_pattern_live_or_unplugged,official_artist,trusted,top20_manual_audit_2026-07-10; confidence=high,trusted_needs_content_review,trusted_source_but_v2_content_ambiguous
1,همایون شجریان,classic_fusion,14,8Ss26p3Nh00,آواز خوانی فوق العاده زیبا و دلنشین همایون شجریان,UCAJbSaWpLovszCdQoGxa2mA,Ebrahim Mohamadi,2017-07-05T20:50:40Z,همایون شجریان,pending_review,,آواز خوانی فوق العاده زیبا و دلنشین همایون شجریان,خواندن تک بیت خافظ در مراسم بزرگ داشت حافظ با صدای جادویی و روح بخش همایون شجریان 💖💖,UCAJbSaWpLovszCdQoGxa2mA,Ebrahim Mohamadi,2017-07-05T20:50:40Z,22,fa,,PT2M31S,sd,False,False,41162,508.0,37.0,public,True,False,151,needs_review,insufficient_evidence,third_party_music,pending_review,sources_41_60_manual_audit_2026-07-10; confidence=low,needs_source_review,pending_source_registry
1,همایون شجریان,classic_fusion,15,qgFBMyxJ4eg,Homayoun Shajarian - Yek Nafas Arezouye To ( همایون شجریان - یک نفس آرزوی تو ),UCmBIX3tItWTCmbkcARiyZkg,Homayoun Shajarian,2021-06-28T05:30:08Z,همایون شجریان,pending_review,,Homayoun Shajarian - Yek Nafas Arezouye To ( همایون شجریان - یک نفس آرزوی تو ),"Subscribe For More Videos :
https://www.youtube.com/c/HomayounShajarianChannel

Official Music Video By Homayoun Shajarian Performing "" Yek Nafas Arezouye To ""
 بیننده موزیک ویدیو آهنگ "" یک نفس آرزوی تو "" از همایون شجریان باشید

موزیک ویدیو #یک_نفس_آرزوی_تو 
آواز: همایون شجریان
آهنگ : سعید فرج پوری 
@saeed_farajpoori
تنظیم: غلامرضا صادقی
@rezasadeghi_musician
شعر: کمال جعفری امام زاده
@kamal_jafari_emamzadeh
نوازندگان:
سه تار : همایون شجریان
سنتور: مهیار طریحی
گیتار : نوید زمردی
اجرای سازهای الکترونیک، ضبط، میکس و مسترینگ : غلامرضا صادقی
تدوین : مسعود رفیع زاده
سریال #می_خواهم_زنده_بمانم، به کارگردانی شهرام شاه‌حسینی و تهیه‌کنندگی محمد شایسته.
متن شعر :

ای که همه نگاه من خورده گره به روی تو
تا نرود نفس ز تن پا نکشم‌ز کوی تو
گر چه به شعله می کشی قلب مرا به عشوه ات
بر دو‌جهان نمی دهم یک سر تار موی تو
مستی هر نگاه تو به ز شراب و‌جام می
کی ز سرم برون شود یک نفس آرزوی تو
در قفس خیال تو تکیه زنم به انتظار
تا که تو بشکنی قفس پر بکشم بسوی تو #HomayounShajarian
#PersianClassicalMusic
#IranianMusic",UCmBIX3tItWTCmbkcARiyZkg,Homayoun Shajarian,2021-06-28T05:30:08Z,10,fa,fa-IR,PT4M10S,hd,True,True,6253706,21588.0,1325.0,public,True,False,250,needs_review,music_category_and_licensed_but_no_release_pattern,official_artist,trusted,top20_manual_audit_2026-07-10; confidence=high,trusted_needs_content_review,trusted_source_but_v2_content_ambiguous
1,همایون شجریان,classic_fusion,16,3q-9WbBAztc,اتفاقی عجیب! هیس صداتو بیار پایین، رفتار زشت با طرفدار همایون شجریان…,UCIoXa9CZoDHPao2qnfGU5mg,honarnewsofficial,2025-03-17T18:30:03Z,همایون شجریان,pending_review,,اتفاقی عجیب! هیس صداتو بیار پایین، رفتار زشت با طرفدار همایون شجریان…,"قسمت دوم
برخورد بد با طرفدار همایون شجریان ، هیس صداتو بیار پایین….
#حاشیه 
#حواشی 
#سلبریتی_ها 
#حواشی_بازیگران 
#خواننده",UCIoXa9CZoDHPao2qnfGU5mg,honarnewsofficial,2025-03-17T18:30:03Z,24,fa,,PT16S,hd,False,True,59888,220.0,34.0,public,True,False,16,likely_non_release,too_short_under_90_seconds,media_or_news,excluded,top20_manual_audit_2026-07-10; confidence=high,likely_non_release,excluded_source_registry
1,همایون شجریان,classic_fusion,17,B4OdwUmjuHg,واکنش خارجی ها به آهنگ صنما از همایون شجریان,UCUR0IBUfM1puV2qa-3m7FWQ,farsiReact,2022-05-02T16:21:17Z,همایون شجریان,pending_review,,واکنش خارجی ها به آهنگ صنما از همایون شجریان,"اگر پسندیدید حتما لایک کنین❤👍

برای دیدن ویدیو های بیشتر سابسکرایب کنین",UCUR0IBUfM1puV2qa-3m7FWQ,farsiReact,2022-05-02T16:21:17Z,10,fa,,PT10M59S,hd,False,False,1147095,14263.0,1005.0,public,True,False,659,likely_non_release,non_release_title_pattern,reaction,excluded,top20_manual_audit_2026-07-10; confidence=high,likely_non_release,excluded_source_registry
1,همایون شجریان,classic_fusion,18,DtHwreZyIh4,Homayoun Shajarian - Khoob Shod (همایون شجریان و سهراب پورناظری - خوب شد),UCjibqVppvIlLK4lbXRsbhhw,Melodifa,2019-01-14T19:09:46Z,همایون شجریان,pending_review,,Homayoun Shajarian - Khoob Shod (همایون شجریان و سهراب پورناظری - خوب شد),"Homayoun Shajarian - Khoob shod  with lyrics on Melodifa
تصنیف خوب شد دردم دوا شد از آلبوم ایران من همایون شجریان را در کانال ملودیفا بشنوید و با لیریک فارسی ببینید.

#Shajarian #Homayoun #Melodifa
https://www.youtube.com/playlist?list=PLCcZ6mYwtCt6_Wb7yE0boEPq31gc5Akid

آواز: همایون شجریان
آهنگساز: سهراب پورناظری
ترانه : اهورا ایمان بر اساس مضمونی از داستان زال و رودابه
آلبوم: ایران من
تاریخ انتشار: شهریور ۹۷

#Homayounshajarian
#Iraneman
#Melodifa

Homayoun Shajarian - hümayun şeceryan sings “khoob shod” . This Persian music is presented here with lyrics. This music is a love song in Persian classic music.

تصنیف خوب شد همایون شجریان یک آهنگ ایرانی عاشقانه است در آواز دشتی که ملودی آن کاملا فضای موسیقی دستگاهی ایرانی را دنبال می کند اما در تنظیم فضایی تلفیقی را می شنویم.


راه امشب میبرد سویت مرا
میکشد در بند گیسویت مرا
گاه لیلا گاه مجنون میکند
گرگ و میشِ چشم آهویت مرا
من تو را بر شانه هایم میکشم
یا تو میخوانی به گیسویت مرا
زخم ها زد راه بر جانم ولی
زخمِ عشق آورده تا کویت مرا
خوب شد دردم دوا شد خوب شد
دل به عشقت به عشقت مبتلا شد خوب شد
خوب شد دردم دوا شد خوب شد
دل به عشقت به عشقت مبتلا شد خوب شد
راه امشب میبرد سویت مرا
میکشد در بند گیسویت مرا
گاه لیلا گاه مجنون میکند
گرگ و میشِ چشم آهویت مرا
من تو را بر شانه هایم میکشم
یا تو میخوانی به گیسویت مرا
زخم ها زد راه بر جانم ولی
زخمِ عشق آورده تا کویت مرا
خوب شد دردم دوا شد خوب شد
دل به عشقت به عشقت مبتلا شد خوب شد
خوب شد دردم دوا شد خوب شد
دل به عشقت به عشقت مبتلا شد خوب شد


Homayoun Shajarian - hümayun şeceryan (Persian: همايون شجريان‎) (born 21 May 1975) is Persian classical music and Persian classical crossover vocalist, and a Tombak player. ""Hava-ye Geryeh"" is one of his most famous songs. He has one daughter, Yasmine Shajarian.

He was born in Tehran in a music-dedicated family. He is the son of Mohammad Reza Shajarian, the grand master vocalist of Persian traditional music.

همایون شجریان (۳۱ اردیبهشت ۱۳۵۴ تهران) خوانندهٔ موسیقی سنتی ایرانی و نوازندهٔ تنبک و کمانچه است. وی پسر محمدرضا شجریان و برادر مژگان شجریان و برادر زن پرویز مشکاتیان است

همایون شجریان در ۳۱ اردیبهشت ۱۳۵۴ در تهران در خانواده‌ای سرشار از موسیقی متولد شد. وی فرزند محمدرضا شجریان است و از کودکی علاقه به موسیقی و ریتم در او نمایان بود تا آن که با تشخیص پدر نزد ناصر فرهنگ‌فر به فراگیری تکنیک و شناخت ریتم که اساس موسیقی است پرداخت و چند سالی هم آموختن را نزد جمشید محبی ادامه داد. از ده‌سالگی به همراه خواهرانش نزد پدر آواز را شروع کرد و در دوران بلوغ روزانه تکنیک آواز و صداسازی را به‌صورت فشرده فراگرفت. در همان زمان به هنرستان موسیقی رفت و کمانچه را به عنوان ساز تخصصی خود انتخاب کرد و در خارج از هنرستان به ادامهٔ فراگیری آن نزد اردشیر کامکار و آشنایی با تار و سنتور به صورت گوشی پرداخت.


آلبوم ایران من به عنوان جدیدترین اثر همایون شجریان و سهراب پورناظری یکی از بهترین آلبومهای موسیقی سنتی در سال ۹۷ بوده و باعث تحسین بسیاری از منتقدین موسیقی سنتی شده است
https://www.youtube.com/watch?v=u2WtwKd5laU",UCjibqVppvIlLK4lbXRsbhhw,Melodifa,2019-01-14T19:09:46Z,22,fa,fa,PT4M30S,hd,True,True,4661135,22279.0,1334.0,public,True,False,270,needs_review,insufficient_evidence,trusted_music_platform,trusted,top20_manual_audit_2026-07-10; confidence=medium_high,trusted_needs_content_review,trusted_source_but_v2_content_ambiguous
1,همایون شجریان,classic_fusion,19,6-NFaAgW0CE,Homayoun Shajarian - 5 Love Songs ( عاشقانه ها از همایون شجریان ),UCmBIX3tItWTCmbkcARiyZkg,Homayoun Shajarian,2025-03-18T13:29:37Z,همایون شجریان,pending_review,,Homayoun Shajarian - 5 Love Songs ( عاشقانه ها از همایون شجریان ),"Subscribe For More Videos :
https://www.youtube.com/c/HomayounShajarianChannel

Tracklist:

00:00 - Homayoun Shajarian - Havaye Geryeh ( همایون شجریان - هوای گریه )
07:15 - Homayoun Shajarian - Khoob Shod ( همایون شجریان - خوب شد )
11:42 - Homayoun Shajarian - Koli ( همایون شجریان -کولی )
17:00 - Homayoun Shajarian - Havaye Zemzemehayat ( همایون شجریان - هوای زمزمه هایت )
21:51 - Homayoun Shajarian - Ey Yare Man Ey Yare Man ( همایون شجریان  - ای یار من ای یار من )",UCmBIX3tItWTCmbkcARiyZkg,Homayoun Shajarian,2025-03-18T13:29:37Z,10,fa,en-US,PT27M6S,hd,False,True,97276,1511.0,124.0,public,True,False,1626,likely_non_release,too_long_over_15_minutes,official_artist,trusted,top20_manual_audit_2026-07-10; confidence=high,trusted_non_release_signal,trusted_source_but_v2_non_release_signal
1,همایون شجریان,classic_fusion,20,FgJhzDxnA9o,Homayoun Shajarian - Ba Man Sanama (همایون شجریان - با من صنما - آرایش غلیظ),UCjibqVppvIlLK4lbXRsbhhw,Melodifa,2021-02-10T15:30:03Z,همایون شجریان,pending_review,,Homayoun Shajarian - Ba Man Sanama (همایون شجریان - با من صنما - آرایش غلیظ),"Homayoun Shajarian - Ba Man Sanama  now on melodifa.
همایون شجریان - با من صنما- آرایش غلیظ رو در کانال ملودیفا ببینید و بشنوید


#homayoun #BaManSanama  #melodifa

متن آهنگ با من صنما- آرایش غلیظ همایون شجریان:
با من صنما دل یک دله کن
گر سر ننهم آنگه گله کن
 با من صنما دل یک دله کن  
ای مطرب دل زآن نغمه ی خوش 
این مغز مرا پرمشغله کن
ای مطرب دل زآن نغمه ی خوش
این مغز مرا پرمشغله کن


Homayoun Shajarian (Persian: همايون شجريان‎) (born 21 May 1975) is a Persian classical music and Persian classical crossover vocalist, and a Tombak player. ""Hava-ye Geryeh"" is one of his most famous songs. He has one daughter, Yasmine Shajarian.

He was born in Tehran in a music-dedicated family. He is the son of Mohammad Reza Shajarian, the grand master vocalist of Persian traditional music.

همایون شجریان (۳۱ اردیبهشت ۱۳۵۴ تهران) خوانندهٔ موسیقی سنتی ایرانی و نوازندهٔ تنبک و کمانچه است. وی پسر محمدرضا شجریان و برادر مژگان شجریان و برادر زن پرویز مشکاتیان است

همایون شجریان در ۳۱ اردیبهشت ۱۳۵۴ در تهران در خانواده‌ای سرشار از موسیقی متولد شد. وی فرزند محمدرضا شجریان است و از کودکی علاقه به موسیقی و ریتم در او نمایان بود تا آن که با تشخیص پدر نزد ناصر فرهنگ‌فر به فراگیری تکنیک و شناخت ریتم که اساس موسیقی است پرداخت و چند سالی هم آموختن را نزد جمشید محبی ادامه داد. از ده‌سالگی به همراه خواهرانش نزد پدر آواز را شروع کرد و در دوران بلوغ روزانه تکنیک آواز و صداسازی را به‌صورت فشرده فراگرفت. در همان زمان به هنرستان موسیقی رفت و کمانچه را به عنوان ساز تخصصی خود انتخاب کرد و در خارج از هنرستان به ادامهٔ فراگیری آن نزد اردشیر کامکار و آشنایی با تار و سنتور به صورت گوشی پرداخت.

او از سال ۱۳۷۰ به‌همراه محمدرضا شجریان در کنسرت‌های آمریکا، اروپا و ایران (با تنبک) همراهی کرد و از ۱۳۷۸ به بعد در صحنهٔ کنسرت‌ها به هم‌خوانی با پدرش پرداخت. اولین اثر با حضور او یاد ایام نام دارد که در آن اثر همایون شجریان تنبک نوازی را بر عهده داشته‌است. همایون شجریان کنسرت‌های بسیاری را با بزرگان موسیقی اجرا کرده و آثار زیادی را به همراه آنان در ایران و جهان منتشر کرده‌است که می‌توان به آلبوم کنسرت‌های «بی تو بسر نمی‌شود» و «فریاد» اشاره کرد که هردو اثر در سال‌های ۲۰۰۳ و ۲۰۰۵ نامزد دریافت جایزه گرمی شدند


#ملودیفا
#همایون_شجریان",UCjibqVppvIlLK4lbXRsbhhw,Melodifa,2021-02-10T15:30:03Z,10,fa,fa,PT2M31S,hd,False,True,613547,5406.0,411.0,public,True,False,151,needs_review,music_category_and_licensed_but_no_release_pattern,trusted_music_platform,trusted,top20_manual_audit_2026-07-10; confidence=medium_high,trusted_needs_content_review,trusted_source_but_v2_content_ambiguous
1,همایون شجریان,classic_fusion,21,UAuuh3c4Jyc,Homayoun Shajarian - Gholab  (همایون شجریان و سهراب پورناظری - تصنیف قلاب),UCjibqVppvIlLK4lbXRsbhhw,Melodifa,2019-01-14T18:52:29Z,همایون شجریان,pending_review,,Homayoun Shajarian - Gholab  (همایون شجریان و سهراب پورناظری - تصنیف قلاب),"Homayoun Shajarian - Gholab
تصنیف قلاب از آلبوم ایران من همایون شجریان را در کانال ملودیفا بشنوید و با لیریک فارسی ببینید

#Shajarian #Melodifa #Gholab
https://www.youtube.com/playlist?list=PLCcZ6mYwtCt6_Wb7yE0boEPq31gc5Akid

آواز: همایون شجریان
آهنگساز: سهراب پورناظری
ترانه بر اساس شعری از سعدی
آلبوم: ایران من
تاریخ انتشار: شهریور ۹۷

#Homayounshajarian
#iraneman
#melodifa

Homayoun Shajarian (hümayun şeceryan) sings Gholab, a poem from Saadi on a music created by Sohrab Pournazeri. In this persian music, homayoun presents Gholab, a story of love and distance. The Iranian music is created by persian instruments.

همایون شجریان در این تصنیف که آهنگساز آن سهراب پورناظری است شاهکاری از موسیقی ایرانی را عرضه می کند.
ز اندازه بیرون تشنه ام ساقی بیار آن آب را
اول مرا سیراب کن، وانگه بده اصحاب را
سعدی چو جورش میبری نزدیک او دیگر مرو. 
من میروم ای بی بصر؟ او می کشد قلاب را

Homayoun Shajarian - Gholab 
همایون شجریان - تصنیف قلاب
از آلبوم ایران من همایون شجریان وسهراب پورناظری

او می کشد قلاب را
او می کشد قلاب را
او می کشد قلاب را

ز اندازه بیرون تشنه ام ساقی بیار آن آب را
اول مرا سیراب کن وآن گه بده اصحاب را
من نیز چشم از خواب خوش بر می نکردم پیش از این
روز فراق دوستان شب خوش بگفتم خواب را
من نیز چشم از خواب خوش بر می نکردم پیش از این
روز فراق دوستان شب خوش
شب خوش
شب خوش بگفتم خواب را
مقدار یار همنفس چون من نداند هیچ کس
مقدار یار همنفس چون من نداند هیچ کس
ماهی که بر خشک اوفتد قیمت بداند آب را
سعدی چو جورش می بری نزدیک او دیگر مرو
سعدی چو جورش می بری نزدیک او دیگر مرو
ای بی بصر من می روم؟
ای بی بصر من می روم؟
او می کشد قلاب را
(او می کشد قلاب را)
او می کشد قلاب را
(او می کشد قلاب را)
او می کشد قلاب را
(او می کشد قلاب را)
او می کشد قلاب را

برای مشاهده آلبوم ایران من میتوانید بر لینک زیر کلیک کنید :
https://www.youtube.com/watch?v=u2WtwKd5laU

Homayoun Shajarian (Persian: همايون شجريان‎) (born 21 May 1975) is a Persian classical music and Persian classical crossover vocalist, and a Tombak player. ""Hava-ye Geryeh"" is one of his most famous songs. He has one daughter, Yasmine Shajarian. He was born in Tehran in a music-dedicated family. He is the son of Mohammad Reza Shajarian, the grand master vocalist of Persian traditional music.

همایون شجریان (۳۱ اردیبهشت ۱۳۵۴ تهران) خوانندهٔ موسیقی سنتی ایرانی و نوازندهٔ تنبک و کمانچه است. وی پسر محمدرضا شجریان و برادر مژگان شجریان و برادر زن پرویز مشکاتیان است

همایون شجریان در ۳۱ اردیبهشت ۱۳۵۴ در تهران در خانواده‌ای سرشار از موسیقی متولد شد. وی فرزند محمدرضا شجریان است و از کودکی علاقه به موسیقی و ریتم در او نمایان بود تا آن که با تشخیص پدر نزد ناصر فرهنگ‌فر به فراگیری تکنیک و شناخت ریتم که اساس موسیقی است پرداخت و چند سالی هم آموختن را نزد جمشید محبی ادامه داد. از ده‌سالگی به همراه خواهرانش نزد پدر آواز را شروع کرد و در دوران بلوغ روزانه تکنیک آواز و صداسازی را به‌صورت فشرده فراگرفت. در همان زمان به هنرستان موسیقی رفت و کمانچه را به عنوان ساز تخصصی خود انتخاب کرد و در خارج از هنرستان به ادامهٔ فراگیری آن نزد اردشیر کامکار و آشنایی با تار و سنتور به صورت گوشی پرداخت.

او از سال ۱۳۷۰ به‌همراه محمدرضا شجریان در کنسرت‌های آمریکا، اروپا و ایران (با تنبک) همراهی کرد و از ۱۳۷۸ به بعد در صحنهٔ کنسرت‌ها به هم‌خوانی با پدرش پرداخت. اولین اثر با حضور او یاد ایام نام دارد که در آن اثر همایون شجریان تنبک نوازی را بر عهده داشته‌است. همایون شجریان کنسرت‌های بسیاری را با بزرگان موسیقی اجرا کرده و آثار زیادی را به همراه آنان در ایران و جهان منتشر کرده‌است که می‌توان به آلبوم کنسرت‌های «بی تو بسر نمی‌شود» و «فریاد» اشاره کرد که هردو اثر در سال‌های ۲۰۰۳ و ۲۰۰۵ نامزد دریافت جایزه گرمی شدند

آلبوم ایران من بعنوان جدیدترین اثر همایون شجریان و سهراب پورناظری یکی از بهترین آلبومهای موسیقی سنتی در سال ۹۷ بوده و باعث تحسین بسیاری از منتقدین موسیقی سنتی شده است

حرکت اخیر و تحسین برانگیز همایون شجریان و همخوانی با تکتم، خواننده گروه سرود آوای همدم در موسسه خیریه توانبخشی همدم که ۴۰۰ دختر کم‌توان ذهنی را تحت پوشش داردبار دیگر نشان داد که همایون شجریان در ایران یک خواننده و هنرمند واقعا مردمی محسوب میشود",UCjibqVppvIlLK4lbXRsbhhw,Melodifa,2019-01-14T18:52:29Z,22,fa,fa,PT7M25S,hd,True,True,3157280,20058.0,1528.0,public,True,False,445,needs_review,insufficient_evidence,trusted_music_platform,trusted,top20_manual_audit_2026-07-10; confidence=medium_high,trusted_needs_content_review,trusted_source_but_v2_content_ambiguous
1,همایون شجریان,classic_fusion,22,Cs0uWFNy4Tw,Homayoun Shajarian - Abr Mibarad (همایون شجریان - ابر میبارد),UCX7iFtn4OnJYNLXyKQsnHGg,MELODIFA CLASSIC,2021-03-10T16:00:12Z,همایون شجریان,pending_review,,Homayoun Shajarian - Abr Mibarad (همایون شجریان - ابر میبارد),"Homayoun Shajarian - Abr Mibarad with lyrics now on melodifa.
همایون شجریان - ابر میبارد رو همراه با متن ترانه در کانال ملودیفا ببینید و بشنوید


#homayoun #AbrMibarad  #melodifa

متن آهنگ ابر میبارد همایون شجریان:
ابر می بارد و من میشوم از یار جدا
چون کنم دل به چنین روز ز دلدار جدا
ابر و باران و من و یار ستاده به وداع
من جدا گریه کنان ، ابر جدا ، یار جدا ای
مرا در سر هر موی به زلفت بندی
مرا در سر هر موی به زلفت بندی
چه کنی بند ز بندم همه یکبار جدا
همه یکبار جدا
دیده از بهر تو خونبار شد ، ای مَردمِ چشم
دیده از بهر تو خونبار شد ، ای مَردمِ چشم
مردمی کن ، مشو از




Homayoun Shajarian (Persian: همايون شجريان‎) (born 21 May 1975) is a Persian classical music and Persian classical crossover vocalist, and a Tombak player. ""Hava-ye Geryeh"" is one of his most famous songs. He has one daughter, Yasmine Shajarian.

He was born in Tehran in a music-dedicated family. He is the son of Mohammad Reza Shajarian, the grand master vocalist of Persian traditional music.

همایون شجریان (۳۱ اردیبهشت ۱۳۵۴ تهران) خوانندهٔ موسیقی سنتی ایرانی و نوازندهٔ تنبک و کمانچه است. وی پسر محمدرضا شجریان و برادر مژگان شجریان و برادر زن پرویز مشکاتیان است

همایون شجریان در ۳۱ اردیبهشت ۱۳۵۴ در تهران در خانواده‌ای سرشار از موسیقی متولد شد. وی فرزند محمدرضا شجریان است و از کودکی علاقه به موسیقی و ریتم در او نمایان بود تا آن که با تشخیص پدر نزد ناصر فرهنگ‌فر به فراگیری تکنیک و شناخت ریتم که اساس موسیقی است پرداخت و چند سالی هم آموختن را نزد جمشید محبی ادامه داد. از ده‌سالگی به همراه خواهرانش نزد پدر آواز را شروع کرد و در دوران بلوغ روزانه تکنیک آواز و صداسازی را به‌صورت فشرده فراگرفت. در همان زمان به هنرستان موسیقی رفت و کمانچه را به عنوان ساز تخصصی خود انتخاب کرد و در خارج از هنرستان به ادامهٔ فراگیری آن نزد اردشیر کامکار و آشنایی با تار و سنتور به صورت گوشی پرداخت.

او از سال ۱۳۷۰ به‌همراه محمدرضا شجریان در کنسرت‌های آمریکا، اروپا و ایران (با تنبک) همراهی کرد و از ۱۳۷۸ به بعد در صحنهٔ کنسرت‌ها به هم‌خوانی با پدرش پرداخت. اولین اثر با حضور او یاد ایام نام دارد که در آن اثر همایون شجریان تنبک نوازی را بر عهده داشته‌است. همایون شجریان کنسرت‌های بسیاری را با بزرگان موسیقی اجرا کرده و آثار زیادی را به همراه آنان در ایران و جهان منتشر کرده‌است که می‌توان به آلبوم کنسرت‌های «بی تو بسر نمی‌شود» و «فریاد» اشاره کرد که هردو اثر در سال‌های ۲۰۰۳ و ۲۰۰۵ نامزد دریافت جایزه گرمی شدند


#ملودیفا
#همایون_شجریان",UCX7iFtn4OnJYNLXyKQsnHGg,MELODIFA CLASSIC,2021-03-10T16:00:12Z,10,fa,fa-IR,PT4M2S,hd,False,True,923048,5211.0,347.0,public,True,False,242,needs_review,music_category_and_licensed_but_no_release_pattern,trusted_music_platform,trusted,sources_21_40_manual_audit_2026-07-10; confidence=high,trusted_needs_content_review,trusted_source_but_v2_content_ambiguous
1,همایون شجریان,classic_fusion,23,0_UiKVdOBpE,"Hooman Khalatbari and  Simorq Orchestra,  Homayoun Shajarian.  همایون شجریان  اجرای ارکستر سیمرغ",UC9eV0XXaHkTvPYh0oIAvbfQ,simorq farhang,2012-03-08T10:47:33Z,همایون شجریان,pending_review,,"Hooman Khalatbari and  Simorq Orchestra,  Homayoun Shajarian.  همایون شجریان  اجرای ارکستر سیمرغ","https://soundcloud.com/simorqmusic/vanoushe
Hooman Khalatbari And Simorq Orhestra, Homayoun Shajarian .
اجرای پرقدرت ارکسترو کر سیمرغ به رهبری هومن خلعتبری ، آواز  همایون شجریان ، نوای نی پاشا هنجنی و صدای  سایه سدیفی
کنسرت سیمرغ : اثری از حمید متبسم  آواز همایون شجریان و رهبری هومن خلعتبری بر اشعاری از شاهنامه فردوسی
unday 2 Oct. 2011
Composer: Hamid Motebassem 
Vocal: Homayoun Shajarian
Conductor: Hooman Khalatbari
Ney (Bamboos Flute): PASHA HANJANI (Soloist)
Kamancheh І (bowed spike Violin): SINA JAHANABADI (Soloist)
SINA ALAM, MOSLEM ALIPOUR
Kamancheh П: ALIREZA DARYAEI, BEHNOOSH BEHNAMNIA
Gheizhak Alto (bowed Violin: REZA ABAEE, SHIMA SHAHMOHAMMADI
SAMANEH BAROOTI
Gheizhak Bass:  BITA GHASEMI, Mahdi Basirat
Santur (Dulcimer): POUYA SARAI (Soloist)
Tar І (Long-necked lute): POUYAN BIGLAR (Soloist), PADIDEH AHRAR NEJAD, POUYAN BIGLAR, Ramin Azimian 
Tar П: CIAVASH BORHANI, SAHAR SAKHAEI, MILAD ALIPOUR, Pejman Zahedian,
Barbat (Short-necked lute): ALI PAJOOHESHGAR (Soloist), MARJAN RAVANDI, MASOUD ABEDINI
Bam-Tar (Bass Long-necked lute): AVA AYOUBI, JALAL AMIRPOORSAEID,
TARGOL KHALIGHI
Choir soprano: SAYEH SODIFI (Soloist), GELAREH VAZIRIZADEH, SAEEDEH GHAZI
Choir Tenor: MAZYAR YOUNESI, NIMA KHADEMLOU, MAHYAR TAHMASBI
Percussion: SINA KHOSHKBIJARI, AFSHIN BABAEI, MAJID VATANIAN

آهنگساز :حمید متبسم
تکخوان: همایون شجریان
رهبر ارکستر: هومن خلعتبری hooman khalatbari
نی: پاشا هنجنی (تکنواز)
کمانچه І : سینا جهان آبادی (تکنواز)، سینا علم، مسلم علی پور
کمانچه П :  علیرضا دریائی، بهنوش بهنام نیا
قیژک آلتو: رضا آبائی، شیما شاه محمدی، سمانه باروتی
,مهدی بصیرت   ، بیتا قاسمی  قیژک بم:
سنتور: پویا سرایی (تکنواز)
تار І :  (، پدیده احرارنژاد، پویان بیگلر
تار П : سیاوش برهانی، سحر سخائی، میلاد علی پور
بربت: علی پژوهشگر (تکنواز)، مرجان راوندی، مسعود عابدینی
، پژمان زاهدیان  بمتار: آوا ایوبی، جلال امیرپورسعید، ترگل خلیقی
کر سوپرانو: سایه سدیفی (تکخوان)، گلاره وزیری زاده، سعیده قاضی
کر تنور: مازیار یونسی، نیما خادم لو، مهیار طهماسبی
ساز های کوبه ای: سینا خشک بیجاری، افشین بابائی، مجید وطنیان


http://www.simorq.org",UC9eV0XXaHkTvPYh0oIAvbfQ,simorq farhang,2012-03-08T10:47:33Z,10,fa,,PT25M20S,sd,False,False,1634546,,,public,True,False,1520,likely_non_release,too_long_over_15_minutes,artist_owned,pending_review,sources_41_60_manual_audit_2026-07-10; confidence=medium,needs_source_review,pending_source_registry
1,همایون شجریان,classic_fusion,24,xgc6AG3-HIc,کنسرت همایون شجریان در دبی ۲۲ شهریور ۱۴۰۴ #همایون_شجریان #موسیقی #شجریان,UC7zsmnc17R-LSTV4Dl5sN2w,Homayounshajarian fans,2025-09-14T03:05:39Z,همایون شجریان,pending_review,,کنسرت همایون شجریان در دبی ۲۲ شهریور ۱۴۰۴ #همایون_شجریان #موسیقی #شجریان,,UC7zsmnc17R-LSTV4Dl5sN2w,Homayounshajarian fans,2025-09-14T03:05:39Z,22,fa,,PT22S,hd,False,False,82899,1202.0,56.0,public,True,False,22,likely_non_release,too_short_under_90_seconds,fan_or_reupload,excluded,sources_41_60_manual_audit_2026-07-10; confidence=high,likely_non_release,excluded_source_registry
1,همایون شجریان,classic_fusion,25,bU_EG56sMHU,کنسرت همایون شجریان و انوشیروان روحانی - با تیر مژگان میزنی Full HD,UC2zgju7z2H0g9qRmftG_1iA,Sam Gh,2024-01-14T18:10:31Z,همایون شجریان,pending_review,,کنسرت همایون شجریان و انوشیروان روحانی - با تیر مژگان میزنی Full HD,Homayoun Sharjarian and Anoushirvan Rouhani - Ba Tire Mozhgan Mizani (Live),UC2zgju7z2H0g9qRmftG_1iA,Sam Gh,2024-01-14T18:10:31Z,22,fa,fa-IR,PT4M35S,hd,True,False,403794,2584.0,159.0,public,True,False,275,likely_non_release,non_release_title_pattern,third_party_music,excluded,sources_41_60_manual_audit_2026-07-10; confidence=medium,likely_non_release,excluded_source_registry
2,علیرضا قربانی,classic_fusion,2,pTxdcjGYVuU,Alireza Ghorbani - Parishani | علیرضا قربانی - پریشانی,UCregxQqAisNcggQriK9f3Qw,Alireza Ghorbani,2023-06-07T15:07:32Z,علیرضا قربانی,pending_review,,Alireza Ghorbani - Parishani | علیرضا قربانی - پریشانی,"موزیک ویدیو «پریشانی» با صدای «علیرضا قربانی»

موسیقی: حسام ناصری
ترانه: احمد امیرخلیلی
میکس و مستر: آرش پاکزاد
با حمایت: رایان کارت
کارگردان ویدیو: سینا پاکدل
ناشر: آهنگ اشتیاق و شهر آفتاب
گرافیک: محمد یعقوبخانی
عکس: محمدرضا دهداری 
تهیه کننده: محسن خباز 

این آهنگ برای اولین بار در تور کنسرت های علیرضا قربانی در شهرهای مختلف ایران اجرا شد و بازخورد و استقبال بی نظیر مخاطبان را به دنبال داشت و اکنون برای اولین بار نسخه اصلی اجرای کنسرتی آن منتشر می شود. کنسرت های علیرضا قربانی به زودی در کاخ سعدآباد تهران برگزار می شود.",UCregxQqAisNcggQriK9f3Qw,Alireza Ghorbani,2023-06-07T15:07:32Z,10,fa,fa-IR,PT5M15S,hd,False,False,2349608,10873.0,814.0,public,True,False,315,needs_review,insufficient_evidence,official_artist,trusted,top20_manual_audit_2026-07-10; confidence=high,trusted_needs_content_review,trusted_source_but_v2_content_ambiguous
2,علیرضا قربانی,classic_fusion,3,KSZvwbbFa5g,Alireza Ghorbani - Parvaze Ghooha علیرضا قربانی - آهنگ پرواز قوها تیتراژ سریال تاسیان,UCregxQqAisNcggQriK9f3Qw,Alireza Ghorbani,2025-03-24T11:40:51Z,علیرضا قربانی,pending_review,,Alireza Ghorbani - Parvaze Ghooha علیرضا قربانی - آهنگ پرواز قوها تیتراژ سریال تاسیان,"آهنگ پرواز قوها تیتراژ سریال تاسیان با صدای علیرضا قربانی منتشر شد 

علیرضا قربانی تیتراژ سریال تاسیان را اجرا کرد. آهنگ پرواز قوها با صدای علیرضا قربانی تیتراژ سریال تاسیان به کارگردانی تینا پاکروان است که هر هفته پخش می شود.
آهنگ پرواز قوها با صدای علیرضا قربانی و آهنگسازی علیرضا افکاری و شعر حسین غیاثی تولید شده است.

آهنگ پرواز قوها
خواننده: علیرضا قربانی
آهنگساز: علیرضا افکاری
شاعر: حسین غیاثی
تیتراژ سریال تاسیان
پخش از فیلیمو

Alireza Ghorbani
Parvaze Ghooha
Music: Alireza Afkari
Lyrics: Hossein Ghiasi

متن شعر آهنگ پرواز قوها تیتراژ سریال تاسیان با صدای علیرضا قربانی:

من اون شهر دورم که دریا نداره
که بی تو غروبم  تماشا نداره

من اون شهر دورم پر از جای خالی
پر از آرزوی یه جشن خیالی

چه قدر فکر کردم به دلبستگی هام 
به یه خواب راحت واسه خستگی هام

با یه بالشِ پَر ، پُر از آرزوها
چقدر فکر کردم به پرواز قوها

خدا رو چه دیدی، شاید پر گرفتیم
شاید خنده هامونو از سر گرفتیم

نگو چی گذشت و نگو چی کشیدیم
شاید شب تموم شد، خدارو چه دیدی

خدا رو چه دیدی، شاید جون گرفتم
شاید دستتو زیر بارون گرفتم 
 
تو شاید دوباره به دادم رسیدی 
شاید خنده برگشت، خدا رو چه دیدی

من اون شهر دورم که بغضش شکسته
که دلتنگی، راه نفس هاشو بسته 

خیابون خیابون، پر از انتظارم 
تو نیستیو راهی به جایی ندارم 

چقدر غم شمردیم،چقدر دل سپردیم 
پریدیم و هر بار به دیوار خوردیم

خوشی دورمون زد، بلا دورمون گشت 
غمامو بغل کن، شاید خنده برگشت

خدا رو چه دیدی، شاید پر گرفتیم
شاید خنده هامونو از سر گرفتیم

نگو چی گذشت و نگو چی کشیدیم
شاید شب تموم شد، خدارو چه دیدی

خدا رو چه دیدی، شاید جون گرفتم
شاید دستتو زیر بارون گرفتم
 
تو شاید دوباره به دادم رسیدی 
شاید خنده برگشت، خدا رو چه دیدی",UCregxQqAisNcggQriK9f3Qw,Alireza Ghorbani,2025-03-24T11:40:51Z,10,fa,fa-IR,PT3M31S,hd,False,False,2001796,7719.0,640.0,public,True,False,211,needs_review,insufficient_evidence,official_artist,trusted,top20_manual_audit_2026-07-10; confidence=high,trusted_needs_content_review,trusted_source_but_v2_content_ambiguous
2,علیرضا قربانی,classic_fusion,4,IJ8AZe63GY4,صدای آسمانی استاد علیرضا قربانی در ترانه روزگار غریب,UCIsP6PqqS0IJ4tQroGs39dA,Iranian Diaspora | خانه ایرانیان خارج از کشور 🌍,2022-07-27T06:32:45Z,علیرضا قربانی,pending_review,,صدای آسمانی استاد علیرضا قربانی در ترانه روزگار غریب,"کنسرت استاد علیرضا قربانی  - ترانه روزگار غریب - بخوان مرا تو ای امید رفته از یاد

چه می‌کنه این موسیقی ایرانی با روح و روان انسان

پیشنهاد می کنم این #کلیپ رو که درباره استاد #علیرضا_قربانی و #موسیقی هست هم تماشا کنید:

https://youtu.be/E4t6Dj6fzgA

نمانده در دلم دگر توان دوری چه سود از این سکوت و آه از این صبوری

تو ای طلوع آرزوی خفته در باد بخوان مرا تو ای امید رفته از یاد

نمانده در دلم دگر توان دوری چه سود از این سکوت و آه از این صنمانده در دلم دگر توان دوری چه سود از این سکوت و آه از این صبوری

تو ای طلوع آرزوی خفته در باد بخوان مرا تو ای امید رفته از یاد

نمانده در دلم دگر توان دوری چه سود از این سکوت و آه از این صبوری

تو ای طلوع آرزوی خفته در باد بخوان مرا تو ای امید رفته از یاد

تو ای طلوع آرزوی خفته در باد بخوان مرا تو ای امید رفته از یاد

#عشق

نمانده در دلم دگر توان دوری چه سود از این سکوت و آه از این صبوری


تو ای طلوع آرزوی خفته در باد بخوان مرا تو ای امید رفته از یاد

روزگار غریب علیرضا قربانی",UCIsP6PqqS0IJ4tQroGs39dA,Iranian Diaspora | خانه ایرانیان خارج از کشور 🌍,2022-07-27T06:32:45Z,24,fa-IR,fa,PT2M43S,hd,False,False,320897,3080.0,350.0,public,True,False,163,needs_review,insufficient_evidence,media_or_news,excluded,sources_61_80_manual_audit_2026-07-10; confidence=high,likely_non_release,excluded_source_registry
2,علیرضا قربانی,classic_fusion,5,vIj9W9yVy5s,Alireza Ghorbani Top 5 - میکس بهترین آهنگ های علیرضا قربانی,UCCn_0vWsa35jSTRNlX15hzQ,TPM - Top Persian Music,2023-06-05T17:30:10Z,علیرضا قربانی,pending_review,,Alireza Ghorbani Top 5 - میکس بهترین آهنگ های علیرضا قربانی,"مجموعه ای از موسیقی های سنتی و نوستالژیک علیرضا قربانی، از من عاشق چشمت شدم تیتراژ‌ سریال مدار صفر درجه تا حریق خزان و ....

Alireza Ghorbani Top 5 - میکس بهترین آهنگ های علیرضا قربانی

آهنگ هایی که در این میکس ایرانی می‌شنوید : 

00:00 - Arghavan - ارغوان
05:13 - Man Asheghe Cheshmat Shodam - من عاشق چشمات شدم
08:58 - Raftamo Bare Safar Bastam - رفتم و بار سفر بستم
14:43 - Tasnife Jelveye Gol - تصنیف جلوه گل
23:15 - Tasnife Soogvarane Khamoosh - تصنیف سوگواران خاموش

------------------------------------------------------------------------

برای شنیدن بهترین آهنگ های علیرضا قربانی حتما به لینک زیر برین :

https://www.youtube.com/playlist?list=PLlVABjnN0Zp8ZjnZLim6JZcgsI__Yncg_

------------------------------------------------------------------------

#Alireza_Ghorbani
#علیرضا_قربانی
#Top_Persian_Music
#میکس_آهنگ_شاد
#میکس_شاد_ایرانی
#Ahang_Shad
#Remix_Shad
#ریمیکس_آهنگهای_شاد
#Ahang_Irani
#Irani_Shad
#TPM
#Persian_Music 
#میکس_فارسی_شاد",UCCn_0vWsa35jSTRNlX15hzQ,TPM - Top Persian Music,2023-06-05T17:30:10Z,10,fa,fa-IR,PT27M37S,hd,False,True,282196,1936.0,118.0,public,True,False,1657,likely_non_release,too_long_over_15_minutes,trusted_music_platform,trusted,top20_manual_audit_2026-07-10; confidence=high,trusted_non_release_signal,trusted_source_but_v2_non_release_signal
2,علیرضا قربانی,classic_fusion,6,WnlAW0Ba1Gk,صدایی میان شعر و تقدیر؛ گفت‌وگوی اختصاصی با استاد علیرضا قربانی | بخش اول,UClXh_eGGA6q5qQ5QBhjLTFw,idehistaofficial,2025-05-18T16:15:27Z,علیرضا قربانی,pending_review,,صدایی میان شعر و تقدیر؛ گفت‌وگوی اختصاصی با استاد علیرضا قربانی | بخش اول,"در این گفت‌وگوی اختصاصی با ایستا مگنت، علیرضا قربانی—خواننده‌ی برجسته‌ی موسیقی ایرانی—از مسیر هنری، دغدغه‌های اجتماعی، و نگاه شخصی‌اش به صدا و زمانه می‌گوید.

در بخش نخست این مصاحبه می‌شنوید:
– پشت‌پرده‌ی برخی انتخاب‌ها و مسیرهای هنری
– تأملاتی درباره‌ی سکوت، تأثیر و رسالت موسیقی
– نگاه او به ارتباط با مخاطب و تجربه‌ی کنسرت‌ها
– و روایت‌هایی کمتر گفته‌شده از زندگی شخصی و حرفه‌ای

این گفت‌وگو در فضایی صمیمی، تأمل‌برانگیز و با کیفیت تصویری و محتوایی بالا تهیه شده و بخشی‌ست از پروژه‌ی «ایده ایستا» برای ثبت گفت‌وگو با هنرمندان جریان‌ساز معاصر.

📌 در بخش دیدگاه‌ها بنویسید:
کدام بخش گفت‌وگو برایتان الهام‌بخش یا متفاوت بود؟

🎬 برای تماشای قسمت‌های آینده، کانال را دنبال کنید و زنگ 🔔 را فعال کنید.

#علیرضا_قربانی #ایستا_مگنت #ایده_ایستا #ایستا_مگنت #مصاحبه #موسیقی_ایرانی #شعر_فارسی #فرهنگ #هنر #کنسرت #AlirezaGhorbani #PersianMusic #IranianSinger",UClXh_eGGA6q5qQ5QBhjLTFw,idehistaofficial,2025-05-18T16:15:27Z,24,fa,,PT57M47S,hd,False,False,10794,250.0,71.0,public,True,False,3467,likely_non_release,too_long_over_15_minutes,media_or_news,excluded,sources_61_80_manual_audit_2026-07-10; confidence=high,likely_non_release,excluded_source_registry
2,علیرضا قربانی,classic_fusion,7,u5g5JeGq3kM,Mara Bebakhsh | مرا ببخش,UCregxQqAisNcggQriK9f3Qw,Alireza Ghorbani,2023-08-23T17:17:37Z,علیرضا قربانی,pending_review,,Mara Bebakhsh | مرا ببخش,"مرا ببخش، تقدیم به شما عزیزان
نسخه‌های بی‌کیفیتی از این قطعه پیش از این در شبکه‌های اجتماعی دست به دست شده بود. بنابر این تصمیم گرفتیم تا برای احترام به شما عزیزان نسخه اصلی و باکیفیت را نهایی و همراه با ویدیو کلیپ آن خدمتتان تقدیم کنیم. امیدواریم این قطعه عاشقانه در این روزهای پرتلاطم کمی آرامش برایتان به ارمغان داشته باشد.
این قطعه و ویدیو هم اکنون در تمام پلت‌فرم‌های معتبر موسیقی در دسترس است.

مرا ببخش
خواننده: علیرضا قربانی 
آهنگساز: حسام ناصری
شاعر: حسین غیاثی
کارگردان: وحید امینی
بازیگران: 
محسن کیایی
سارا توکلی
گیتار : نوید زمردی
ویلنسل : مسعود فیروزی
خواننده سوپرانو : نگین گودرزی
پیانو : حسام ناصری

میکس و مسترینگ : آرش پاکزاد

طراحی کاور: محمد یعقوب خانی
تهیه کننده: محسن خباز

حامی مالی: مگاگشت

#alirezaghorbani",UCregxQqAisNcggQriK9f3Qw,Alireza Ghorbani,2023-08-23T17:17:37Z,10,fa,fa-IR,PT6M19S,hd,False,False,2941830,13066.0,1015.0,public,True,False,379,needs_review,insufficient_evidence,official_artist,trusted,top20_manual_audit_2026-07-10; confidence=high,trusted_needs_content_review,trusted_source_but_v2_content_ambiguous
2,علیرضا قربانی,classic_fusion,8,3c7DOo5V1rE,هزار و یک شب با صدای علیرضا قربانی و سحر بروجردی,UCkpVRmYsrxg4I8SsTQA2CkA,Masoud Masoumi,2025-12-20T22:40:14Z,علیرضا قربانی,pending_review,,هزار و یک شب با صدای علیرضا قربانی و سحر بروجردی,"آهنگ تیتراژ سریال هزار و یک شب با صدای علیرضا قربانی و سحر بروجردی
آهنگساز: سهراب پورناظری
ترانه: حسین غیاثی
تنظیم : آرش سلامیه، سیامند محمدی
#علیرضاقربانی #هزار_و_یک_شب #سحر_محمدی",UCkpVRmYsrxg4I8SsTQA2CkA,Masoud Masoumi,2025-12-20T22:40:14Z,10,fa,,PT3M33S,hd,False,True,63335,862.0,50.0,public,True,False,213,needs_review,music_category_and_licensed_but_no_release_pattern,third_party_music,pending_review,sources_21_40_manual_audit_2026-07-10; confidence=medium,needs_source_review,pending_source_registry
2,علیرضا قربانی,classic_fusion,9,TAN1TqtdRpE,کنسرت علیرضا قربانی، آمده ام تو به داد دلم برسی... Alireza Ghorbani,UCPXz0-xxF-CpeygWBdyG8dg,Semi Journey,2024-05-23T14:20:41Z,علیرضا قربانی,pending_review,,کنسرت علیرضا قربانی، آمده ام تو به داد دلم برسی... Alireza Ghorbani,هتل اسپیناس پالاس، تهران، فروردین ۱۴۰۳ (2024),UCPXz0-xxF-CpeygWBdyG8dg,Semi Journey,2024-05-23T14:20:41Z,22,fa,,PT3M53S,hd,False,False,20304,227.0,11.0,public,True,False,233,likely_non_release,non_release_title_pattern,entertainment,excluded,sources_61_80_manual_audit_2026-07-10; confidence=high,likely_non_release,excluded_source_registry
2,علیرضا قربانی,classic_fusion,10,29oAkPxzg-Y,اجرای زنده و باشکوه &quot;من عاشق چشمت شدم&quot;، علیرضا قربانی، Alireza Ghorbani  Vancouver Opera Orchestra,UC9PxiuAlnUmaAhe52mYeXeQ,Mohammad Fazlali,2019-05-04T11:40:24Z,علیرضا قربانی,pending_review,,"اجرای زنده و باشکوه ""من عاشق چشمت شدم""، علیرضا قربانی، Alireza Ghorbani  Vancouver Opera Orchestra","©Copyright.  all rights reserved

اجرای قطعه ""من عاشق چشمت شدم"" در کنسرت ناگهان رستخیز در ونکوور - ۲۰ ژانویه ۲۰۱۹ در سالن ارفیوم
ٱهنگساز: فردین خلعتبری 
خواننده: علیرضا قربانی 
شعر: افشین یداللهی
رهبر ارکستر: لسلی دالا
ارکستر سمفونیک اپرای ونکوور و گروه کر باخ ونکوور  

طراح، تهیه کننده و برگزار کننده کنسرت: محمد فضلعلی 

Man Asheghe Chashmat Shodam
Composer: Fardin Khalatbari
Vocalist: Alireza Ghorbani
Lyrics: Afshin Yadollahi
Conductor: Leslie Dala
Vancouver Opera Orchestra
Vancouver Bach choir 

Producer & Creative Director: 
Mohammad Fazlali

Performed at Resurrection Concert
January 20, 2019
Orpheum Theatre - Vancouver

وقتی گریبان عدم با دست خلقت می درید
وقتی ابد چشم تو را پیش از ازل می آفرید
وقتی زمین ناز تو را در آسمانها می کشید
وقتی عطش طعم تو را با اشکهایم می چشید
من عاشق چشمت شدم ، نه عقل بود و نه دلی
چیزی نمیدانم از این دیوانگی و عاقلی
یک آن شد این عاشق شدن دنیا همان یک لحظه بود
آندم که چشمانت مرا از عمق چشمانم ربود
وقتی که من عاشق شدم شیطان به نامم سجده کرد
آدم زمینی تر شد و عالم به آدم سجده کرد
من بودم و چشمان تو ، نه آتشی و نه گِلی
چیزی نمیدانم از این دیوانگی و عاقلی
من عاشق چشمت شدم شاید کمی هم بیشتر
چیــزی در آن‌سوی یقین شاید کمی هم کیش تر
آغاز و ختم ماجرا لمس تماشای تو بود
دیگر فقط تصویر من در مردمکهای تو بود",UC9PxiuAlnUmaAhe52mYeXeQ,Mohammad Fazlali,2019-05-04T11:40:24Z,27,fa,,PT4M58S,hd,False,False,1399061,10825.0,839.0,public,True,False,298,needs_review,review_title_pattern_live_or_unplugged,third_party_music,pending_review,sources_21_40_manual_audit_2026-07-10; confidence=medium,needs_source_review,pending_source_registry
2,علیرضا قربانی,classic_fusion,11,KuBjxYjWt58,Alireza Ghorbani &amp; Mohsen Chavoshi (Mashup) - ترکیب علیرضا قربانی و محسن چاوشی,UC6J32FcpsyYA_JGxrEHPbBQ,Alireza Yazdani,2025-02-14T11:53:47Z,علیرضا قربانی,pending_review,,Alireza Ghorbani & Mohsen Chavoshi (Mashup) - ترکیب علیرضا قربانی و محسن چاوشی,"Alireza Ghorbani & Mohsen Chavoshi (Mashup) #mohsenchavoshi #alirezaghorbani

ترکیب علیرضا قربانی و محسن چاوشی

Traks Name : 
Hanooz Eshghe To & Dooset Dashtam

Remix By : Alireza Yazdani",UC6J32FcpsyYA_JGxrEHPbBQ,Alireza Yazdani,2025-02-14T11:53:47Z,10,fa,fa-IR,PT4M59S,hd,False,False,850682,7487.0,457.0,public,True,False,299,likely_non_release,non_release_title_pattern,remix_channel,excluded,top20_manual_audit_2026-07-10; confidence=high,likely_non_release,excluded_source_registry
2,علیرضا قربانی,classic_fusion,12,n_ZKTif5tTY,Chera Chera ( Nadan Nadan ) - Alim Qasimov &amp; Alireza Ghorbani,UCregxQqAisNcggQriK9f3Qw,Alireza Ghorbani,2022-02-14T15:25:18Z,علیرضا قربانی,pending_review,,Chera Chera ( Nadan Nadan ) - Alim Qasimov & Alireza Ghorbani,"18th International Mystic Music Festival 
30 September 2021 - Konya, Turkey

Poem : Molana Jalaledin ( Mevlana - Rumi )

Azerbaijan Singer : Alim Qasimov
Iranian Singer : Alireza Ghorbani

Musicians
Hesam Naseri : Moshtagh & Composer
Rauf Islamov : Kamanche
Saman Samimi : Kamanche
Milad Mohammadi : Tar
Pouya Saraei : Santour
Dara Daraee : Bass Guitar 
Zakariya Yousefi : Saf & Bendir
Shayan Riyahi : Percussion 

Arash Pakzad : Audio Mix & Mastering

Publisher : AERECORDS.NET

علیرضا قربانی در ادامه تور جهانی کنسرت‌هایش این بار در دبی روی صحنه می‌رود

سالن باشکوه اپرا دبی - هجدهم خرداد (هفتم جون)

خرید بلیت از سایت:

www.dubaiopera.com

@alireza_ghorbani",UCregxQqAisNcggQriK9f3Qw,Alireza Ghorbani,2022-02-14T15:25:18Z,10,fa,fa-IR,PT5M27S,hd,False,True,3051824,32092.0,2989.0,public,True,False,327,needs_review,music_category_and_licensed_but_no_release_pattern,official_artist,trusted,top20_manual_audit_2026-07-10; confidence=high,trusted_needs_content_review,trusted_source_but_v2_content_ambiguous
2,علیرضا قربانی,classic_fusion,13,BbcM0tM0GC0,علیرضا قربانی و عالیم قاسمف,UCg-gC2zxNjttTUiPMSuBydA,musics 212,2022-02-14T19:31:25Z,علیرضا قربانی,pending_review,,علیرضا قربانی و عالیم قاسمف,,UCg-gC2zxNjttTUiPMSuBydA,musics 212,2022-02-14T19:31:25Z,22,fa,,PT5M27S,sd,False,False,36266,594.0,0.0,public,True,True,327,needs_review,insufficient_evidence,third_party_music,pending_review,sources_61_80_manual_audit_2026-07-10; confidence=low,needs_source_review,pending_source_registry
2,علیرضا قربانی,classic_fusion,14,EZijFtVqz_4,Alireza Ghorbani - Savushun علیرضا قربانی - تیتراژ سریال سو و شون,UCregxQqAisNcggQriK9f3Qw,Alireza Ghorbani,2025-07-25T04:49:03Z,علیرضا قربانی,pending_review,,Alireza Ghorbani - Savushun علیرضا قربانی - تیتراژ سریال سو و شون,"آهنگ تیتراژ سریال سو و شون با صدای علیرضا قربانی

Alireza Ghorbani - Savushushun

Music: Alireza Afkari

آهنگ تیتراژ سریال سو و شون با صدای علیرضا قربانی و آهنگسازی علیرضا افکاری و شعر محمد سلمانی منتشر شد

ناشر: آهنگ اشتیاق و شهرآفتاب
پخش سریال: نماوا
گرافیک و موشن ویدیو: محمد یعقوبخانی

آهنگ سووشون با صدای علیرضا قربانی هر هفته در قالب تیتراژ سریالی به همین نام شنیده خواهد شد. آهنگ جدید علیرضا قربانی به نام سووشون تازه ترین اثر این خواننده سرشناس است.

متن ترانه آهنگ سووشون با صدای علیرضا قربانی:

مرا به سنگ ببند و به آب‌ها بسپار
هوایی ام کن و دستِ حباب‌ها بسپار
مرا به دردِ زمین خوردن آفریده خدا
ببر، مرا به بزرگِ شهاب‌ها بسپار

کلاغ‌ها پیِ تسخیرِ آشیانِ من‌اند
مرا به قلعه‌ی امنِ عقاب‌ها بسپار
کسی بپرسد اگر ""حصر"" و ""قصر"" یعنی چه؟
بگیر عکسِ مرا و به قاب‌ها بسپار

من آن کبوترِ صلحم، مرا ز سر وا کن
به دستِ تلخ‌ترین انتخاب‌ها بسپار
مرا که آتشِ سودابه‌ها حریفم نیست
به شرطِ صلح، به افراسیاب‌ها بسپار

شراب، رمزِ شبِ چهره‌ ارغوانی‌هاست
بگو شراب و به عالی‌جناب‌ها بسپار
پُر از بهانه‌ام امشب، بگیر گوش مرا
به لالای دل‌انگیزِ خواب‌ها بسپار

من آن کبوترِ صلحم، مرا ز سر وا کن
ولی به دستِ تلخ‌ترین انتخاب‌ها بسپار
مرا که آتشِ سودابه‌ها حریفم نیست
به شرطِ صلح، به افراسیاب‌ها بسپار",UCregxQqAisNcggQriK9f3Qw,Alireza Ghorbani,2025-07-25T04:49:03Z,10,fa,fa-IR,PT4M34S,hd,False,False,218630,1320.0,173.0,public,True,False,274,needs_review,insufficient_evidence,official_artist,trusted,top20_manual_audit_2026-07-10; confidence=high,trusted_needs_content_review,trusted_source_but_v2_content_ambiguous
2,علیرضا قربانی,classic_fusion,15,0yojz7LcBfs,من اون شهر دورم ..علیرضاقربانی👍👌❤️‍🔥,UC4za7IvgFZguD8o-nS9LnaQ,Shahram Afshin,2025-06-04T07:07:38Z,علیرضا قربانی,pending_review,,من اون شهر دورم ..علیرضاقربانی👍👌❤️‍🔥,,UC4za7IvgFZguD8o-nS9LnaQ,Shahram Afshin,2025-06-04T07:07:38Z,22,fa,,PT44S,hd,False,False,44570,899.0,40.0,public,True,False,44,likely_non_release,too_short_under_90_seconds,third_party_music,excluded,sources_41_60_manual_audit_2026-07-10; confidence=medium,likely_non_release,excluded_source_registry
2,علیرضا قربانی,classic_fusion,16,VLiQGtaeM0Q,Alireza Ghorbani - Roozhaye Bi Gharar Clip کلیپ  آهنگ روزهای بی قرار با صدای علیرضا قربانی,UCregxQqAisNcggQriK9f3Qw,Alireza Ghorbani,2025-04-16T09:20:27Z,علیرضا قربانی,pending_review,,Alireza Ghorbani - Roozhaye Bi Gharar Clip کلیپ  آهنگ روزهای بی قرار با صدای علیرضا قربانی,"کلیپ آهنگ روزهای بی قرار با صدای علیرضا قربانی

Alireza Ghorbani - Roozhaye Bi Gharar

آهنگ روزهای بی قرار با صدای علیرضا قربانی یکی از آهنگ های محبوب علیرضا قربانی است که چندی پیش منتشر شده بود. 

روزهای بی قرار 
علیرضا قربانی
موسیقی: حسام ناصری
شاعر: حسین غیاثی

متن ترانه روزهای بی قرار با صدای علیرضا قربانی:

ای داغ از قلب پریشانم چه میخواهی ای جای زخم کهنه از جانم چه میخواهی
دریاچه ای خشکیده در آغوش خود دارم باران سرخ از ابر چشمانم چه میخواهی
ای وای از این ای وای از این از دست دادن ها ای مرگ از جان رفیقانم چه میخواهی
آرامشم کو خنده ام کو اعتمادم کو بی هیچم و دیگر نمیدانم چه میخواهی
ما ما وارثان دردهای بی شماریم ما گریه های چشم های انتظاریم
ما ما سرزمینی دور و تنها در غباریم ما چیزی به غیر از غم به غیر از هم نداریم
ما حسرت یک خنده ی دنباله داریم ما خسته از این روزهای بی قراریم
دنیا بگو غم بیشتر از این نخواهد ماند دنیای بی رویای ما غمگین نخواهد ماند
چیزی بگو آرام کن آشفتگی ها را در سینه ها این بغض سر‌سنگین نخواهد ماند
ای چرخ بازیگر بگو بالانشینان را جای من و ما تا ابد پایین نخواهد ماند
فریاد این غم خانه خاموشی نخواهد داشت فرهاد این افسانه بی شیرین نخواهد ماند
فرهاد این افسانه بی شیرین نخواهد ماند ...
ما ما وارثان دردهای بی شماریم ما گریه های چشم های انتظاریم
ما ما سرزمینی دور و تنها در غباریم ما چیزی به غیر از غم به غیر از هم نداریم
ما حسرت یک خنده ی دنباله داریم ما خسته از این روزهای بی قراریم",UCregxQqAisNcggQriK9f3Qw,Alireza Ghorbani,2025-04-16T09:20:27Z,10,fa,fa-IR,PT5M,hd,False,False,141517,1981.0,182.0,public,True,False,300,needs_review,insufficient_evidence,official_artist,trusted,top20_manual_audit_2026-07-10; confidence=high,trusted_needs_content_review,trusted_source_but_v2_content_ambiguous
2,علیرضا قربانی,classic_fusion,17,8_fXOF1v0iQ,Alireza Ghorbani - Khiale Khosh | علیرضا قربانی - موزیک ویدیو خیال خوش,UCyGYNC7IQWWmyb_4h8OxElg,Raharecords - رهارکورد,2020-07-19T15:36:35Z,علیرضا قربانی,pending_review,,Alireza Ghorbani - Khiale Khosh | علیرضا قربانی - موزیک ویدیو خیال خوش,"Subscribe for more videos: https://www.youtube.com/Raharecords?sub_confirmation=1

 Alireza Ghorbani - Khiale Khosh | علیرضا قربانی - موزیک ویدیو خیال خوش

Alireza Afkari - Avay-e Maad 

موسیقی: علیرضا افکاری
شعر: حسین غیاثی
(ضبط: استودیو تم( مازیار مرتاضیه
کمانچه: شروین مهاجر
تار: میلاد محمدی
میکس و مستر: آرش پاکزاد
تدوین ویدیو: محمد واحد
مشاور رسانه: وحید لشکری

متن  آهنگ خیال خوش علیرضا قربانی

تو آه منی اشتباه منی چگونه هنوز از تو میگویم
تو همسفر نیمه راه منی چگونه هنوز از تو میگویم

پناه منی تکیه گاه منی که زمزمه ات مانده در گوشم
گناه منی بی گناه منی که بار غمت مانده بر دوشم

بهانه ی من بغض خانه ی من گرفته دلم گریه میخواهم
خیال خوش عاشقانه ی من همیشه تویی آخرین راهم

بهانه ی من بغض خانه ی من گرفته دلم گریه میخواهم
خیال خوش عاشقانه ی من همیشه تویی آخرین راهم

صدای توام پا به پای توام تو میبری ام رو به خاموشی
غریبه ترین آشنای توام که میکُشدم این فراموشی

تمام منی نا تمام منی چه بغضی بدی در گلو دارم
بیا و بگو فکر حال منی ببین که هنوز آرزو دارم

بهانه ی من بغض خانه ی من گرفته دلم گریه میخواهم
خیال خوش عاشقانه ی من همیشه تویی آخرین راهم

بهانه ی من بغض خانه ی من گرفته دلم گریه میخواهم
خیال خوش عاشقانه ی من همیشه تویی آخرین راهم .
We have fully licensed this video and have the right to publish it on YouTube.",UCyGYNC7IQWWmyb_4h8OxElg,Raharecords - رهارکورد,2020-07-19T15:36:35Z,10,fa,fa,PT3M33S,hd,False,True,1191761,4606.0,205.0,public,True,False,213,needs_review,music_category_and_licensed_but_no_release_pattern,label_or_distributor,trusted,sources_41_60_manual_audit_2026-07-10; confidence=high,trusted_needs_content_review,trusted_source_but_v2_content_ambiguous
2,علیرضا قربانی,classic_fusion,18,Z1w-3xSQZc8,Alireza Ghorbani Top 3 سه قطعه برترعلیرضا قربانی با پریشانی و مرا ببخش و در زلف تو آویزم,UCregxQqAisNcggQriK9f3Qw,Alireza Ghorbani,2024-03-26T09:26:49Z,علیرضا قربانی,pending_review,,Alireza Ghorbani Top 3 سه قطعه برترعلیرضا قربانی با پریشانی و مرا ببخش و در زلف تو آویزم,"منتخب سه قطعه برتر علیرضا قربانی (قسمت اول):
مروری بر قطعات پریشانی، مرا ببخش و در زلف تو آویزم 

اولین ویدیو از مرور آثار برگزیده علیرضا قربانی به سه قطعه شاخص این هنرمند در سال 1402 اختصاص دارد که هر سه با موسیقی حسام ناصری تهیه و تولید شده بود و در کنسرت های علیرضا قربانی هم با استقبال زیاد مخاطبان مواجه شد. پریشانی و مرا ببخش و در زلف تو آویزم با صدای علیرضا قربانی در میان محبوب ترین آثار این خواننده هم قرار گرفتند. 

Alireza Ghorbani Top 3

Parishani
Mara Bebakhsh
Dar Zolfe To Avizam",UCregxQqAisNcggQriK9f3Qw,Alireza Ghorbani,2024-03-26T09:26:49Z,10,fa,fa-IR,PT13M23S,hd,False,False,405735,2790.0,216.0,public,True,False,803,likely_non_release,non_release_title_pattern,official_artist,trusted,top20_manual_audit_2026-07-10; confidence=high,trusted_non_release_signal,trusted_source_but_v2_non_release_signal
2,علیرضا قربانی,classic_fusion,19,hQCnAVXjHWE,Alireza Ghorbani - Gisooye Baran علیرضا قربانی - گیسوی باران,UCregxQqAisNcggQriK9f3Qw,Alireza Ghorbani,2025-10-30T08:20:00Z,علیرضا قربانی,pending_review,,Alireza Ghorbani - Gisooye Baran علیرضا قربانی - گیسوی باران,"آهنگ گیسوی باران با صدای علیرضا قربانی

Alireza Ghorbani - Gisooye Baran

آهنگ جدید علیرضا قربانی به نام گیسوی باران منتشر شد. علیرضا قربانی آهنگ گیسوی باران را برای دانلود و شنیدن در تمامی پلتفرم های معتبر موسیقی ایران و جهان منتشر کرده است. 

گیسوی باران
علیرضا قربانی
آهنگساز: علیرضا فکاری
تنظیم: حسام ناصری
شاعر: امیرعلی سلیمانی
میکس و مستر: آرش پاکزاد
دستیار آهنگساز: محمد رجبیان
ناشر: آهنگ اشتیاق و شهرآفتاب
گرافیک: محمد یعقوبخانی
مدیر تبلیغات: وحید لشکری

Gisooye Baran
Alireza Ghorbani
Music: Alireza Afkari
Arrangement: Hesam Naseri
Lyrics: Ahange Eshtiagh & Shahre Aftab
Graphic: Mohammad Yaghoubkhani

متن ترانه گیسوی باران با صدای علیرضا قربانی:

تویی تنها ولی زیبا
منم تنها ولی عاشق
در این باران تاریکی تویی تنها شب روشن 
تو تنها چاره ام بودی میان بی قراری ها
تو تنها دلخوشی بودی برای زندگی کردن

کنار تو جهان کوچکم لبریز زیباییست
بدون تو ولی مانند هر پاییز غمگینم، غمگینم
نپرس اینکه چرا دور از تو من هر روز می میرم
برای امتحان دوری تو مرگ، تمرین است، تمرین است

شباهت های ما باران که می بارد تماشاییست
که تو گیسوی تر داری و من چشمان تر دارم 
فراموشم نکن حتی اگر دوری یا نزدیکی
من از دلتنگی فردای تو امشب خبر دارم 

کنار تو جهان کوچکم لبریز زیباییست
بدون تو ولی مانند هر پاییز غمگینم، غمگینم
نپرس اینکه چرا دور از تو من هر روز می میرم
برای امتحان دوری تو مرگ، تمرین است، تمرین است",UCregxQqAisNcggQriK9f3Qw,Alireza Ghorbani,2025-10-30T08:20:00Z,10,fa,fa-IR,PT3M35S,hd,False,False,314519,2760.0,391.0,public,True,False,215,needs_review,insufficient_evidence,official_artist,trusted,top20_manual_audit_2026-07-10; confidence=high,trusted_needs_content_review,trusted_source_but_v2_content_ambiguous
2,علیرضا قربانی,classic_fusion,20,r0IxmDEhHgM,اجرای زنده اهنگ مرا ببخش توسط علیرضا قربانی در کنسرت تهران#آهنگ #فیلم #کنسرت #موسیقی #علیرضا_قربانی,UCoZSdMt8rbbMIWhtTglKbgQ,seyed amirhossien fallahasl,2025-05-06T10:01:25Z,علیرضا قربانی,pending_review,,اجرای زنده اهنگ مرا ببخش توسط علیرضا قربانی در کنسرت تهران#آهنگ #فیلم #کنسرت #موسیقی #علیرضا_قربانی,اجرای زنده اهنگ مرا ببخش توسط علیرضا قربانی در کنسرت تهران#آهنگ #فیلم #کنسرت #موسیقی #علیرضا_قربانی,UCoZSdMt8rbbMIWhtTglKbgQ,seyed amirhossien fallahasl,2025-05-06T10:01:25Z,1,fa,,PT2M33S,hd,False,False,64301,2254.0,118.0,public,True,False,153,likely_non_release,non_release_title_pattern,concert_channel,excluded,sources_81_91_manual_audit_2026-07-10; confidence=high,likely_non_release,excluded_source_registry
2,علیرضا قربانی,classic_fusion,21,e5FQ6ZrTzG0,ببینید علیرضا قربانی در کنسرت رشت صدایش گرفت، اما ترانه قطع نشد,UCHZk9MrT3DGWmVqdsj5y0EA,BBC Persian,2023-05-17T15:55:32Z,علیرضا قربانی,pending_review,,ببینید علیرضا قربانی در کنسرت رشت صدایش گرفت، اما ترانه قطع نشد,"ویدیویی از اجرای اخیر #علیرضا_قربانی در جریان کنسرت‌هایش در #رشت واکنش‌برانگیز شده است. 

او در جریان خواندن ترانه «خیال خوش» صدایش گرفت و نتوانست بخواند اما حاضران در سالن با حرارت به جایش ادامه دادند که با واکنش احساسی او روبرو شد.",UCHZk9MrT3DGWmVqdsj5y0EA,BBC Persian,2023-05-17T15:55:32Z,24,fa,en,PT1M34S,hd,False,True,81603,836.0,95.0,public,True,False,94,likely_non_release,non_release_title_pattern,media_or_news,excluded,sources_21_40_manual_audit_2026-07-10; confidence=high,likely_non_release,excluded_source_registry
2,علیرضا قربانی,classic_fusion,22,Sd4QvJXv1Lc,علیرضا قربانی - رسوای زمانه - Alireza Ghorbani - Rosvaye Zamaneh,UCU5NicMWNILYk1nbxJkCzsA,Faranak99,2012-12-21T09:59:26Z,علیرضا قربانی,pending_review,,علیرضا قربانی - رسوای زمانه - Alireza Ghorbani - Rosvaye Zamaneh,"نی حدیث راه پر خون می کند
قصه های عشق مجنون می کند
در غم ما روزها ، بی گاه شد
روزها با سوزها همراه شد
روزها گر رفت ، گو رو ، باک نیست
تو بمان ، تو بمان ، ای آن که چون تو پاک نیست
تو بمان ، ای آن که چون تو پاک نیست

شمع و پروانه منم ، مست می خانه منم
رسوای زمانه منم ، دیوانه منم
رسوای زمانه منم ، دیوانه منم

یار پیمانه منم ، از خود بیگانه منم
رسوای زمانه منم ، دیوانه منم
رسوای زمانه منم ، دیوانه منم

چون باد صبا در به درم ، با عشق و جنون هم سفرم
شمع شب بی سحرم ، از خود نبود خبرم
رسوای زمانه منم ، دیوانه منم
رسوای زمانه منم ، دیوانه منم

تو ای خدای من ، شنو نوای من
زمین و آسمان تو ، می لرزد به زیر پای من
مه و ستارگان تو ، می سوزد به ناله های من
رسوای زمانه منم ، دیوانه منم
رسوای زمانه منم ، دیوانه منم

وای از این شیدا ، دل من
مست و بی پروا ، دل من
مجنون هر صحرا ، دل من
رسوا دل من ، رسوا دل من

لاله ی تنها ، دل من
داغ حسرت ها ، دل من
سرمایه ی سودا ، دل من
رسوا دل من ، رسوا دل من

خاک سر پروانه منم ، خون دل پیمانه منم
چون شور ترانه تویی ، چون آه شبانه منم
رسوای زمانه منم ، دیوانه منم
رسوای زمانه منم ، دیوانه منم

ترانه سرا : مولوی ، بهادر یگانه
 آهنگ ساز : همایون خرم",UCU5NicMWNILYk1nbxJkCzsA,Faranak99,2012-12-21T09:59:26Z,10,fa,,PT8M16S,sd,False,False,4942724,15603.0,1248.0,public,True,False,496,needs_review,insufficient_evidence,third_party_music,pending_review,sources_61_80_manual_audit_2026-07-10; confidence=medium,needs_source_review,pending_source_registry
2,علیرضا قربانی,classic_fusion,23,9e0CNWSqDC4,"امشب در سر شوری دارم-  علیرضا قربانی، شهرداد روحانی   Ghorbani,  Rohani , Roshan Ravan, Khorram",UC9PxiuAlnUmaAhe52mYeXeQ,Mohammad Fazlali,2021-03-03T19:33:37Z,علیرضا قربانی,pending_review,,"امشب در سر شوری دارم-  علیرضا قربانی، شهرداد روحانی   Ghorbani,  Rohani , Roshan Ravan, Khorram","اوج ٱسمان ( امشب در سر شوری دارم)
ٱهنگساز: همایون خرم
تنظیم: کامبیز روشن روان
خواننده: علیرضا قربانی
شعر : کریم فکور 
رهبر ارکستر: شهرداد روحانی 
ارکستر سمفونیک اپرای ونکوور 
اجرا در کنسرت  شب موسیقی ایرانی ( همه ایرانم)
سالن کویین الیزابت - ونکوور، کانادا
ششم ژانویه ۲۰۱۸
طراح و تهیه کننده: محمد فضلعلی 

Oje Aseman
Composer: Homayoun Khorram
Arrangement : Kambiz Roshan Ravan
Vocalist: Alireza Ghorbani
Lyrics: Karim Fakour
Vancouver Opera Orcheastra 
Conducted by: Shardad Rohani
Performed at ""A Persian Night"" Concert 
Producer & Creative Director: Mohammad Fazlali 
Queen Elizabeth Theatre
January 06, 2018",UC9PxiuAlnUmaAhe52mYeXeQ,Mohammad Fazlali,2021-03-03T19:33:37Z,27,fa,en-US,PT6M51S,hd,False,False,3103480,23409.0,1188.0,public,True,False,411,needs_review,insufficient_evidence,third_party_music,pending_review,sources_21_40_manual_audit_2026-07-10; confidence=medium,needs_source_review,pending_source_registry
2,علیرضا قربانی,classic_fusion,24,shjoCUSf3og,The Strange Times,UC_xcDPW-ARj59n1qhYaLOqQ,Alireza Ghorbani - Topic,2020-08-09T10:06:53Z,علیرضا قربانی,pending_review,,The Strange Times,"Provided to YouTube by CDBaby

The Strange Times · Alireza Ghorbani · Hesam Naseri

Sing With Me

℗ 2020 Aerecords

Released on: 2020-08-10

Auto-generated by YouTube.",UC_xcDPW-ARj59n1qhYaLOqQ,Alireza Ghorbani - Topic,2020-08-09T10:06:53Z,10,en,,PT6M32S,hd,False,True,984469,6508.0,188.0,public,True,False,392,needs_review,music_category_and_licensed_but_no_release_pattern,topic,trusted,sources_21_40_manual_audit_2026-07-10; confidence=high,trusted_needs_content_review,trusted_source_but_v2_content_ambiguous
2,علیرضا قربانی,classic_fusion,25,gjyVz3M6xxU,علیرضا قربانی و گروه آهنگ اشتیاق در شانزدهمین فستیوال بین الملی قونیه - ۲۰۱۹,UCregxQqAisNcggQriK9f3Qw,Alireza Ghorbani,2021-04-03T05:00:13Z,علیرضا قربانی,pending_review,,علیرضا قربانی و گروه آهنگ اشتیاق در شانزدهمین فستیوال بین الملی قونیه - ۲۰۱۹,"16th Konya Mystic Music International Festival 
Sep, 25 2019 

Alireza Ghorbani & Ahang-e Eshtiagh Ensemble 
Composer, Kamanche and Setar: Saman Samimi
Santoor: Pouya Saraei 
Tar & Setar: Milad Mohammadi 
Percussions: Zakaria Yousefi

علیرضا قربانی و گروه آهنگ اشتیاق در شانزدهمین فستیوال بین الملی قونیه - ۲۰۱۹
همراهان نوا دوست، به مناسبت رونق گل و عطر شکوفه های بهاری، زیر سایه کلام مولانا، از امروز ۱۴ فروردین 
 ۲۰۱۹  ویدیوی اجرای کنسرت اینجانب و هنرمندان گرامی در شانزدهمین فستیوال بین الملی قونیه 
به مدت ۱۴ روز و در همین کانال در دسترس و تقدیم به شما عزیزان خواهد شد

It's a pleasure to invite you watching our recent performance at the Konya Mystic Festival 2019 
on my official Youtube channel. This video is already out and you could watch it for 14 days from today. 
Hope you'll enjoy it

Special thanks to Reza Mousavi for preparing and editing the video and Sahar Nayebi for designing the cover-art 

#علیرضا_قربانی
#alirezaghorbani
#آهنگ_اشتیاق
#Iranian #music #konya #international #festival #rumi #molana 
#world #music 
#موسیقی
#ایران
#حضرت_مولانا 
#مولوی",UCregxQqAisNcggQriK9f3Qw,Alireza Ghorbani,2021-04-03T05:00:13Z,10,fa,fa-IR,PT41M32S,hd,False,True,201698,2484.0,181.0,public,True,False,2492,likely_non_release,too_long_over_15_minutes,official_artist,trusted,top20_manual_audit_2026-07-10; confidence=high,trusted_non_release_signal,trusted_source_but_v2_non_release_signal
3,محسن چاووشی,pop,1,x05FVJcxzk4,Mohsen Chavoshi - Best Songs [PART 2] ( بهترین آهنگ های محسن چاوشی) (Lyric Video ),UCO7rnnjVkPeDutLWuROEzKw,MohsenChavoshiVEVO,2025-04-23T15:24:55Z,محسن چاووشی,pending_review,,Mohsen Chavoshi - Best Songs [PART 2] ( بهترین آهنگ های محسن چاوشی) (Lyric Video ),"Powered by: https://ng-network.com

Please take a moment and subscribe to NG Network official channel: https://bit.ly/NGNetworkMusic

Mohsen Chavoshi best songs:
https://bit.ly/MohsenChavoshiSongs

Best Persian Hits:
https://bit.ly/BestPersianHits

Get Connected With “Mohsen Chavoshi”

Audio Available on:
YouTube Music: https://bit.ly/Chavoshi_YouTubeMusic
Spotify: https://bit.ly/Chavoshi_Spotify
Apple Music: https://bit.ly/Chavoshi_AppleMusic

FOLLOW  NG Network👇
https://www.instagram.com/ng.networkco/

Please take a moment and share this video with your friends. Thank you",UCO7rnnjVkPeDutLWuROEzKw,MohsenChavoshiVEVO,2025-04-23T15:24:55Z,10,en,,PT59M31S,hd,False,True,915289,5534.0,386.0,public,True,False,3571,likely_non_release,too_long_over_15_minutes,vevo,trusted,top20_manual_audit_2026-07-10; confidence=high,trusted_non_release_signal,trusted_source_but_v2_non_release_signal
3,محسن چاووشی,pop,2,H_GGwkKa6mM,Mohsen Chavoshi - Ya Mola [ Lyric Video ] ( محسن چاوشی - یامولا ),UCO7rnnjVkPeDutLWuROEzKw,MohsenChavoshiVEVO,2026-01-04T13:30:16Z,محسن چاووشی,pending_review,,Mohsen Chavoshi - Ya Mola [ Lyric Video ] ( محسن چاوشی - یامولا ),"Powered by: https://ng-network.com

Please take a moment and subscribe to NG Network official channel: https://bit.ly/NGNetworkMusic

Mohsen Chavoshi best songs:
https://bit.ly/MohsenChavoshiSongs

Best Persian Hits:
https://bit.ly/BestPersianHits

Get Connected With “Mohsen Chavoshi”

Audio Available on:
YouTube Music: https://bit.ly/Chavoshi_YouTubeMusic
Spotify: https://bit.ly/Chavoshi_Spotify
Apple Music: https://bit.ly/Chavoshi_AppleMusic

FOLLOW  NG Network👇
https://www.instagram.com/ng.networkco/

Please take a moment and share this video with your friends. Thank you",UCO7rnnjVkPeDutLWuROEzKw,MohsenChavoshiVEVO,2026-01-04T13:30:16Z,10,en,,PT3M50S,hd,False,True,597009,5537.0,1321.0,public,True,False,230,likely_release,release_title_pattern | music_category | licensed_content,vevo,trusted,top20_manual_audit_2026-07-10; confidence=high,likely_release,v2_release_signal_and_trusted_source
3,محسن چاووشی,pop,3,JxwGTSxGCUM,Hasbi Allah,UCw5LO6ba1yNC3cps4Zu_1Hg,Mohsen Chavoshi - Topic,2026-03-14T11:43:26Z,محسن چاووشی,pending_review,,Hasbi Allah,"Provided to YouTube by NG Network

Hasbi Allah · Mohsen Chavoshi

Hasbi Allah

℗ Mohsen Chavoshi

Released on: 2026-03-14

Music Publisher: Copyright Control
Composer: Mohsen Chavoshi
Lyricist: Mehdi Abbasi

Auto-generated by YouTube.",UCw5LO6ba1yNC3cps4Zu_1Hg,Mohsen Chavoshi - Topic,2026-03-14T11:43:26Z,10,en,,PT4M28S,hd,False,True,430046,6951.0,1539.0,public,True,False,268,needs_review,music_category_and_licensed_but_no_release_pattern,topic,trusted,sources_41_60_manual_audit_2026-07-10; confidence=high,trusted_needs_content_review,trusted_source_but_v2_content_ambiguous
3,محسن چاووشی,pop,4,_38Wou0AVcs,Mohsen Chavoshi - Ajab Oumadi [ Official Video ] (محسن چاوشی - عجب اومدی ),UCO7rnnjVkPeDutLWuROEzKw,MohsenChavoshiVEVO,2025-12-15T19:10:06Z,محسن چاووشی,pending_review,,Mohsen Chavoshi - Ajab Oumadi [ Official Video ] (محسن چاوشی - عجب اومدی ),"Powered by: https://ng-network.com

Please take a moment and subscribe to NG Network official channel: https://bit.ly/NGNetworkMusic

Mohsen Chavoshi best songs:
https://bit.ly/MohsenChavoshiSongs

Best Persian Hits:
https://bit.ly/BestPersianHits

Get Connected With “Mohsen Chavoshi”

Audio Available on:
YouTube Music: https://bit.ly/Chavoshi_YouTubeMusic
Spotify: https://bit.ly/Chavoshi_Spotify
Apple Music: https://bit.ly/Chavoshi_AppleMusic

FOLLOW  NG Network👇
https://www.instagram.com/ng.networkco/

Please take a moment and share this video with your friends. Thank you",UCO7rnnjVkPeDutLWuROEzKw,MohsenChavoshiVEVO,2025-12-15T19:10:06Z,10,en,,PT4M34S,hd,False,True,1189319,8454.0,916.0,public,True,False,274,likely_release,release_title_pattern | music_category | licensed_content,vevo,trusted,top20_manual_audit_2026-07-10; confidence=high,likely_release,v2_release_signal_and_trusted_source
3,محسن چاووشی,pop,5,G2276gC50CM,ویدئوی «حسبی الله» محسن چاوشی ,UCaBf4RgTCzJIEnvOlNuxYKw,Sedkhareji | سدخارجی,2026-03-11T21:03:15Z,محسن چاووشی,pending_review,,ویدئوی «حسبی الله» محسن چاوشی ,,UCaBf4RgTCzJIEnvOlNuxYKw,Sedkhareji | سدخارجی,2026-03-11T21:03:15Z,1,fa,fa,PT4M28S,hd,False,False,90846,4991.0,1233.0,public,True,False,268,needs_review,insufficient_evidence,third_party_music,pending_review,sources_61_80_manual_audit_2026-07-10; confidence=medium,needs_source_review,pending_source_registry
3,محسن چاووشی,pop,6,GHXE50UFijM,Mohsen Chavoshi - Doset Dashtam [ Alternative Version ] محسن چاوشی - دوست داشتم,UCO7rnnjVkPeDutLWuROEzKw,MohsenChavoshiVEVO,2024-01-09T15:38:33Z,محسن چاووشی,pending_review,,Mohsen Chavoshi - Doset Dashtam [ Alternative Version ] محسن چاوشی - دوست داشتم,"Powered by: https://ng-network.com

Please take a moment and subscribe to NG Network official channel: https://bit.ly/NGNetworkMusic

Mohsen Chavoshi best songs:
https://bit.ly/MohsenChavoshiSongs

Best Persian Hits:
https://bit.ly/BestPersianHits

Get Connected With “Mohsen Chavoshi”

Audio Available on:
YouTube Music: https://bit.ly/Chavoshi_YouTubeMusic
Spotify: https://bit.ly/Chavoshi_Spotify
Apple Music: https://bit.ly/Chavoshi_AppleMusic

FOLLOW  NG Network👇
https://www.instagram.com/ng.networkco/

Please take a moment and share this video with your friends. Thank you",UCO7rnnjVkPeDutLWuROEzKw,MohsenChavoshiVEVO,2024-01-09T15:38:33Z,10,en,,PT4M5S,hd,False,True,2488988,10486.0,614.0,public,True,False,245,needs_review,music_category_and_licensed_but_no_release_pattern,vevo,trusted,top20_manual_audit_2026-07-10; confidence=high,trusted_needs_content_review,trusted_source_but_v2_content_ambiguous
3,محسن چاووشی,pop,7,KuBjxYjWt58,Alireza Ghorbani &amp; Mohsen Chavoshi (Mashup) - ترکیب علیرضا قربانی و محسن چاوشی,UC6J32FcpsyYA_JGxrEHPbBQ,Alireza Yazdani,2025-02-14T11:53:47Z,محسن چاووشی,pending_review,,Alireza Ghorbani & Mohsen Chavoshi (Mashup) - ترکیب علیرضا قربانی و محسن چاوشی,"Alireza Ghorbani & Mohsen Chavoshi (Mashup) #mohsenchavoshi #alirezaghorbani

ترکیب علیرضا قربانی و محسن چاوشی

Traks Name : 
Hanooz Eshghe To & Dooset Dashtam

Remix By : Alireza Yazdani",UC6J32FcpsyYA_JGxrEHPbBQ,Alireza Yazdani,2025-02-14T11:53:47Z,10,fa,fa-IR,PT4M59S,hd,False,False,850682,7487.0,457.0,public,True,False,299,likely_non_release,non_release_title_pattern,remix_channel,excluded,top20_manual_audit_2026-07-10; confidence=high,likely_non_release,excluded_source_registry
3,محسن چاووشی,pop,8,iX1tw6ozWO4,Mohsen Chavoshi - Bad Az To [Official Video] (محسن چاوشی - بعد از تو ),UCO7rnnjVkPeDutLWuROEzKw,MohsenChavoshiVEVO,2025-05-14T18:25:01Z,محسن چاووشی,pending_review,,Mohsen Chavoshi - Bad Az To [Official Video] (محسن چاوشی - بعد از تو ),"Powered by: https://ng-network.com

Please take a moment and subscribe to NG Network official channel: https://bit.ly/NGNetworkMusic

Mohsen Chavoshi best songs:
https://bit.ly/MohsenChavoshiSongs

Best Persian Hits:
https://bit.ly/BestPersianHits

Get Connected With “Mohsen Chavoshi”

Audio Available on:
YouTube Music: https://bit.ly/Chavoshi_YouTubeMusic
Spotify: https://bit.ly/Chavoshi_Spotify
Apple Music: https://bit.ly/Chavoshi_AppleMusic

FOLLOW  NG Network👇
https://www.instagram.com/ng.networkco/

Please take a moment and share this video with your friends. Thank you",UCO7rnnjVkPeDutLWuROEzKw,MohsenChavoshiVEVO,2025-05-14T18:25:01Z,10,en,,PT4M11S,sd,False,True,621328,3838.0,549.0,public,True,False,251,likely_release,release_title_pattern | music_category | licensed_content,vevo,trusted,top20_manual_audit_2026-07-10; confidence=high,likely_release,v2_release_signal_and_trusted_source
3,محسن چاووشی,pop,9,LGRg9gERUjU,Mohsen Chavoshi - Man Bayad Miraftam ( Official Video ),UCO7rnnjVkPeDutLWuROEzKw,MohsenChavoshiVEVO,2023-06-02T09:10:59Z,محسن چاووشی,pending_review,,Mohsen Chavoshi - Man Bayad Miraftam ( Official Video ),"Powered by: https://ng-network.com

Please take a moment and subscribe to NG Network official channel: https://bit.ly/NGNetworkMusic

Mohsen Chavoshi best songs:
https://bit.ly/MohsenChavoshiSongs

Best Persian Hits:
https://bit.ly/BestPersianHits

Get Connected With “Mohsen Chavoshi”

Audio Available on:
YouTube Music: https://bit.ly/Chavoshi_YouTubeMusic
Spotify: https://bit.ly/Chavoshi_Spotify
Apple Music: https://bit.ly/Chavoshi_AppleMusic

FOLLOW  NG Network👇
https://www.instagram.com/ng.networkco/

Please take a moment and share this video with your friends. Thank you",UCO7rnnjVkPeDutLWuROEzKw,MohsenChavoshiVEVO,2023-06-02T09:10:59Z,10,en,,PT3M44S,hd,False,True,17923489,47108.0,2607.0,public,True,False,224,likely_release,release_title_pattern | music_category | licensed_content,vevo,trusted,top20_manual_audit_2026-07-10; confidence=high,likely_release,v2_release_signal_and_trusted_source
3,محسن چاووشی,pop,10,gc_3dNm0fOU,Mohsen Chavoshi - Gandom Goon (Lyric Video),UCFnc_tL9if9l5As18rnAyGA,Mohsen Chavoshi,2022-06-07T16:50:35Z,محسن چاووشی,pending_review,,Mohsen Chavoshi - Gandom Goon (Lyric Video),"محسن چاووشی - گندمگون ( با شعر)

شاعر و آهنگساز : محسن چاوشی
تنظیم کننده : اشکان عرب 
گیتار باس : مجید برومند
گیتار آکوستیک : بهروز میرزایی 
دودوک : امیرحسین کیانپور 
کاخن : اشکان پور فرخی
میکس و مستر : مهدی کریمی

وقتی می خندیدی گریه های خشکم 
زود می خشکیدن با تو می خندیدن 

وقتی قلب نابت و سخت می رنجوندم 
چشمای معصومت منو می بخشیدن 

مهربونی خوبی نابی محبوبی 
خنده هات می خندی شکل مرواریدن 

عشق گندمگونم از چشات ممنونم 
که چشات بی وقفه خبر خوش میدن

 مهربونی خوبی نابی محبوبی 
خنده هات می خندن شکل مرواریدن 

دستمو می گیری ذوب میشم آنی 
عشقم انگار دستات دستای خورشیدن 

هر کی می بینه تو رو دوس داره مثل تو شه 
حرکاتت حرفات مرجع تقلیدن 

لبای سرخ تو هر میوه ی سرخی بود 
داغ ِ داغ از روی هر درختی چیدن 

ماه و خورشید منی دورت می گردم 
دوتا چشمات عشقم قابل تمجیدن",UCFnc_tL9if9l5As18rnAyGA,Mohsen Chavoshi,2022-06-07T16:50:35Z,10,fa,,PT4M13S,hd,False,True,1105988,5025.0,196.0,public,True,False,253,likely_release,release_title_pattern | music_category | licensed_content,official_artist,trusted,top20_manual_audit_2026-07-10; confidence=high,likely_release,v2_release_signal_and_trusted_source
3,محسن چاووشی,pop,11,1RE2DZhrTkQ,Mohsen Chavoshi - Ali (Lyric Video),UCFnc_tL9if9l5As18rnAyGA,Mohsen Chavoshi,2022-05-15T13:30:12Z,محسن چاووشی,pending_review,,Mohsen Chavoshi - Ali (Lyric Video),"محسن چاوشی - علی (با شعر)

«علی»

شاعر و آهنگساز : محسن چاوشی
تنظیم و میکس و مستر : امیر جمالفرد
گیتار نایلون : کیان دارات
  فلوت کوئنا : امیر حسین کیان پور

کشان‌کشان تو مرا کی بکشانی به نور
نشان بده تو مرا تا که نخفتم به گور 
مگو روم مگو تا جان بنیفتد شمار
بیا بتا که شوم از نفست چون بهار
امان بده که نفس تازه کنم جانِ جان
جوان بده که رود پیر ز جانم دوان
روح دَمَم که شَوَم از تن خاکم جدا
نوح شوم ، و به کشتی تو‌ آیم علا
خزان خزان بشدم زرد ز شیطانیان
بمان بمان تو بمان در بر زندانیان
خبر خبر خبری شد خبری عاقبت
بیا بیا که مریض است اینجانبت
علی علی تو به والله‌ِ تمام منی
دل ببری همه شب ماهِ تمام منی
قسم قسم به رهت جان بدهم مرتضا
رسم رسم به دو چشمان سیاهت شها
کمان کمان بشدست این کمرم توامان
فغان فغان ز رخ دور تو شاهنشهان
جهان جهان بنخواهم چو به من ننگری
هر دو جهان بنخواهم تو به من ننگری
دوان دوان به تو آیم اگرت نامدی
مردترین‌ مردجهان اسد سرمدی 
تکان تکان بده‌ام خاک مرا در کشید
جامه‌دران دیده نمناک مرا سر کشید
لحد لحد شده‌ام زنده به تاریک گور 
مگر مگر به نجاتم تو بیایی به گور
ببین ببین کفنم سوخته از دور تو
خوش آمدی به شب عاشق مهجور تو
دست کشان همچو یتیمان به سرم یا علی
غم برهان خود ز دو‌ چشمان ترم یا علی
خشک دهان خون به گلویم به رهت العطش 
صبح بیا ! ز کرم تیغ به فرقم بکش
زهر به‌ زهر شده‌ام شیر خدا یا علی
زخم چکان بنده به شمشیر خدا یا علی 
کوی به کوی ز تو دنبال خدا یا علی
کفر شود هر که شود از تو‌ جدا یا علی",UCFnc_tL9if9l5As18rnAyGA,Mohsen Chavoshi,2022-05-15T13:30:12Z,10,fa,fa,PT4M30S,hd,False,True,949666,5511.0,414.0,public,True,False,270,likely_release,release_title_pattern | music_category | licensed_content,official_artist,trusted,top20_manual_audit_2026-07-10; confidence=high,likely_release,v2_release_signal_and_trusted_source
3,محسن چاووشی,pop,12,tmh17LnO0OU,Mohsen Chavoshi - Ajab Oumadi [ Lyric Video ] (محسن چاوشی - عجب اومدی ),UCO7rnnjVkPeDutLWuROEzKw,MohsenChavoshiVEVO,2025-12-16T16:00:10Z,محسن چاووشی,pending_review,,Mohsen Chavoshi - Ajab Oumadi [ Lyric Video ] (محسن چاوشی - عجب اومدی ),"Powered by: https://ng-network.com

Please take a moment and subscribe to NG Network official channel: https://bit.ly/NGNetworkMusic

Mohsen Chavoshi best songs:
https://bit.ly/MohsenChavoshiSongs

Best Persian Hits:
https://bit.ly/BestPersianHits

Get Connected With “Mohsen Chavoshi”

Audio Available on:
YouTube Music: https://bit.ly/Chavoshi_YouTubeMusic
Spotify: https://bit.ly/Chavoshi_Spotify
Apple Music: https://bit.ly/Chavoshi_AppleMusic

FOLLOW  NG Network👇
https://www.instagram.com/ng.networkco/

Please take a moment and share this video with your friends. Thank you",UCO7rnnjVkPeDutLWuROEzKw,MohsenChavoshiVEVO,2025-12-16T16:00:10Z,10,en,fa,PT4M39S,hd,False,True,503138,3510.0,296.0,public,True,False,279,likely_release,release_title_pattern | music_category | licensed_content,vevo,trusted,top20_manual_audit_2026-07-10; confidence=high,likely_release,v2_release_signal_and_trusted_source
3,محسن چاووشی,pop,13,kVmxQRyj-WA,Mohsen Chavoshi - Marize Takhte Akhari [ Official Video ] ( محسن چاوشی - مریض تخت آخری ),UCO7rnnjVkPeDutLWuROEzKw,MohsenChavoshiVEVO,2026-06-01T19:37:53Z,محسن چاووشی,pending_review,,Mohsen Chavoshi - Marize Takhte Akhari [ Official Video ] ( محسن چاوشی - مریض تخت آخری ),"Powered by: https://ng-network.com

Please take a moment and subscribe to NG Network official channel: https://bit.ly/NGNetworkMusic

Mohsen Chavoshi best songs:
https://bit.ly/MohsenChavoshiSongs

Best Persian Hits:
https://bit.ly/BestPersianHits

Get Connected With “Mohsen Chavoshi”

Audio Available on:
YouTube Music: https://bit.ly/Chavoshi_YouTubeMusic
Spotify: https://bit.ly/Chavoshi_Spotify
Apple Music: https://bit.ly/Chavoshi_AppleMusic

FOLLOW  NG Network👇
https://www.instagram.com/ng.networkco/

Please take a moment and share this video with your friends. Thank you",UCO7rnnjVkPeDutLWuROEzKw,MohsenChavoshiVEVO,2026-06-01T19:37:53Z,10,en,,PT4M8S,hd,False,True,65627,1262.0,545.0,public,True,False,248,likely_release,release_title_pattern | music_category | licensed_content,vevo,trusted,top20_manual_audit_2026-07-10; confidence=high,likely_release,v2_release_signal_and_trusted_source
3,محسن چاووشی,pop,14,46TdUtNAopg,Mohsen Chavoshi - Be Rasme Yadegar [Official Video] ( محسن چاوشی - به رسم یادگار ),UCO7rnnjVkPeDutLWuROEzKw,MohsenChavoshiVEVO,2025-05-09T16:21:22Z,محسن چاووشی,pending_review,,Mohsen Chavoshi - Be Rasme Yadegar [Official Video] ( محسن چاوشی - به رسم یادگار ),"Powered by: https://ng-network.com

Please take a moment and subscribe to NG Network official channel: https://bit.ly/NGNetworkMusic

Mohsen Chavoshi best songs:
https://bit.ly/MohsenChavoshiSongs

Best Persian Hits:
https://bit.ly/BestPersianHits

Get Connected With “Mohsen Chavoshi”

Audio Available on:
YouTube Music: https://bit.ly/Chavoshi_YouTubeMusic
Spotify: https://bit.ly/Chavoshi_Spotify
Apple Music: https://bit.ly/Chavoshi_AppleMusic

FOLLOW  NG Network👇
https://www.instagram.com/ng.networkco/

Please take a moment and share this video with your friends. Thank you",UCO7rnnjVkPeDutLWuROEzKw,MohsenChavoshiVEVO,2025-05-09T16:21:22Z,10,en,,PT5M46S,hd,False,True,213806,2593.0,319.0,public,True,False,346,likely_release,release_title_pattern | music_category | licensed_content,vevo,trusted,top20_manual_audit_2026-07-10; confidence=high,likely_release,v2_release_signal_and_trusted_source
3,محسن چاووشی,pop,15,CAPkrogfXJk,Mohsen Chavoshi - Be Rasme Yadegar | محسن چاوشی -  به رسم یادگار  (Official Music Video),UCN73foROjDkwZEKS05z6KHQ,The ZiCord,2025-07-01T10:39:35Z,محسن چاووشی,pending_review,,Mohsen Chavoshi - Be Rasme Yadegar | محسن چاوشی -  به رسم یادگار  (Official Music Video),"🎬 Watch all music videos from Shahrzad in this playlist: 
https://youtube.com/playlist?list=PLoYXKV2IegK4EiXVYHLLuBmTypIR6E7pE&si=a3gfjcf2u0XVAxMr

Mohsen Chavoshi - Be Rasme Yadegar | محسن چاوشی -  به رسم یادگار

Artist: Mohsen Chavoshi
Lyrics: Hossein Safa
Label: The Zicord & Lotus Play
Release Date: July 23, 2018



📲 Follow ZiCord on Social Networks and Streaming Platforms
Spotify: https://open.spotify.com/user/31cqec5erd6tn562leotaxzkrxh4?si=dedb5cd1232540df
Instagram: https://www.instagram.com/theZiCord
Twitter: https://twitter.com/thezicord
Linkedin: https://www.linkedin.com/company/zicord
Website: https://zicord.com
TikTok: https://www.tiktok.com/@thezicord


Lyric:
نشد با شاخه هام بغل کنم تورو نشد نشد نشد برو برو برو
اراده داشتم بدون کاشتن که عادتت بدم به ریشه داشتن
که عادتت بدم یه گوشه بند شی به مبتلا شدن علاقه مند شی
نشد که از دلم جدا کنم تورو نشد نشد گلم برو برو برو
نشد که بی دهن صدا کنم تورو تمام حرف من برو برو برو
قدیما هر گلی شناسنامه داشت تموم میشدو بازم ادامه داشت
تو شیشه ی گلاب تو شعر شاعرا تو گل فروشیا تو جیب عابرا
همون کسا که از تو باغچه چیدنت توی خیالشون ادامه میدنت
نشد که از دلم جدا کنم تورو نشد نشد گلم برو برو برو
نشد که بی دهن صدا کنم تورو تمام حرف من برو برو برو
تو داری از خودت فرار میکنی داری با ریشه هات چیکار میکنی
برو برو ولی به رسم یادگار شناسنامه تو تو خونه جا بذار
برو برو ولی به رسم یادگار شناسنامه تو تو خونه جا بذار
برو به رسم یادگار شناسنامه تو تو خونه جا بذار



#ZiCord #mohsenchavoshi  #BeRasmeYadegar #شهرزاد #محسن_چاووشی #به_رسم_یادگار",UCN73foROjDkwZEKS05z6KHQ,The ZiCord,2025-07-01T10:39:35Z,10,fa,zxx,PT5M19S,hd,False,True,740233,1370.0,40.0,public,True,False,319,likely_release,release_title_pattern | music_category | licensed_content,label_or_distributor,trusted,top20_manual_audit_2026-07-10; confidence=high,likely_release,v2_release_signal_and_trusted_source
3,محسن چاووشی,pop,16,MLBoUSr9vZI,Mohsen Chavoshi - Alaj [ Lyric Video ] ( محسن چاوشی - علاج ),UCO7rnnjVkPeDutLWuROEzKw,MohsenChavoshiVEVO,2025-06-23T14:50:00Z,محسن چاووشی,pending_review,,Mohsen Chavoshi - Alaj [ Lyric Video ] ( محسن چاوشی - علاج ),"Powered by: https://ng-network.com

Please take a moment and subscribe to NG Network official channel: https://bit.ly/NGNetworkMusic

Mohsen Chavoshi best songs:
https://bit.ly/MohsenChavoshiSongs

Best Persian Hits:
https://bit.ly/BestPersianHits

Get Connected With “Mohsen Chavoshi”

Audio Available on:
YouTube Music: https://bit.ly/Chavoshi_YouTubeMusic
Spotify: https://bit.ly/Chavoshi_Spotify
Apple Music: https://bit.ly/Chavoshi_AppleMusic

FOLLOW  NG Network👇
https://www.instagram.com/ng.networkco/

Please take a moment and share this video with your friends. Thank you",UCO7rnnjVkPeDutLWuROEzKw,MohsenChavoshiVEVO,2025-06-23T14:50:00Z,10,en,fa,PT4M16S,hd,False,True,451550,7087.0,3308.0,public,True,False,256,likely_release,release_title_pattern | music_category | licensed_content,vevo,trusted,top20_manual_audit_2026-07-10; confidence=high,likely_release,v2_release_signal_and_trusted_source
3,محسن چاووشی,pop,17,AJ19i4EK1i0,Mohsen Chavoshi - Kojaei [Lyric Video ] ( محسن چاوشی - کجایی ),UCO7rnnjVkPeDutLWuROEzKw,MohsenChavoshiVEVO,2023-12-28T20:32:33Z,محسن چاووشی,pending_review,,Mohsen Chavoshi - Kojaei [Lyric Video ] ( محسن چاوشی - کجایی ),"Powered by: https://ng-network.com

Please take a moment and subscribe to NG Network official channel: https://bit.ly/NGNetworkMusic

Mohsen Chavoshi best songs:
https://bit.ly/MohsenChavoshiSongs

Best Persian Hits:
https://bit.ly/BestPersianHits

Get Connected With “Mohsen Chavoshi”

Audio Available on:
YouTube Music: https://bit.ly/Chavoshi_YouTubeMusic
Spotify: https://bit.ly/Chavoshi_Spotify
Apple Music: https://bit.ly/Chavoshi_AppleMusic

FOLLOW  NG Network👇
https://www.instagram.com/ng.networkco/

Please take a moment and share this video with your friends. Thank you",UCO7rnnjVkPeDutLWuROEzKw,MohsenChavoshiVEVO,2023-12-28T20:32:33Z,10,en,,PT3M50S,hd,False,True,6825294,23638.0,875.0,public,True,False,230,likely_release,release_title_pattern | music_category | licensed_content,vevo,trusted,top20_manual_audit_2026-07-10; confidence=high,likely_release,v2_release_signal_and_trusted_source
3,محسن چاووشی,pop,18,XFBlfv-gEAo,Mohsen Chavoshi - Saat Divari ( Official Video ) محسن چاوشی- ساعت دیواری,UCO7rnnjVkPeDutLWuROEzKw,MohsenChavoshiVEVO,2025-02-05T16:27:19Z,محسن چاووشی,pending_review,,Mohsen Chavoshi - Saat Divari ( Official Video ) محسن چاوشی- ساعت دیواری,"Powered by: https://ng-network.com

Please take a moment and subscribe to NG Network official channel: https://bit.ly/NGNetworkMusic

Best Persian Hits:

https://bit.ly/BestPersianHits

Mohsen Chavoshi best songs:
https://bit.ly/MohsenChavoshiSongs


Get Connected With “Mohsen Chavoshi”

Audio Available on:
YouTube Music: https://bit.ly/Chavoshi_YouTubeMusic
Spotify: https://bit.ly/Chavoshi_Spotify
Apple Music: https://bit.ly/Chavoshi_AppleMusic

FOLLOW  NG Network👇
https://www.instagram.com/ng.networkco/

Please take a moment and share this video with your friends. Thank you",UCO7rnnjVkPeDutLWuROEzKw,MohsenChavoshiVEVO,2025-02-05T16:27:19Z,10,en,,PT3M35S,hd,False,True,6553126,24638.0,1713.0,public,True,False,215,likely_release,release_title_pattern | music_category | licensed_content,vevo,trusted,top20_manual_audit_2026-07-10; confidence=high,likely_release,v2_release_signal_and_trusted_source
3,محسن چاووشی,pop,19,z-GvlJJq7So,Mohsen Chavoshi - Hamkhaab [Official Video] (محسن چاوشی - همخواب ),UCO7rnnjVkPeDutLWuROEzKw,MohsenChavoshiVEVO,2025-05-27T13:48:28Z,محسن چاووشی,pending_review,,Mohsen Chavoshi - Hamkhaab [Official Video] (محسن چاوشی - همخواب ),"Powered by: https://ng-network.com

Please take a moment and subscribe to NG Network official channel: https://bit.ly/NGNetworkMusic

Mohsen Chavoshi best songs:
https://bit.ly/MohsenChavoshiSongs

Best Persian Hits:
https://bit.ly/BestPersianHits

Get Connected With “Mohsen Chavoshi”

Audio Available on:
YouTube Music: https://bit.ly/Chavoshi_YouTubeMusic
Spotify: https://bit.ly/Chavoshi_Spotify
Apple Music: https://bit.ly/Chavoshi_AppleMusic

FOLLOW  NG Network👇
https://www.instagram.com/ng.networkco/

Please take a moment and share this video with your friends. Thank you",UCO7rnnjVkPeDutLWuROEzKw,MohsenChavoshiVEVO,2025-05-27T13:48:28Z,10,en,,PT2M56S,hd,False,True,953992,4331.0,253.0,public,True,False,176,likely_release,release_title_pattern | music_category | licensed_content,vevo,trusted,top20_manual_audit_2026-07-10; confidence=high,likely_release,v2_release_signal_and_trusted_source
3,محسن چاووشی,pop,20,UhSnIS0P-cg,Mohsen Chavoshi - Havam Dobare Pase | محسن چاوشی -  هوام دوباره پسه  (Official Music Video),UCN73foROjDkwZEKS05z6KHQ,The ZiCord,2025-06-01T08:38:42Z,محسن چاووشی,pending_review,,Mohsen Chavoshi - Havam Dobare Pase | محسن چاوشی -  هوام دوباره پسه  (Official Music Video),"🎬 Watch all music videos from Shahrzad in this playlist: 
https://youtube.com/playlist?list=PLoYXKV2IegK4EiXVYHLLuBmTypIR6E7pE&si=a3gfjcf2u0XVAxMr

Mohsen Chavoshi - Havam Dobare Pase | محسن چاوشی -  هوام دوباره پسه (Official Music Video)

Artist: Mohsen Chavoshi
Lyrics: Hossein Safa
Label: The Zicord & Lotus Play
Release Date: July 24, 2017



📲 Follow ZiCord on Social Networks and Streaming Platforms
Spotify: https://open.spotify.com/user/31cqec5erd6tn562leotaxzkrxh4?si=dedb5cd1232540df
Instagram: https://www.instagram.com/theZiCord
Twitter: https://twitter.com/thezicord
Linkedin: https://www.linkedin.com/company/zicord
Website: https://zicord.com
TikTok: https://www.tiktok.com/@thezicord


Lyric:
دو روز دنیا برام، قفس تر از قفسه
بهم نفس برسون، هوام دوباره پسه
هوامو داشته باش می گن تو مومنی و
دم مسیحاییت، نفس تر از نفسه
همیشه می لنگه یه جای زندگیم
الهی من بمیرم برای زندگیم
همیشه می لنگه یه جای زندگیم
الهی من بمیرم برای زندگیم
من که یادم رفته چی دردمه چی دوامه
برام مهمم نیست کی نیستش و کی باهامه
همیشه می لنگه یه جای زندگیم
یه مرگ تازه می خوام به جای زندگیم
نزار که کشته ی این زهر گزنده بشم
می خوام تو این بازی یه بار برنده بشم
همیشه می لنگه یه جای زندگیم
الهی من بمیرم برای زندگیم
همیشه می لنگه یه جای زندگیم
الهی من بمیرم برای زندگیم


#ZiCord #mohsenchavoshi #هوام_دوباره_پسه #Shahrzad #شهرزاد",UCN73foROjDkwZEKS05z6KHQ,The ZiCord,2025-06-01T08:38:42Z,10,fa,zxx,PT4M22S,hd,False,True,247376,1667.0,50.0,public,True,False,262,likely_release,release_title_pattern | music_category | licensed_content,label_or_distributor,trusted,top20_manual_audit_2026-07-10; confidence=high,likely_release,v2_release_signal_and_trusted_source
3,محسن چاووشی,pop,21,EBchKWBj1ko,Mohsen Chavoshi - Pesaram [ Lyric Video ] ( محسن چاوشی - پسرم ),UCO7rnnjVkPeDutLWuROEzKw,MohsenChavoshiVEVO,2025-06-17T13:28:36Z,محسن چاووشی,pending_review,,Mohsen Chavoshi - Pesaram [ Lyric Video ] ( محسن چاوشی - پسرم ),"Powered by: https://ng-network.com

Please take a moment and subscribe to NG Network official channel: https://bit.ly/NGNetworkMusic

Mohsen Chavoshi best songs:
https://bit.ly/MohsenChavoshiSongs

Best Persian Hits:
https://bit.ly/BestPersianHits

Get Connected With “Mohsen Chavoshi”

Audio Available on:
YouTube Music: https://bit.ly/Chavoshi_YouTubeMusic
Spotify: https://bit.ly/Chavoshi_Spotify
Apple Music: https://bit.ly/Chavoshi_AppleMusic

FOLLOW  NG Network👇
https://www.instagram.com/ng.networkco/

Please take a moment and share this video with your friends. Thank you",UCO7rnnjVkPeDutLWuROEzKw,MohsenChavoshiVEVO,2025-06-17T13:28:36Z,10,en,,PT5M,hd,False,True,327114,3558.0,767.0,public,True,False,300,likely_release,release_title_pattern | music_category | licensed_content,vevo,trusted,top20_manual_audit_2026-07-10; confidence=high,likely_release,v2_release_signal_and_trusted_source
3,محسن چاووشی,pop,22,tyQSLS1jZmY,Mohsen Chavoshi - Koli ( Official Video ) محسن چاوشی- کولی,UCO7rnnjVkPeDutLWuROEzKw,MohsenChavoshiVEVO,2025-03-12T17:21:11Z,محسن چاووشی,pending_review,,Mohsen Chavoshi - Koli ( Official Video ) محسن چاوشی- کولی,"Powered by: https://ng-network.com

Please take a moment and subscribe to NG Network official channel: https://bit.ly/NGNetworkMusic",UCO7rnnjVkPeDutLWuROEzKw,MohsenChavoshiVEVO,2025-03-12T17:21:11Z,10,en,,PT4M12S,hd,False,True,2160654,11313.0,1049.0,public,True,False,252,likely_release,release_title_pattern | music_category | licensed_content,vevo,trusted,top20_manual_audit_2026-07-10; confidence=high,likely_release,v2_release_signal_and_trusted_source
3,محسن چاووشی,pop,23,WG37KSS7SXY,Mohsen Chavoshi -  Top 5  | محسن چاوشی -  ۵ آهنگ جدید,UCpToffK2aE57CCK_uBCNHyA,Fact Music,2025-11-07T12:04:08Z,محسن چاووشی,pending_review,,Mohsen Chavoshi -  Top 5  | محسن چاوشی -  ۵ آهنگ جدید,"For the latest Persian songs please subscribe to NG Network official channel: https://bit.ly/NGNetworkMusic

Enjoy the best songs from top artist 👇👇

Best Persian Hits: https://bit.ly/BestPersianHits

Mohsen Chavoshi: https://bit.ly/MohsenChavoshiSongs

Mohsen Lorestani: https://bit.ly/MohsenLorestani-Hits

Saman Jalili: https://bit.ly/SamanJalili-Hits

Majid Kharatha: https://bit.ly/MajidKharatha-Hits

Sohrab Pakzad:  https://bit.ly/SohrabPakzad-Hits

Yousef Zamani: https://bit.ly/YousefZamani-Hits

Asef Aria: https://bit.ly/AsefAria-Hits

Salar Aghili: https://bit.ly/SalarAghili-Hits

Soheil Rahmani: https://bit.ly/SoheilRahmani-Hits


FOLLOW  NG Network👇
                 https://www.instagram.com/ng.networkco/

Please take a moment and share this video with your friends. Thank you

#persianmusic
#persiansongs
#bestpersiansongs",UCpToffK2aE57CCK_uBCNHyA,Fact Music,2025-11-07T12:04:08Z,10,en,fa,PT21M15S,hd,False,True,144590,918.0,70.0,public,True,False,1275,likely_non_release,too_long_over_15_minutes,label_or_distributor,trusted,top20_manual_audit_2026-07-10; confidence=high,trusted_non_release_signal,trusted_source_but_v2_non_release_signal
3,محسن چاووشی,pop,24,7YdC-IA-N0s,Mohsen Chavoshi - Mah Pishooni | محسن چاوشی -  ماه پیشونی  (Shahrzad),UCN73foROjDkwZEKS05z6KHQ,The ZiCord,2025-05-28T08:29:50Z,محسن چاووشی,pending_review,,Mohsen Chavoshi - Mah Pishooni | محسن چاوشی -  ماه پیشونی  (Shahrzad),"🎬 Watch all music videos from Shahrzad in this playlist: 
https://youtube.com/playlist?list=PLoYXKV2IegK4EiXVYHLLuBmTypIR6E7pE&si=a3gfjcf2u0XVAxMr

Mohsen Chavoshi - Mah Pishooni | محسن چاوشی -  ماه پیشونی (Official Music Video)

Artist: Mohsen Chavoshi
Lyrics: Mohsen Abolhassani
Label: The Zicord & Lotus Play
Release Date: July 23, 2018



📲 Follow ZiCord on Social Networks and Streaming Platforms
Spotify: https://open.spotify.com/user/31cqec5erd6tn562leotaxzkrxh4?si=dedb5cd1232540df
Instagram: https://www.instagram.com/theZiCord
Twitter: https://twitter.com/thezicord
Linkedin: https://www.linkedin.com/company/zicord
Website: https://zicord.com
TikTok: https://www.tiktok.com/@thezicord


Lyric:
میون این همه سرگردونی ، دل من گرفته ماه پیشونی
بیا باز دوباره بی تابم کن ، منو تو رنگ چشمات خوابم کن
نگو قصه آخرش مرگ منه ، داره چشمات منو آتش میزنه
نگو از تلخی دنیا سیرم ، نگو میرم، نگو که می میرم
ای گل بهار ام، دشت لاله زارم ، قلب داغدارم، سنگ بی مزارم
درد ماندگارم، روز ناگذارم ، زخم بی شمارم، زهر روزگارم
خنده هام و با تو از نو ساختم ، باز به حرف های تو دل می باختم
میون این همه سرگردونی ، اومدم تو قلب تو مهمونی
بی ستون قلب مو می کندم ، شکل خنده هات شدم میخندم
چشم هات از صدتا غزل بهتر شد ، خنده هات غنچه ولی پرپر شد
ای گل بهارم دشت لاله زارم ، قلب داغدارم سنگ بی مزارم
درد موندگارم روزگذارم ، زخم بی شمارم زهر روزگارم

#ZiCord #mohsenchavoshi #ماه_پیشونی #MahPishooni #شهرزاد #Shahrzad",UCN73foROjDkwZEKS05z6KHQ,The ZiCord,2025-05-28T08:29:50Z,10,fa,zxx,PT4M2S,hd,False,True,2473072,7085.0,68.0,public,True,False,242,needs_review,music_category_and_licensed_but_no_release_pattern,label_or_distributor,trusted,top20_manual_audit_2026-07-10; confidence=high,trusted_needs_content_review,trusted_source_but_v2_content_ambiguous
3,محسن چاووشی,pop,25,chU8u8UCWg8,Mohsen Chavoshi - Zakhmie Aftab [ Official Video ] ( محسن چاشی - زخمی آفتاب ),UCO7rnnjVkPeDutLWuROEzKw,MohsenChavoshiVEVO,2026-06-24T16:19:40Z,محسن چاووشی,pending_review,,Mohsen Chavoshi - Zakhmie Aftab [ Official Video ] ( محسن چاشی - زخمی آفتاب ),"Powered by: https://ng-network.com

Please take a moment and subscribe to NG Network official channel: https://bit.ly/NGNetworkMusic

Mohsen Chavoshi best songs:
https://bit.ly/MohsenChavoshiSongs

Best Persian Hits:
https://bit.ly/BestPersianHits

Get Connected With “Mohsen Chavoshi”

Audio Available on:
YouTube Music: https://bit.ly/Chavoshi_YouTubeMusic
Spotify: https://bit.ly/Chavoshi_Spotify
Apple Music: https://bit.ly/Chavoshi_AppleMusic

FOLLOW  NG Network👇
https://www.instagram.com/ng.networkco/

Please take a moment and share this video with your friends. Thank you",UCO7rnnjVkPeDutLWuROEzKw,MohsenChavoshiVEVO,2026-06-24T16:19:40Z,10,en,fa,PT3M34S,hd,False,True,22403,893.0,386.0,public,True,False,214,likely_release,release_title_pattern | music_category | licensed_content,vevo,trusted,top20_manual_audit_2026-07-10; confidence=high,likely_release,v2_release_signal_and_trusted_source
4,فرزاد فرزین,pop,2,yVmTAyPIPgc,Farzad Farzin - 🕺 Nagi ke Nagoftam (Official video) – موزیک ویدئوی نگی که نگفتم فرزاد فرزین,UCMQ39QYA6tpAu_ZDaOWn7IQ,Farzad Farzin,2022-03-13T12:00:18Z,فرزاد فرزین,pending_review,,Farzad Farzin - 🕺 Nagi ke Nagoftam (Official video) – موزیک ویدئوی نگی که نگفتم فرزاد فرزین,"Farzad Farzin's Nagi ke Nagoftam – Official Music Video
 موزیک ویدئوی نگی که نگفتم با صدای فرزاد فرزین

Subscribe to the official Farzad Farzin YouTube channel:
https://youtube.com/c/farzadfarzinnet​

Follow Farzad Farzin:
Website: http://farzadfarzin.net​
Spotify: https://open.spotify.com/artist/6CwqlS95wmmB4ZWgCtdzUi
Instagram: https://instagram.com/farzadfarzin1​
Facebook: https://facebook.com/farzadfarzinfans​
YouTube: https://youtube.com/c/farzadfarzinnet​

–
Director:  Vahid Amini (V Media)
Music and Lyrics: Farzad Farzin
Lyrics 2: Pedram Shahrabi
Arrangement, Mix & Mastering:  Hamed Baradaran
Executive Manager: Hamidreza Amini
Thanks to Shock Band

#FarzadFarzin #NagikeNagoftam #MusicVideo #PersianMusic #Nostalgia #Tehran #OldSchool",UCMQ39QYA6tpAu_ZDaOWn7IQ,Farzad Farzin,2022-03-13T12:00:18Z,10,en,fa-IR,PT4M26S,hd,False,True,11493600,24008.0,2059.0,public,True,False,266,likely_release,release_title_pattern | music_category | licensed_content,official_artist,trusted,top20_manual_audit_2026-07-10; confidence=high,likely_release,v2_release_signal_and_trusted_source
4,فرزاد فرزین,pop,3,DAWCE0GXe2Y,Farzad Farzin – Mankan (Official Music Video) – کلیپ «مانکن» فرزاد فرزین,UCMQ39QYA6tpAu_ZDaOWn7IQ,Farzad Farzin,2019-08-22T14:25:48Z,فرزاد فرزین,pending_review,,Farzad Farzin – Mankan (Official Music Video) – کلیپ «مانکن» فرزاد فرزین,"""Mankan"" Official Music Video by Farzad Farzin for Mankan Series.

© Copyright Notice: Farzad Farzin is the producer of this music and claimants will face legal consequences for a false takedown or copyright claim. 
UPC: 194171680960

Subscribe to the official Farzad Farzin YouTube channel:
https://youtube.com/c/farzadfarzinnet

Follow Farzad Farzin:
Website: http://farzadfarzin.net
Spotify: https://open.spotify.com/album/0I4QzMywA3yEZrYc09EjFl
Instagram: https://instagram.com/farzadfarzin1
Facebook: https://facebook.com/farzadfarzinfans
YouTube: https://youtube.com/c/farzadfarzinnet


Chorus:

Hamishe nemishe jangid ba in hame sardi
Nemishe berio harvaght bekhay bargardi
Ye roozi mifahmi cheghadr be man bad kardi

–

ویدئوکلیپ و آهنگ #مانکن با صدای فرزاد فرزین

همیشه نمیشه جنگید با این همه سردی
نمیشه بری و هر وقت بخوای برگردی
یه روزی می‌فهمی چقدر به من بد کردی


–

#FarzadFarzin #Mankan #MankanClip #Maankan #MankanSeries #Pop",UCMQ39QYA6tpAu_ZDaOWn7IQ,Farzad Farzin,2019-08-22T14:25:48Z,10,fa,,PT3M19S,hd,False,True,2649701,11589.0,770.0,public,True,False,199,likely_release,release_title_pattern | music_category | licensed_content,official_artist,trusted,top20_manual_audit_2026-07-10; confidence=high,likely_release,v2_release_signal_and_trusted_source
4,فرزاد فرزین,pop,4,U-SNKX13tJc,Farzad Farzin - Asheghaneh I Official Video ( فرزاد فرزین - عاشقانه ),UC8u6telGfDJ2wd8lSwLoauQ,Persian Music Group,2019-02-14T11:24:08Z,فرزاد فرزین,pending_review,,Farzad Farzin - Asheghaneh I Official Video ( فرزاد فرزین - عاشقانه ),"►Subscribe to Persian Music Group on YouTube: 
https://bit.ly/PersianMusic-YouTube

►Listen To More Music By Farzad Farzin : 
Youtube : https://bit.ly/FarzadFarzin-YouTubeMusic
Spotify : https://bit.ly/FarzadFarzin-SpotifyMusic
Apple Music : https://bfan.link/asheghaneh-1
Deezer : https://bfan.link/asheghaneh-1
Anghami : https://bfan.link/asheghaneh-1

►Follow Persian Music Group Online :
Instagram : https://bit.ly/PersianMedia-Instagram
Facebook : https://bit.ly/PersianMedia-FaceBook

Official Music Video By Farzad Farzin Performing “ Asheghaneh “

►Official Lyrics :
""متن آهنگ عاشقانه از فرزاد فرزین""

وقتی یاد تو می افتم
بایدم تو هر نفس بغضم بگیره
من فراموشی بگیرم
اون همه خاطره رو یادم نمیره
نمیره
همه جا با توئم عشقم، همه جا کنارمی واسه همیشه
هرجای دنیا که باشیم ما که حسمون به هم عوض نمیشه
نمیشه
میدونی دوسِت دارم هرجا باشی
حتی از من اگه جدا شی
بازم بغضت تو صدامه و عشقت تنها تکیه گامه
دوسِت دارم، آرزومی
هرجا میرم رو به رومی
حسم با تو عاشقونه س و این حال من یه نشونه ست
من که زندگی ندارم واسه من درد نبودن تو کم نیست
آره، زنده موندم اما زندگی نکردنم دست خودم نیست
دست خودم نیست
شاید از خودت بپرسی عشق دیوونه ت چرا آدم نمیشه
چرا بعد این همه سال حتی یک شب به تو حسم کم نمیشه
نمیشه
آخه دوسِت دارم هرجا باشی
حتی از من اگه جدا شی
بازم بغضت تو صدامه و عشقت تنها تکیه گامه
دوسِت دارم، آرزومی
هرجا میرم رو به رومی
حسم با تو عاشقونه س و این حال من یه نشونه ست
ای، عاشقونه ست
میدونی دوسِت دارم، آرزومی
هرجا میرم رو به رومی (هی)
حسم با تو عاشقونه س و این حال من یه نشونه ست
(دوسِت دارم)
دوسِت دارم #PersianMusic #WorldMusic #TraditionalAndContemporary",UC8u6telGfDJ2wd8lSwLoauQ,Persian Music Group,2019-02-14T11:24:08Z,10,fa,fa-IR,PT3M55S,hd,True,True,4008766,13866.0,514.0,public,True,False,235,likely_release,release_title_pattern | music_category | licensed_content,trusted_music_platform,trusted,top20_manual_audit_2026-07-10; confidence=high,likely_release,v2_release_signal_and_trusted_source
4,فرزاد فرزین,pop,5,X9f9cevCym8,Farzad Farzin &amp; İlyas Yalçıntaş – 🎭 Neghab (Mask) – کلیپ نقاب فرزاد فرزین و ایلیاس یالچینتاش,UCMQ39QYA6tpAu_ZDaOWn7IQ,Farzad Farzin,2022-03-23T16:00:30Z,فرزاد فرزین,pending_review,,Farzad Farzin & İlyas Yalçıntaş – 🎭 Neghab (Mask) – کلیپ نقاب فرزاد فرزین و ایلیاس یالچینتاش,"Watch Neghab (Mask) by Farzad Farzin & İlyas Yalçıntaş
By Alfa7 (DMC Turkey)

Subscribe to the official Farzad Farzin YouTube channel:
https://youtube.com/c/farzadfarzinnet​

Follow Farzad Farzin:
Website: http://farzadfarzin.net​
Spotify: https://open.spotify.com/artist/6Cwql...
Instagram: https://instagram.com/farzadfarzin1​
Facebook: https://facebook.com/farzadfarzinfans​
YouTube: https://youtube.com/c/farzadfarzinnet​

–

Vocal : İlyas Yalçıntaş – Farzad Farzin
Music Producer : Farzad Farzin
Turkish – Lyrics : İlyas Yalçıntaş
Persian - Lyrics: Farzad Farzin
Arrangement: Mehran Khalili
Mixing - Mastering: Mohammad Falahi
Strings: Istanbul Strings
Production Company: Alfa7 - 17 Art Group
Director: Vahid Amini
Cinematographer: Vahid Amini
Cover Photo: 17 Art Group
Producer: Nasuh Yalçıntaş - HamidReza Amini
Coordinator: Sepehr Mardi
Makeup : Missun Beauty
Hairdresser : Makas Cihangir
Social Media: Ömer Can Peker - 17 Art Group

#FarzadFarzin #IlyasYalcintas #PersianMusic #TurkishMusic #PersianTurkish #Neghab #Mask",UCMQ39QYA6tpAu_ZDaOWn7IQ,Farzad Farzin,2022-03-23T16:00:30Z,10,en,fa-IR,PT4M1S,hd,False,False,5256030,27288.0,5663.0,public,True,False,241,needs_review,insufficient_evidence,official_artist,trusted,top20_manual_audit_2026-07-10; confidence=high,trusted_needs_content_review,trusted_source_but_v2_content_ambiguous
4,فرزاد فرزین,pop,6,0GigtNShCSU,Farzad Farzin: Medley (Live in concert) –  مِدلی در کنسرت تهران فرزاد فرزین,UCMQ39QYA6tpAu_ZDaOWn7IQ,Farzad Farzin,2023-03-22T16:25:37Z,فرزاد فرزین,pending_review,,Farzad Farzin: Medley (Live in concert) –  مِدلی در کنسرت تهران فرزاد فرزین,"Medly by Farzad Farzin – Live in concert (Tehran)
اجرای مِدلی در کنسرت تهران. امیدوارم که لذت ببرید ❤️
–
Listen to Farzad Farzin on Spotify &  Music.

Subscribe to the official Farzad Farzin YouTube channel:
 https://youtube.com/c/farzadfarzinnet

Follow Farzad Farzin:
Website: http://farzadfarzin.net
Instagram: https://instagram.com/farzadfarzin1
Facebook: https://facebook.com/farzadfarzinfans
YouTube: https://youtube.com/c/farzadfarzinnet
Spotify: https://open.spotify.com/artist/6CwqlS95wmmB4ZWgCtdzUi

Director: Alireza Safarnezhad
–
#FarzadFarzin #MageChiDari #LiveConcert #Pop",UCMQ39QYA6tpAu_ZDaOWn7IQ,Farzad Farzin,2023-03-22T16:25:37Z,10,fa,fa-IR,PT6M17S,hd,False,True,4217941,6892.0,634.0,public,True,False,377,likely_non_release,non_release_title_pattern,official_artist,trusted,top20_manual_audit_2026-07-10; confidence=high,trusted_non_release_signal,trusted_source_but_v2_non_release_signal
4,فرزاد فرزین,pop,7,yXuQxa1ieGA,Farzad Farzin - Kharabesh Kardi (Music Video) - موزیک ویدیو آهنگ خرابش کردی از فرزاد فرزین,UCCn_0vWsa35jSTRNlX15hzQ,TPM - Top Persian Music,2020-11-02T17:30:03Z,فرزاد فرزین,pending_review,,Farzad Farzin - Kharabesh Kardi (Music Video) - موزیک ویدیو آهنگ خرابش کردی از فرزاد فرزین,"موزیک ویدیو آهنگ خرابش کردی از فرزاد فرزین با حضور یکتا ناصر

Farzad Farzin - Kharabesh Kardi (Music Video) - موزیک ویدیو آهنگ خرابش کردی از فرزاد فرزین

-----------------------------

موزیک ویدیوها و آهنگهای بیشتر از فرزاد فرزین 👇👇

https://www.youtube.com/playlist?list=PLlVABjnN0Zp_MJP1qNayzvcxT0OyjaT75

-----------------------------

شناسنامه موزیک ویدیو آهنگ خرابش کردی از فرزاد فرزین

خواننده :‌ فرزاد فرزین
با حضور :‌ یکتا ناصر
ترانه :‌ حامد رجبی و مسعود محمدی
موزیک :‌ فرزاد فرزین
تنظیم :‌ فرزاد فرزین و محمد شاکر
میکس و مسترینگ :‌ محمد فلاحی و محمد شاکر
کارگردان :‌ وحید امینی

-----------------------------

متن آهنگ خرابش کردی از فرزاد فرزین 

خرابش کردی 
تویی که عشقمونو حراجش کردی 
همه ی زندگیمو تباهش کردی
آهش کردی خرابش کردی

خرابش کردم 
کسی که با دلم انتخابش کردم 
زدم و از تو این سینه پاکش کردم 
خاکش کردم خرابش کردم

ولی هرجا برم هرجا بری فرقی نداره 
قلبم نمیتونه تورو تنها بذاره 
مثل همین بارونی که هرشب میباره
حال منم بعد تو تعریفی نداره 

هرجا برم هرجا بری یاد توام من 
چی شد که این دنیا واسه من شد جهنم 
باید نگه دارم من عشقتو تو سینم
شاید یه روز یه جا تورو بازم ببینم 

بهت گفتم جفتم بیارم جفت پوچه 
به تو گفتم بی تو خرابست این کوچه
قسم خوردم بازم نشد با تو بد شم 
منو این بار با عشق بکش تا راحت شم

غمت کوهه روح منو زخمی کرده 
غمت میره میره ولی برمیگرده
به تو گفتم بی تو تو قلبم آتیشه 
آخه تنها بی عشق حالم داغون میشه

ولی هرجا برم هرجا بری فرقی نداره 
قلبم نمیتونه تورو تنها بذاره 
مثل همین بارونی که هرشب میباره
حال منم بعد تو تعریفی نداره

هرجا برم هرجا بری یاد توام من 
چی شد که این دنیا واسه من شد جهنم 
باید نگه دارم من عشقتو تو سینم
شاید یه روز یه جا تورو بازم ببینم

-----------------------------

#Farzad_Farzin
#Kharabesh_Kardi
#Top_Persian_Music
#فرزاد_فرزین
#خرابش_کردی
#TPM
#Persian_Music
#Persian_Music2019
#Persian_Music_Video
#یکتا_ناصر
#Yekta_Naser
#Atish
#Ayandeh
#Jaye_To_Khalie",UCCn_0vWsa35jSTRNlX15hzQ,TPM - Top Persian Music,2020-11-02T17:30:03Z,10,fa,fa,PT4M53S,hd,True,True,625761,3289.0,152.0,public,True,False,293,likely_release,release_title_pattern | music_category | licensed_content,trusted_music_platform,trusted,top20_manual_audit_2026-07-10; confidence=high,likely_release,v2_release_signal_and_trusted_source
4,فرزاد فرزین,pop,8,z4ucIpGnvq8,Farzad Farzin Top 10 |  میکس بهترین موزیک‌‌‌های فرزاد فرزین,UCCn_0vWsa35jSTRNlX15hzQ,TPM - Top Persian Music,2024-06-22T17:30:07Z,فرزاد فرزین,pending_review,,Farzad Farzin Top 10 |  میکس بهترین موزیک‌‌‌های فرزاد فرزین,"Farzad Farzin Top 10 |  میکس بهترین موزیک‌‌‌های فرزاد فرزین


آهنگ‌‌هایی که در این میکس می‌شنوید:

00:00 Ghotbe Shomal | قطب شمال
03:33 Nagi Ke Nagoftam | نگی که نگفتم
06:37 Much Love | عشق زیاد
10:15 Radepa | رد پا
13:30 Javaher | جواهر
16:32 Ta Hamisheh | تا همیشه
20:16 Cheshmat | چشمات
23:45 Tamoomesh Kon | تمومش کن
27:22 Nafas | نفس
30:46 Bi Enteha | بی انتها

------------------------------------------------------------------------

#فرزاد_فرزین
#Farzad_Farzin
#top_persian_music 
#آهنگ_فارسی
#آهنگ_ایرانی
#iranian_music 
#TPM
#persian_music 
#new_song 
#new_track 
#newmusic",UCCn_0vWsa35jSTRNlX15hzQ,TPM - Top Persian Music,2024-06-22T17:30:07Z,10,fa,fa,PT34M2S,hd,False,True,83833,467.0,35.0,public,True,False,2042,likely_non_release,too_long_over_15_minutes,trusted_music_platform,trusted,top20_manual_audit_2026-07-10; confidence=high,trusted_non_release_signal,trusted_source_but_v2_non_release_signal
4,فرزاد فرزین,pop,9,q4kQ5Eor5vM,Farzad Farzin - Cheshmat | OFFICIAL MUSIC VIDEO فرزاد فرزین - چشمات,UCMQ39QYA6tpAu_ZDaOWn7IQ,Farzad Farzin,2024-03-22T17:00:06Z,فرزاد فرزین,pending_review,,Farzad Farzin - Cheshmat | OFFICIAL MUSIC VIDEO فرزاد فرزین - چشمات,"Farzad Farzin - Cheshmat | ORIGINAL VIDEO 

https://fanlink.tv/Cheshmat

℗ Farzad Farzin
Composer: Emad Toghraee
Composer: Farzin Kateb
Lyricist: Araz Shirafkan
Arranger, Mixer, Mastering  Engineer: Hamed Baradaran
Arranger, Mixer, Mastering  Engineer: Omid Nikan
Released on: 2024-03-18

Listen On YT Music: https://bit.ly/3R04d7O
Listen On Spotify: https://bit.ly/3QAtKTt
Get On iTunes/AppleMusic: https://bit.ly/3R04d7O
Listen On Deezer: https://bit.ly/477Eznd
Buy From Amazon: https://bit.ly/49rgJUO


►Follow Farzad Farzin Online: 
Subscribe: https://bit.ly/3SIklvJ


#Cheshmat 
#چشمات 
#FarzadFarzin",UCMQ39QYA6tpAu_ZDaOWn7IQ,Farzad Farzin,2024-03-22T17:00:06Z,10,en,fa,PT3M29S,hd,True,True,2697401,4376.0,586.0,public,True,False,209,likely_release,release_title_pattern | music_category | licensed_content,official_artist,trusted,top20_manual_audit_2026-07-10; confidence=high,likely_release,v2_release_signal_and_trusted_source
4,فرزاد فرزین,pop,10,g7KvUmXIY60,Farzad Farzin - Farar (Music Video) | فرزاد فرزین - موزیک ویدئوی آهنگ جدید فرار,UCMQ39QYA6tpAu_ZDaOWn7IQ,Farzad Farzin,2025-03-27T15:30:16Z,فرزاد فرزین,pending_review,,Farzad Farzin - Farar (Music Video) | فرزاد فرزین - موزیک ویدئوی آهنگ جدید فرار,"Farzad Farzin - Farar (Music Video) | فرزاد فرزین - موزیک ویدئوی آهنگ جدید فرار

Composers: Farzad Farzin & Emad Toghraei
Lyrics: Farzad Farzin
Arrangement: Alireza Afshar
Mix & Mastering: Mohammad Fallahi
Executive Manager: Hamidreza Amini


متن آهنگ فرار از فرزاد فرزین:

میدونی دوست دارمو سر به سرم میذاری
تو با اون دلبریات حرصمو در میاری 
شر و شیطونی و هر چی که میخوای می پوشی 
حرف به خرجت نمیره بس که تو بازیگوشی
هوار هوار کردم هوای یار کردم
اونیکه میگفت دوسم نداشت
دلشو شکار کردم
تا وقتی عاشقم بشی
خودمو هلاک کردم
با این که نمکی 
دعوا داری الکی
انگار شد خبری
اوضاع شد خطری
من که فرار کردم
تو رو بیقرار کردم
الان نمیفهمی چی شد
میبینی چیکار کردم
اینور و‌ اونور میشینی
میگی تمومه دیگه
اما این عشق منه
به هیچکی رو نمیده
لج کردن کارته 
هر روز تو این رابطه 
اما توش ثابته
عشق..

---------------------------------------
Farzad Farzin - Farar 

℗ Farzad Farzin
Released on: 2025-03-09

►Follow Farzad Farzin Online: 
Subscribe: https://bit.ly/3SIklvJ


#farar
#فرار
#farzadfarzin",UCMQ39QYA6tpAu_ZDaOWn7IQ,Farzad Farzin,2025-03-27T15:30:16Z,10,fa,fa,PT3M28S,hd,False,True,2144441,5556.0,613.0,public,True,False,208,likely_release,release_title_pattern | music_category | licensed_content,official_artist,trusted,top20_manual_audit_2026-07-10; confidence=high,likely_release,v2_release_signal_and_trusted_source
4,فرزاد فرزین,pop,11,ZdEe9HWpIMo,Farzad Farzin - Soghoot (Music Video) | فرزاد فرزین - موزیک ویدیوی آهنگ جدید سقوط,UCMQ39QYA6tpAu_ZDaOWn7IQ,Farzad Farzin,2024-07-22T16:25:38Z,فرزاد فرزین,pending_review,,Farzad Farzin - Soghoot (Music Video) | فرزاد فرزین - موزیک ویدیوی آهنگ جدید سقوط,"من به قله نرسیدم که بخوام سقوط کنم...

ترانه #سقوط با صدای #فرزاد_فرزین منتشر شد 🔥

آخرین قسمت سریال «قطب شمال» در #فیلیمو 🧡

Lyrics & Melody: Farzad Farzin & Peyman Zarei
Arrangement, Mix & Mastering: Ehsan Ahmadi
Classic Guitar: Mehrdad Moafi
Acoustic Guitar: Amir Hossein Balouchian 
Photo: Fattah Zinouri
Cover Art: HaditsArtwork

کارگردان: امین محمودی یکتا
تهیه کننده: اکبر تحویلیان
با تشکر از کست تصویر
نویسندگان: حامد افضلی و امین محمودی یکتا

---------------------------------------
متن آهنگ سقوط از فرزاد فرزین:

زندگیم رو لب تیغه نمیشه با تو بیام
زخم من خیلی عمیقه نمیشه با تو بیام
آخر قصه چی میشه خودمم نمیدونم
واسه اینکه با تو باشم میخوام و نمیتونم
خیلی حرفارو نمیشه با ترانه ها بگی
عمریه چشمامو بستم رو تموم زندگی
وقتی ترسی تو دلم نیست واسه چی سکوت کنم
,من به قله نرسیدم که بخوام سقوط کنم
,رو به روم وایساده دنیا پل های شکسته پشتم
یه روزی توی گذشتم همه احساسمو کشتم
همه احستسمو کشتم
,میخوام حرفامو بدونی میکشه منو نگفتن
تو که رفتی همه دنیا دارن از چشام میافتن
سخته این بازی رو باختن
رو به روم وایساده دنیا پل های شکسته پشتم
یه روزی توی گذشتم همه احساسمو کشتم
همه احستسمو کشتم
میخوام حرفامو بدونی میکشه منو نگفتن
تو که رفتی همه دنیا دارن از چشام میافتن
سخته این بازی رو باختن
---------------------------------------
Farzad Farzin - Soghoot | ORIGINAL MUSIC

℗ Farzad Farzin
Released on: 2024-07-22

Listen On YT Music: https://bit.ly/3R04d7O
Listen On Spotify: https://bit.ly/3QAtKTt
Get On iTunes/AppleMusic: https://bit.ly/3R04d7O
Listen On Deezer: https://bit.ly/477Eznd
Buy From Amazon: https://bit.ly/49rgJUO


►Follow Farzad Farzin Online: 
Subscribe: https://bit.ly/3SIklvJ


#Ghotbe_Shomal
#قطب_شمال
#FarzadFarzin",UCMQ39QYA6tpAu_ZDaOWn7IQ,Farzad Farzin,2024-07-22T16:25:38Z,10,en,fa,PT3M14S,hd,False,True,732623,3023.0,497.0,public,True,False,194,likely_release,release_title_pattern | music_category | licensed_content,official_artist,trusted,top20_manual_audit_2026-07-10; confidence=high,likely_release,v2_release_signal_and_trusted_source
4,فرزاد فرزین,pop,12,zEmEJkVvK4o,Farzad Farzin - Top Songs | بهترین آهنگ های فرزاد فرزین 2025,UCCn_0vWsa35jSTRNlX15hzQ,TPM - Top Persian Music,2025-07-12T16:30:06Z,فرزاد فرزین,pending_review,,Farzad Farzin - Top Songs | بهترین آهنگ های فرزاد فرزین 2025,"فرزاد فرزین با سال‌ها حضور درخشان در موسیقی پاپ، کلی خاطره ساخته. تو این میکس، بهترین آهنگ‌های فرزاد فرزین رو برات گلچین کردیم تا لحظاتت رو با موزیک هایی پر از احساس و حال خوب رنگ بزنی. 🎵✨
-----------------------------------------------------------
آهنگ هایی که در این میکس از فرزاد فرزین میشنوید:👇

00:00 - Farzad Farzin - Farar
03:24 - Farzad Farzin - Cheshmat
06:31 - Farzad Farzin - Ghesseye Ma
09:53 - Farzad Farzin - Soghoot
12:32 - Farzad Farzin - Nafas
15:21 - Farzad Farzin - Shabgard
17:59 - Farzad Farzin - Ta Hamishe
21:06 - Farzad Farzin - Tamoomesh Kon
24:21 - Farzad Farzin - Tanha
28:01 - Farzad Farzin - Javaher
30:51 - Farzad Farzin - Atish
34:07 - Farzad Farzin - Nagi Ke Nagoftam
37:06 - Farzad Farzin - Koohe Yakh
39:59 - Farzad Farzin - Much Love
42:47 - Farzad Farzin - Bi Enteha
45:27 - Farzad Farzin - Ghotbe Shomal
48:39 - Farzad Farzin - Rade Pa
-----------------------------------------------------------
#farzad_farzin 
#top_persian_music 
#فرزاد_فرزین",UCCn_0vWsa35jSTRNlX15hzQ,TPM - Top Persian Music,2025-07-12T16:30:06Z,10,fa,fa,PT51M47S,hd,False,True,8551,66.0,6.0,public,True,False,3107,likely_non_release,too_long_over_15_minutes,trusted_music_platform,trusted,top20_manual_audit_2026-07-10; confidence=high,trusted_non_release_signal,trusted_source_but_v2_non_release_signal
4,فرزاد فرزین,pop,13,ErJWJv7oZl4,Farzad Farzin – Ayandeh (Official Music Video) | موزیک‌ویدئوی «آینده» فرزاد فرزین,UCMQ39QYA6tpAu_ZDaOWn7IQ,Farzad Farzin,2019-10-14T15:19:21Z,فرزاد فرزین,pending_review,,Farzad Farzin – Ayandeh (Official Music Video) | موزیک‌ویدئوی «آینده» فرزاد فرزین,"""Ayandeh"" Music Video by Farzad Farzin
Listen to Farzad Farzin on Spotify &  Music.

موزیک‌ویدئوی #آینده با صدای فرزاد فرزین
تیتراژ پایانی سریال «مانکن»
_
Directed by: Vahid Amini

Subscribe to the official Farzad Farzin YouTube channel:
 https://youtube.com/c/farzadfarzinnet

Follow Farzad Farzin:
Website: http://farzadfarzin.net
Instagram: https://instagram.com/farzadfarzin1
Facebook: https://facebook.com/farzadfarzinfans
YouTube: https://youtube.com/c/farzadfarzinnet
Spotify: https://open.spotify.com/artist/6CwqlS95wmmB4ZWgCtdzUi


Chorus:

Yadet Mioftam, Ba Gerye Mikhandam
Roo kolle donya, cheshmamo mibandam
roo harchi daram, hatta roo ayandam.
deltang ke mishi, hesseto migiram
deltangami ke daram barat mimiram

–

یادت میافتم، با گریه می‌خندم
رو کل دنیا چشمامو می‌بندم
رو هر چه دارم، حتی رو آینده‌م
دلتنگ که می‌شی، حستو می‌گیرم
دلتنگمی که دارم برات می‌میرم
بدون چشمات از زندگی سیرم
دستاتو می‌گیرم

لحظه ای که تو رو راهی کردم
می دونستم چه گناهی کردم.

–

#FarzadFarzin #Ayandeh #MusicVideo #Pop #Mankan",UCMQ39QYA6tpAu_ZDaOWn7IQ,Farzad Farzin,2019-10-14T15:19:21Z,10,fa,fa-IR,PT4M1S,hd,False,True,1578985,6807.0,593.0,public,True,False,241,likely_release,release_title_pattern | music_category | licensed_content,official_artist,trusted,top20_manual_audit_2026-07-10; confidence=high,likely_release,v2_release_signal_and_trusted_source
4,فرزاد فرزین,pop,14,tSA-WxB7ts8,Farzad Farzin - Oghyanoos ( فرزاد فرزین - اقیانوس ),UCuGnnvoIOfRfkvYVHzTUWYQ,Persian Media Group,2018-08-06T14:46:27Z,فرزاد فرزین,pending_review,,Farzad Farzin - Oghyanoos ( فرزاد فرزین - اقیانوس ),"►Subscribe to Persian Media Group on YouTube: 
https://bit.ly/PersianMedia-YouTube

►Listen To More Music By Farzad Farzin : 
Youtube : https://bit.ly/FarzadFarzin-YouTubeMusic
Spotify : https://bit.ly/FarzadFarzin-SpotifyMusic
iTunes : https://bit.ly/FarzadFarzin-iTunesMusic

►Follow Persian Media Group Online :
Instagram : https://bit.ly/PersianMedia-Instagram
Facebook : https://bit.ly/PersianMedia-FaceBook

Official Music Video By Farzad Farzin Performing “ Oghyanoos “

►Official Lyrics :
""متن آهنگ اقیانوس از فرزاد فرزین""

میخندی و خندت مثله اون اولا نیست اینجایی اما فکرت اصلا این جاها نیست
جوری غریبی میکنی با من که انگار حتی قیافم واسه ی تو آشنا نیست
حتی قیافم واسه ی تو آشنا نیست

اینکه تو رو از دست بدم کابوسه من بود آغوشه آرومه تو اقیانوسه من بود
تو تا همیشه تویه قلبم موندگاری واسه پشیمونی همیشه وقت داری

اینکه تو رو از دست بدم کابوسه من بود آغوشه آرومه تو اقیانوسه من بود
تمومه لحظه های بی تو ناتمومه تصویر خنده هات همیشه رو به رومه

غیر از کسی که بینه ماهارو بهم زد حالا دیگه هیشکی میونه ما دو تا نیست
من دست و پامو تویه عشقت بستمو اون حتما مثله من تویه عشق بی دست و پا نیست
هر روز میگم با خودم مردم براش تا بعدا نپرسم از خودم هر روز چرا نیست

اینکه تو رو از دست بدم کابوسه من بود آغوشه آرومه تو اقیانوسه من بود
تو تا همیشه تویه قلبم موندگاری واسه پشیمونی همیشه وقت داری

اینکه تو رو از دست بدم کابوسه من بود آغوشه آرومه تو اقیانوسه من بود
تمومه لحظه های بی تو ناتمومه تصویر خنده هات همیشه رو به رومه #PersianMusic #WorldMusic #TraditionalAndContemporary",UCuGnnvoIOfRfkvYVHzTUWYQ,Persian Media Group,2018-08-06T14:46:27Z,10,fa,en-US,PT3M49S,hd,False,True,926236,3509.0,104.0,public,True,False,229,needs_review,music_category_and_licensed_but_no_release_pattern,label_or_distributor,trusted,sources_21_40_manual_audit_2026-07-10; confidence=high,trusted_needs_content_review,trusted_source_but_v2_content_ambiguous
4,فرزاد فرزین,pop,15,Lu50j4XWKxc,فرزاد فرزین در قسمت سوم پامپ ۲,UCMPdfQnOy5Vu07j6C141FWQ,PUMP VOD,2025-09-18T08:30:28Z,فرزاد فرزین,pending_review,,فرزاد فرزین در قسمت سوم پامپ ۲,"🎬 در این ویدیو قسمت سوم فصل دوم «پامپ» رو می‌بینید؛
با اجرای امیرحسین قیاسی و حضور فرزاد فرزین✨

📺 «پامپ ۲» والکس رو هر دوشنبه و پنجشنبه ساعت ۱۲ از همین کانال دنبال کنید.

#والکس #صرافی_والکس #پامپ_والکس #امیرحسین_قیاسی #فرزادفرزین",UCMPdfQnOy5Vu07j6C141FWQ,PUMP VOD,2025-09-18T08:30:28Z,24,fa,,PT1H2M50S,hd,False,True,1519464,20142.0,4090.0,public,True,False,3770,likely_non_release,too_long_over_15_minutes,entertainment,excluded,sources_21_40_manual_audit_2026-07-10; confidence=high,likely_non_release,excluded_source_registry
4,فرزاد فرزین,pop,16,3IOHKH0M53M,Farzad Farzin – Bi Enteha (Official Music Video) | موزیک‌ویدئوی «بی انتها» فرزاد فرزین,UCMQ39QYA6tpAu_ZDaOWn7IQ,Farzad Farzin,2020-02-17T17:19:45Z,فرزاد فرزین,pending_review,,Farzad Farzin – Bi Enteha (Official Music Video) | موزیک‌ویدئوی «بی انتها» فرزاد فرزین,"""Bi Enteha"" Music Video by Farzad Farzin
Listen to my music on Spotify &  Music.

موزیک‌ویدئوی #بی_انتها با صدای فرزاد فرزین
تیتراژ پایانی سریال «مانکن»
_
This is my Official YouTube Channel:
https://youtube.com/c/farzadfarzinnet

Follow Farzad Farzin:
Website: http://farzadfarzin.net
Instagram: https://instagram.com/farzadfarzin1
Facebook: https://facebook.com/farzadfarzinfans
YouTube: https://youtube.com/c/farzadfarzinnet
Spotify: https://open.spotify.com/artist/6CwqlS95wmmB4ZWgCtdzUi


Chorus:
bemiram man vase eshghe dotamoono
vase tanhayie bi entehamoono
ki bayad jam kone in ghalbe daghoono?
To rafti zendegimoon raft
ye ashegh zire baroon raft
didi akhar yekimoon raft?
kojayi?

–
بمیرم من واسه عشق دوتامونو
واسه تنهایی بی انتهامونو
کی باید جمع کنه این قلب داغونو؟
تو رفتی و غمت یک شبه آبم کرد
ببین دنیا منو بی تو جوابم کرد
تو رفتی حرف این مردم خرابم کرد
تو رفتی زندگیمون رفت
یه عاشق زیر بارون رفت
دیدی آخر یکیمون رفت؟
کجایی؟

–

#FarzadFarzin #BiEnteha #MusicVideo #Pop #Mankan
My Publisher for this video: CDBaby",UCMQ39QYA6tpAu_ZDaOWn7IQ,Farzad Farzin,2020-02-17T17:19:45Z,10,fa,fa-IR,PT3M16S,sd,False,True,2543328,16594.0,1506.0,public,True,False,196,likely_release,release_title_pattern | music_category | licensed_content,official_artist,trusted,top20_manual_audit_2026-07-10; confidence=high,likely_release,v2_release_signal_and_trusted_source
4,فرزاد فرزین,pop,17,lY0HiviZ-VE,Farzad Farzin - Bi Enteha || فرزاد فرزین - بی انتها,UCCn_0vWsa35jSTRNlX15hzQ,TPM - Top Persian Music,2020-11-06T14:30:03Z,فرزاد فرزین,pending_review,,Farzad Farzin - Bi Enteha || فرزاد فرزین - بی انتها,"آهنگ فارسی بی انتها از فرزاد فرزین

Farzad Farzan - Bi Enteha || فرزاد فرزین - بی انتها

----------------------------------

آهنگها و موزیک ویدیوهای فرزاد فرزین در لینک زیر 

https://www.youtube.com/watch?v=T9Kb9OEp2Kg&list=PLlVABjnN0Zp_MJP1qNayzvcxT0OyjaT75

----------------------------------

شناسنامه آهنگ بی انتها از فرزاد فرزین 

خواننده : فرزاد فرزین
ترانه :‌ حامد رجبی و و مسعود محمدی
موزیک :‌ فرزاد فرزین و عماد طغرایی
میکس و مسترینگ : ایمان احمدزاده

----------------------------------

متن آهنگ بی انتها از فرزاد فرزین

بمیرم من واسه عشق دوتامونو
واسه تنهایی بی انتهامونو
کی باید جمع کنه این قلب داغونو

تو رفتی و غمت یه شبه آبم کرد
ببین دنیا منو بی تو جوابم کرد
تو رفتی حرف این مردم خرابم کرد

تو رفتی زندگیمون رفت
یه عاشق زیر بارون رفت
دیدی آخر یکیمون رفت کجایی

بمیرم بهتر از اینه نمیتونه تو این سینه
تموم شهر غمگینه کجایی

نه میتونم برم از خونه بیرون
نه از فکر توئه دیوونه بیرون
تو نیستی و هنوز بارونه بیرون
تو نیستی و هنوز اسمت عزیزه

رفیق قلبی که بی تو مریضه
همین تنهاییه بی همه چیزه

تو رفتی زندگیمون رفت
یه عاشق زیر بارون رفت
دیدی آخر یکیمون رفت کجایی

----------------------------------

#Farzad_Farzin
#فرزاد_فرزین
#Bi_Enteha
#بی_انتها
#TPM
#Top_Persian_Music
#Persian_Music
#Atish
#آتیش
#Kharabesh_Kardi
#Mankan
#سریال_مانکن
#Jaye_To_Khalie",UCCn_0vWsa35jSTRNlX15hzQ,TPM - Top Persian Music,2020-11-06T14:30:03Z,10,fa,fa,PT3M17S,hd,True,True,134335,1385.0,31.0,public,True,False,197,needs_review,music_category_and_licensed_but_no_release_pattern,trusted_music_platform,trusted,top20_manual_audit_2026-07-10; confidence=high,trusted_needs_content_review,trusted_source_but_v2_content_ambiguous
4,فرزاد فرزین,pop,18,04cQcPj2Qj8,Farzad Farzin – Nagi ke Nagoftam (Mp3) – آهنگ «نگی که نگفتم» فرزاد فرزین,UCMQ39QYA6tpAu_ZDaOWn7IQ,Farzad Farzin,2022-03-11T09:30:00Z,فرزاد فرزین,pending_review,,Farzad Farzin – Nagi ke Nagoftam (Mp3) – آهنگ «نگی که نگفتم» فرزاد فرزین,"Farzad Farzin's Nagi ke Nagoftam – Music (Mp3)
 موزیک نگی که نگفتم با صدای فرزاد فرزین

Subscribe to the official Farzad Farzin YouTube channel:
https://youtube.com/c/farzadfarzinnet​

Follow Farzad Farzin:
Website: http://farzadfarzin.net​
Spotify: https://open.spotify.com/artist/6CwqlS95wmmB4ZWgCtdzUi
Instagram: https://instagram.com/farzadfarzin1​
Facebook: https://facebook.com/farzadfarzinfans​
YouTube: https://youtube.com/c/farzadfarzinnet​

–
Cover art: Saalaar Pizari
Music and Lyrics: Farzad Farzin
Lyrics 2: Pedram Shahrabi
Arrangement, Mix & Mastering:  Hamed Baradaran
Executive Manager: Hamidreza Amini
Thanks to Shock Band

#FarzadFarzin #NagikeNagoftam #MusicVideo #IranianMusic #PersianMusic #OldSchool",UCMQ39QYA6tpAu_ZDaOWn7IQ,Farzad Farzin,2022-03-11T09:30:00Z,10,en,fa-IR,PT3M9S,hd,False,True,502830,2585.0,551.0,public,True,False,189,needs_review,music_category_and_licensed_but_no_release_pattern,official_artist,trusted,top20_manual_audit_2026-07-10; confidence=high,trusted_needs_content_review,trusted_source_but_v2_content_ambiguous
4,فرزاد فرزین,pop,19,MaOhPH1bWJk,Farzad Farzin - Man Be Jahanam - Official Video ( فرزاد فرزین - من به جهنم - ویدیو ),UCuGnnvoIOfRfkvYVHzTUWYQ,Persian Media Group,2020-03-13T13:30:00Z,فرزاد فرزین,pending_review,,Farzad Farzin - Man Be Jahanam - Official Video ( فرزاد فرزین - من به جهنم - ویدیو ),"این قلب از عشق تو نابود من این نفسای بغض آلود من دلتنگیای زود به زود من سرگیجه های گیج هر روزم تو خاطره های تلخ دیروزم تو آتیشی که توش میسوزم تو اصلا من به جهنم ولی این بارون نم نم دلش تنگ میشه مارو توی این کوچه نبینه اصلا من به جهنم ولی این بارون نم نم دلش میگیره تورو با کسی دیگه ببینه

این زندگی بی اسم تو هی درده هی فکر تو هی دوش آب سرده عشقت منو دیدی روانی کرده چشم من از عشق تو حلق آویزه بارون اشکام بعد تو میریزه پاییز هی پاییز هی پاییزه .. اصلا من به جهنم ولی این بارون نم نم دلش تنگ میشه مارو توی این کوچه نبینه اصلا من به جهنم ولی این بارون نم نم دلش میگیره تورو با کسی دیگه ببینه

اصلا من به جهنم ولی این بارون نم نم دلش تنگ میشه مارو توی این کوچه نبینه اصلا من به جهنم ولی این بارون نم نم دلش میگیره تورو با کسی دیگه ببینه من در این آیه تورا آ

ه کشیدم آه من در این آیه تورا به درخت و آب و آتش پیوند میزدمFarzad Farzin - Man Be Jahanam - Official Video ( فرزاد فرزین - من به جهنم - ویدیو )

Subscribe to Persian Media Group : http://bit.ly/PersianMedia #PersianMusic #WorldMusic #TraditionalAndContemporary",UCuGnnvoIOfRfkvYVHzTUWYQ,Persian Media Group,2020-03-13T13:30:00Z,10,fa,,PT3M15S,hd,False,True,64773,518.0,26.0,public,True,False,195,likely_release,release_title_pattern | music_category | licensed_content,label_or_distributor,trusted,sources_21_40_manual_audit_2026-07-10; confidence=high,likely_release,v2_release_signal_and_trusted_source
4,فرزاد فرزین,pop,20,gOOcxWbdRgE,Farzad Farzin - Asheghaneh - Official Video ( فرزاد فرزین - موزیک ویدئوی عاشقانه ),UCpToffK2aE57CCK_uBCNHyA,Fact Music,2019-09-08T11:12:47Z,فرزاد فرزین,pending_review,,Farzad Farzin - Asheghaneh - Official Video ( فرزاد فرزین - موزیک ویدئوی عاشقانه ),"For the latest Persian songs please subscribe to NG Network official channel: https://bit.ly/NGNetworkMusic

Enjoy the best songs from top artist 👇👇

Best Persian Hits: https://bit.ly/BestPersianHits

Mohsen Chavoshi: https://bit.ly/MohsenChavoshiSongs

Mohsen Lorestani: https://bit.ly/MohsenLorestani-Hits

Saman Jalili: https://bit.ly/SamanJalili-Hits

Majid Kharatha: https://bit.ly/MajidKharatha-Hits

Sohrab Pakzad:  https://bit.ly/SohrabPakzad-Hits

Yousef Zamani: https://bit.ly/YousefZamani-Hits

Asef Aria: https://bit.ly/AsefAria-Hits

Salar Aghili: https://bit.ly/SalarAghili-Hits

Soheil Rahmani: https://bit.ly/SoheilRahmani-Hits


FOLLOW  NG Network👇
                 https://www.instagram.com/ng.networkco/

Please take a moment and share this video with your friends. Thank you

#persianmusic
#persiansongs
#bestpersiansongs",UCpToffK2aE57CCK_uBCNHyA,Fact Music,2019-09-08T11:12:47Z,10,en,fa,PT3M55S,hd,False,True,74084,652.0,15.0,public,True,False,235,likely_release,release_title_pattern | music_category | licensed_content,label_or_distributor,trusted,top20_manual_audit_2026-07-10; confidence=high,likely_release,v2_release_signal_and_trusted_source
4,فرزاد فرزین,pop,21,ynz643RIo5o,Farzad Farzin - Gheseye Ma Music Video | فرزاد فرزین - موزیک ویدیو آهنگ جدید قصه ما,UCMQ39QYA6tpAu_ZDaOWn7IQ,Farzad Farzin,2024-11-12T16:30:12Z,فرزاد فرزین,pending_review,,Farzad Farzin - Gheseye Ma Music Video | فرزاد فرزین - موزیک ویدیو آهنگ جدید قصه ما,"موزیک ویدیو آهنگ فرزاد فرزین به اسم ""قصه ما"" منتشر شد😍🎵

Farzad Farzin - Gheseye Ma Music Video

---------------------------------------

متن آهنگ قصه ما از فرزاد فرزین:

چرا نمیپره از تو سرم عطر تنت
مثل آرامش محضه تو چشام زل زدنت
واسه عشقت یه تنه پا میذارم رو همه
دل من مال تو و قلب توام مال منه
عشقم بغل تو یه جوریه که انگاری توی بهشتم
از ته قلبم این شعرو فقط واسه ی تو نوشتم
با تو فقط خوبه عاشقی کردن تو نترس و دلت رو بدش من
بعد از این قصه ی ما دوتارو هم
تو کتاب عاشقا حک میکنن
جای شیرین جای فرهاد اسم ماست
که باهاش ترانه هارو میخونن
خوب نگاه کن عزیزم دنیا هم میدونه
که یه روحیم تو دوتا جسم تنمون زندونه
تو ازم دور نمیشی چون توی قلب منی 
خودتم بخوای نمیشه منو از یاد ببری

---------------------------------------

Farzad Farzin - Gheseye Ma | ORIGINAL MUSIC

℗ Farzad Farzin
Released on: 2024-08-28

►Follow Farzad Farzin Online: 
Subscribe: https://bit.ly/3SIklvJ


#Gheseye_Ma
#قصه_ما
#farzadfarzin",UCMQ39QYA6tpAu_ZDaOWn7IQ,Farzad Farzin,2024-11-12T16:30:12Z,10,fa,fa,PT3M41S,hd,False,True,376017,1507.0,503.0,public,True,False,221,likely_release,release_title_pattern | music_category | licensed_content,official_artist,trusted,top20_manual_audit_2026-07-10; confidence=high,likely_release,v2_release_signal_and_trusted_source
4,فرزاد فرزین,pop,22,k9U11IVfTZc,Farzad Farzin - Rooz O Shab (Music Video) | فرزاد فرزین - موزیک ویدیو آهنگ روز و شب,UCMQ39QYA6tpAu_ZDaOWn7IQ,Farzad Farzin,2025-09-19T18:03:26Z,فرزاد فرزین,pending_review,,Farzad Farzin - Rooz O Shab (Music Video) | فرزاد فرزین - موزیک ویدیو آهنگ روز و شب,"Farzad Farzin - Rooz O Shab (Music Video) | فرزاد فرزین - موزیک ویدیو آهنگ روز و شب

Farzad Farzin - Rooz o Shab (Music Video)

Lyrics: Ali Eilia
Music: Farzad Farzin & Emad Toghraei
Arrangement, Mix  Master: Kooshan Haddad


متن آهنگ روز و شب از فرزاد فرزین:

شر میکنم من روزو شب میکنم پای تو باشه یه جنگ توی این شهر میکنم
تویی بوت میتونه منو بکشه زنده کنه نرو نمیذارم که کسی منو بازنده کنه
هرکی خط میده بهت دور میکنم نمیبینی عقب نشینی کنم
برای یه سریا حالا دارم من خودم گرگ روزگارم
حالا وایسا ببین کی کجا سرشو میندازه پایین
اینجوری نمیمونه گرده زمین همه چی درست میشه وایسا ببین
بزنیم و بریم از اینجا بذار کفری شن این حسودا
شدی تموم قلب و جونم تا پای جونم باهات میمونم
نمیشه یه لحظه ام نباشی تو مسیری که نشه یه راه شیم
راهی که همسفرش تو باشی جاده منم تو انتهاشی


►Follow Farzad Farzin Online: 
Subscribe: https://bit.ly/3SIklvJ

#farzadfarzin 
#RoozOShab",UCMQ39QYA6tpAu_ZDaOWn7IQ,Farzad Farzin,2025-09-19T18:03:26Z,10,fa,fa,PT3M52S,hd,False,True,104823,1034.0,413.0,public,True,False,232,likely_release,release_title_pattern | music_category | licensed_content,official_artist,trusted,top20_manual_audit_2026-07-10; confidence=high,likely_release,v2_release_signal_and_trusted_source
4,فرزاد فرزین,pop,23,vRhkav31tkI,💫 Farzad Farzin - Javaher (New Camp) Official Music Video – ویدئوکلیپ سریال نیوکمپ فرزاد فرزین,UCMQ39QYA6tpAu_ZDaOWn7IQ,Farzad Farzin,2023-05-05T14:27:53Z,فرزاد فرزین,pending_review,,💫 Farzad Farzin - Javaher (New Camp) Official Music Video – ویدئوکلیپ سریال نیوکمپ فرزاد فرزین,"Farzad Farzin – Javaher (New Camp series) Official Music video

 کلیپ آهنگ جواهر فرزاد فرزین برای تیتراژ سریال نیوکمپ ❤️
بزودی از فیلیمو.

–
Subscribe to the official Farzad Farzin YouTube channel:
https://www.youtube.com/c/farzadfarzinnet

Follow Farzad Farzin:
Website: http://farzadfarzin.net​
Spotify: https://open.spotify.com/artist/6CwqlS95wmmB4ZWgCtdzUi
Instagram: https://instagram.com/farzadfarzin1​
Facebook: https://facebook.com/farzadfarzinfans​
YouTube:   https://www.youtube.com/c/farzadfarzinnet
_
Music video Director: Mehdi Falakboland
Music: Emad Toghraei
Arrangement, Mix and Mastering: Behrad Shahriari
Lyrics: Atousa Kalantari


Electric Guitar: Mehrdad Moafi
Bass Guitar: Hooman Salahi

Special Thanks:
Manouchehr Hadi, Zeynab Taghvaei
_
#FarzadFarzin #Newcamp #Javaher #Filimo #Dance",UCMQ39QYA6tpAu_ZDaOWn7IQ,Farzad Farzin,2023-05-05T14:27:53Z,10,fa,fa-IR,PT3M2S,hd,False,True,2735923,3615.0,427.0,public,True,False,182,likely_release,release_title_pattern | music_category | licensed_content,official_artist,trusted,top20_manual_audit_2026-07-10; confidence=high,likely_release,v2_release_signal_and_trusted_source
4,فرزاد فرزین,pop,24,VpO87vdDXAc,Farzad Farzin - Kolbeh (Music Video) | موزیک ویدیو آهنگ جدید کلبه از فرزاد فرزین,UCMQ39QYA6tpAu_ZDaOWn7IQ,Farzad Farzin,2025-11-26T17:30:06Z,فرزاد فرزین,pending_review,,Farzad Farzin - Kolbeh (Music Video) | موزیک ویدیو آهنگ جدید کلبه از فرزاد فرزین,"Farzad Farzin - Kolbeh (Music Video) | موزیک ویدیو آهنگ جدید کلبه از فرزاد فرزین

Lyrics: Mitra Mehripour
Music: Farzad Farzin
Arrangement: Ehsan Ahmadi
Guitar: Behnam Rahnama
Setar: Mahdiyar
Mix & Master: Mohammad Fallahi


متن آهنگ کلبه از فرزاد فرزین:

خونه همون خونست ولي
درارو بستم رو خودم
از بس كه خستم از همه
عاشق تنهايي شدم
بارون دیگه نمیزنه
پاییزم عاشقونه نیست
هیچیم شبیه قبلنه
اين آدم دیوونه نیست
دلتنگ روزای دورم
که خوش بودیم تو هر حالی
یه آتیش و یه موزیک و
یه جنگل دورمون خالی
چه حالي داره بيخيالي
جاموندم از خودمو از همه دلگير دلم
خاطره هام يادم بره ديگه چي 
مي مونه ازم
اگه نشه با غم تهرون و شباش كنار بيام
خونه پُرش تنها ميرم يه كلبه  تو جنگل ميسازم ..
اگه دوباره  رفتي تو اون حال و هوا
بارون كه باريد چترت و بردارو بيا
شايد تونستيم شايد تموم شد اين شبا
چه ميدونستم تهش قراره چي بشه
من فك ميكردم ميگذره و تموم ميشه
كاشكي بدونم بعد از تو اين هوا چشه

►Follow Farzad Farzin Online: 
Subscribe: https://bit.ly/3SIklvJ

#farzadfarzin 
#kolbeh",UCMQ39QYA6tpAu_ZDaOWn7IQ,Farzad Farzin,2025-11-26T17:30:06Z,10,fa,fa,PT3M44S,hd,True,True,68198,943.0,575.0,public,True,False,224,likely_release,release_title_pattern | music_category | licensed_content,official_artist,trusted,top20_manual_audit_2026-07-10; confidence=high,likely_release,v2_release_signal_and_trusted_source
4,فرزاد فرزین,pop,25,AZPF2AtYsCQ,Farzad Farzin – Tamoomesh Kon (Unplugged) – موزیک ویدئوی تمومش کن فرزاد فرزین ( زنده - آنپلاگد),UCMQ39QYA6tpAu_ZDaOWn7IQ,Farzad Farzin,2023-09-10T17:15:00Z,فرزاد فرزین,pending_review,,Farzad Farzin – Tamoomesh Kon (Unplugged) – موزیک ویدئوی تمومش کن فرزاد فرزین ( زنده - آنپلاگد),"❤️‍🩹 Tamoomesh Kon Unplugged by Farzad Farzin – موزیک ویدئوی «تمومش کن آنپلاگد» با صدای فرزاد فرزین–

Director: Aref Samadian
Lyrics & Music: Farzad Farzin
Arrangement, Mix, and Mastering: Mehran Khalili
Special thanks to Shock Band
–


#FarzadFarzin #TamoomeshKon #VideoClip #Pop #unplugged",UCMQ39QYA6tpAu_ZDaOWn7IQ,Farzad Farzin,2023-09-10T17:15:00Z,10,fa,fa-IR,PT3M36S,hd,True,True,124026,1245.0,13372.0,public,True,False,216,needs_review,review_title_pattern_live_or_unplugged,official_artist,trusted,top20_manual_audit_2026-07-10; confidence=high,trusted_needs_content_review,trusted_source_but_v2_content_ambiguous
5,محسن یگانه,pop,1,cDNDVtoJhik,Mohsen Yeganeh - Behet Ghol Midam ( I promise you ),UCF2LMk6XCzazmPPWrxc7qSg,Mohsen Yeganeh,2016-12-22T23:01:26Z,محسن یگانه,pending_review,,Mohsen Yeganeh - Behet Ghol Midam ( I promise you ),"Added Subtitles

Mp3 Link 
Live Version   http://mohsen-yeganeh.net/music/Mohsen%20Yeganeh%20-%20Behet%20Ghol%20Midam(LIVE%20VERSION).mp3
Orginal Version  http://www.mohsen-yeganeh.net/fansclub/wp-content/uploads/2016/02/Mohsen-Yeganeh-Behet-Ghol-Midam.mp3

Mixing and Mastering by: Arash Pakzad

www.Mohsen-Yeganeh.Net

 #mohsenyeganeh #BehetGholMidam #IPromiseYou",UCF2LMk6XCzazmPPWrxc7qSg,Mohsen Yeganeh,2016-12-22T23:01:26Z,10,fa,fa-IR,PT4M45S,hd,True,True,285002691,991017.0,110053.0,public,True,False,285,needs_review,music_category_and_licensed_but_no_release_pattern,official_artist,trusted,top20_manual_audit_2026-07-10; confidence=high,trusted_needs_content_review,trusted_source_but_v2_content_ambiguous
5,محسن یگانه,pop,3,Qxob8n-4YoU,واکنش خارجی ها به آهنگ &quot;بهت قول میدم&quot; محسن یگانه,UCUR0IBUfM1puV2qa-3m7FWQ,farsiReact,2022-01-22T19:36:14Z,محسن یگانه,pending_review,,"واکنش خارجی ها به آهنگ ""بهت قول میدم"" محسن یگانه","آهنگ بهت قول میدم یکی از پرطرفدارترین ها در بین خارجی ها است.

ری‌اکشن به این آهنگ خیلی زیاده برای همین قراره قسمت دوم و به احتمال زیاد قسمت سوم هم آپلود بشه


فقط در همین حد بگیم که خیلیا عاشق این اهنگ هستند",UCUR0IBUfM1puV2qa-3m7FWQ,farsiReact,2022-01-22T19:36:14Z,10,fa,,PT14M28S,hd,False,False,3405608,59519.0,5252.0,public,True,False,868,likely_non_release,non_release_title_pattern,reaction,excluded,top20_manual_audit_2026-07-10; confidence=high,likely_non_release,excluded_source_registry
5,محسن یگانه,pop,4,_bB6-OC0568,اجراى زنده ى آهنگهاى وقتى نيستى، گيرم بازم بيايى محسن يگانه/ Mohsen yeganeh old songs selection live,UCbH4g2hM_uquaz5oqnfuCcQ,Persian Music & Concerts,2017-07-28T19:47:05Z,محسن یگانه,pending_review,,اجراى زنده ى آهنگهاى وقتى نيستى، گيرم بازم بيايى محسن يگانه/ Mohsen yeganeh old songs selection live,"Mohsen Yeganeh's old songs Live/ Nostalgic concert

#محسن_یگانه
#mohsenyeganeh #persianmusic #persianconcert #live",UCbH4g2hM_uquaz5oqnfuCcQ,Persian Music & Concerts,2017-07-28T19:47:05Z,10,fa,,PT3M27S,sd,False,False,199790,1681.0,86.0,public,True,False,207,needs_review,review_title_pattern_live_or_unplugged,concert_channel,excluded,sources_61_80_manual_audit_2026-07-10; confidence=high,likely_non_release,excluded_source_registry
5,محسن یگانه,pop,5,EcsR7-i4wgQ,Mohsen Yeganeh - Nadaramet ( محسن یگانه - ندارمت ),UCF2LMk6XCzazmPPWrxc7qSg,Mohsen Yeganeh,2022-03-26T11:42:18Z,محسن یگانه,pending_review,,Mohsen Yeganeh - Nadaramet ( محسن یگانه - ندارمت ),"Mohsen Yeganeh - Nadaramet ( محسن یگانه - ندارمت )
*Added Subtitles*
Please Subscribe Our Channel: https://bit.ly/3bLCpfW
Follow Mohsen Yeganeh:
Facebook: https://www.facebook.com/MohsenYeganehOfficial/
Instagram: https://www.instagram.com/mohsen/
Twitter: https://twitter.com/mohsen_yeganeh
Website: http://mohsen-yeganeh.net/

Mohsen Yeganeh - Nadaramet
Lyrics: Mohsen Yeganeh
Music: Mohsen Yeganeh
Arrangement: Alireza Riazi
Mix and Mastering: Arash Pakzad

Listen on Spotify: https://sptfy.com/nadaramet
Listen on Tidal: https://tidal.com/browse/album/222670373
Listen on Itunes: https://apple.co/3NqdphE

محسن یگانه - ندارمت
ترانه سرا: محسن یگانه
آهنگساز: محسن یگانه
تنظیم: علیرضا ریاضی
میکس و مستر: آرش پاکزاد

#mohsenyeganeh #nadaramet #ندارمت",UCF2LMk6XCzazmPPWrxc7qSg,Mohsen Yeganeh,2022-03-26T11:42:18Z,10,fa,fa,PT3M48S,hd,True,True,1338059,11288.0,1941.0,public,True,False,228,needs_review,music_category_and_licensed_but_no_release_pattern,official_artist,trusted,top20_manual_audit_2026-07-10; confidence=high,trusted_needs_content_review,trusted_source_but_v2_content_ambiguous
5,محسن یگانه,pop,6,SVyUYG47dTA,Mohsen Yeganeh - Top 10 Songs ( محسن یگانه - ده تا از بهترین آهنگ ها ),UC8u6telGfDJ2wd8lSwLoauQ,Persian Music Group,2025-03-02T08:30:08Z,محسن یگانه,pending_review,,Mohsen Yeganeh - Top 10 Songs ( محسن یگانه - ده تا از بهترین آهنگ ها ),"►Subscribe to Persian Music Group on YouTube: 
https://bit.ly/PersianMusic-YouTube

►Listen To More Music By Mohsen Yeganeh :
Youtube : https://bit.ly/BestPersianMusic-YouTube
Spotify : https://bit.ly/PersianMusic-Top50

►Follow Persian Music Group Online :
Instagram : https://bit.ly/PersianMedia-Instagram
Facebook : https://bit.ly/PersianMedia-FaceBook

Tracklist:

00:00 - Mohsen Yeganeh - Bemoon ( محسن یگانه - بمون )
04:45 - Mohsen Yeganeh - Dooset Daram ( محسن یگانه - دوست دارم )
08:04 - Mohsen Yeganeh - Sokoot ( محسن یگانه - سکوت )
11:37 - Mohsen Yeganeh - Havaei Shodi ( محسن یگانه - هوایی شدی )
15:20 - Mohsen Yeganeh - Nabashi ( محسن یگانه - نباشی )
19:12 - Mohsen Yeganeh - Bavar Konam ( محسن یگانه - باور کنم )
23:03 - Mohsen Yeganeh - Dorahi ( محسن یگانه - دو راهی )
26:49 - Mohsen Yeganeh - To Ke Midooni ( محسن یگانه - تو که میدونی )
30:29 - Mohsen Yeganeh - Azaab ( محسن یگانه - عذاب )
35:02 - Mohsen Yeganeh - Bekhand ( محسن یگانه - بخند )",UC8u6telGfDJ2wd8lSwLoauQ,Persian Music Group,2025-03-02T08:30:08Z,10,fa,fa-IR,PT39M49S,hd,False,True,122165,798.0,30.0,public,True,False,2389,likely_non_release,too_long_over_15_minutes,trusted_music_platform,trusted,top20_manual_audit_2026-07-10; confidence=high,trusted_non_release_signal,trusted_source_but_v2_non_release_signal
5,محسن یگانه,pop,7,fujyqVSC0QM,نمیدونستم محسن یگانه دخـتر داره و اینقدر هم شبیهشه😍🌱ig:@mohsen_yeganeh_saba,UCZ_EaorXnxxb-lr4Et2AZaQ,ژلوفن,2024-11-23T20:24:50Z,محسن یگانه,pending_review,,نمیدونستم محسن یگانه دخـتر داره و اینقدر هم شبیهشه😍🌱ig:@mohsen_yeganeh_saba,,UCZ_EaorXnxxb-lr4Et2AZaQ,ژلوفن,2024-11-23T20:24:50Z,22,fa,,PT29S,hd,False,False,420568,4693.0,277.0,public,True,False,29,likely_non_release,too_short_under_90_seconds,entertainment,excluded,sources_61_80_manual_audit_2026-07-10; confidence=high,likely_non_release,excluded_source_registry
5,محسن یگانه,pop,8,maRfeBnb0-k,کنسرت 2 آبان 1404 محسن یگانه - Mohsen Yeganeh Concert,UCQycZB9MF-PAouhfh_DCk7Q,NAVID KARATE,2025-10-28T07:39:26Z,محسن یگانه,pending_review,,کنسرت 2 آبان 1404 محسن یگانه - Mohsen Yeganeh Concert,"کنسرت 2 آبان 1404 محسن یگانه سالن اسپیناس 
#کنسرت 
#محسن_یگانه 
#تهران 
#mohsen_yeganeh 
#live 
#concert 
#tehran 
#iran",UCQycZB9MF-PAouhfh_DCk7Q,NAVID KARATE,2025-10-28T07:39:26Z,22,fa,,PT1H40M26S,hd,False,False,17962,281.0,68.0,public,True,False,6026,likely_non_release,too_long_over_15_minutes,concert_channel,excluded,sources_61_80_manual_audit_2026-07-10; confidence=medium,likely_non_release,excluded_source_registry
5,محسن یگانه,pop,9,sad2za8qPwQ,Mohsen Yeganeh - Taghvime Mochaleh ( محسن یگانه - تقویم مچاله ),UCF2LMk6XCzazmPPWrxc7qSg,Mohsen Yeganeh,2025-04-30T14:15:30Z,محسن یگانه,pending_review,,Mohsen Yeganeh - Taghvime Mochaleh ( محسن یگانه - تقویم مچاله ),"Mohsen Yeganeh - Taghvime Mochaleh ( Crumpled Calendar )
Songwriter: Mohsen Yeganeh
Arrangement: Mohammad Abaei
Mix & mastering: Arash Pakzad
Solo & String: Amir Roozbeh
Guitar: Serhan Yasdiman
Bass guitar: Bilal Kalayciogullari 
Saxophone: Mohammad Zarnoosh
Cello: Furkan Demir

Listen on Spotify: https://shorturl.at/CGupE
Please Subscribe to Channel: https://bit.ly/3bLCpfW

محسن یگانه - تقویم مچاله

ترانه سرا: محسن یگانه
آهنگساز: محسن یگانه
تنظیم کننده: محمد آبایی
میکس و مسترینگ: آرش پاکزاد

Please Subscribe Our Channel: https://bit.ly/3bLCpfW
Follow Mohsen Yeganeh:
Facebook: https://www.facebook.com/MohsenYeganehOfficial/
Instagram: https://www.instagram.com/mohsen/
Twitter: https://twitter.com/mohsen_yeganeh
Website: http://mohsen-yeganeh.net/

#mohsen #mohsenyeganeh #taghvime_mochaleh #محسن #محسن_یگانه #تقویم مچاله",UCF2LMk6XCzazmPPWrxc7qSg,Mohsen Yeganeh,2025-04-30T14:15:30Z,10,fa,fa,PT3M51S,hd,True,True,289577,3363.0,811.0,public,True,False,231,needs_review,music_category_and_licensed_but_no_release_pattern,official_artist,trusted,top20_manual_audit_2026-07-10; confidence=high,trusted_needs_content_review,trusted_source_but_v2_content_ambiguous
5,محسن یگانه,pop,10,nphqnZf9Uc0,Mohsen Yeganeh - Sokoot ( محسن یگانه - سکوت ),UC8u6telGfDJ2wd8lSwLoauQ,Persian Music Group,2020-04-17T03:30:09Z,محسن یگانه,pending_review,,Mohsen Yeganeh - Sokoot ( محسن یگانه - سکوت ),"►Subscribe to Persian Music Group on YouTube: 
https://bit.ly/PersianMusic-YouTube

►Listen To More Music By Mohsen Yeganeh:
Youtube : https://bit.ly/BestPersianSongs-YouTube
Spotify : https://bit.ly/PersianMusic-Top50

►Follow Persian Music Group Online :
Instagram : https://bit.ly/PersianMedia-Instagram
Facebook : https://bit.ly/PersianMedia-FaceBook

Official Music By Mohsen Yeganeh Performing “ Nashkan Delamo “

►Official Lyrics :

روزای سخت نبودن با تو خلا امیدو تجربه کردم
داغ دلم که بی تو تازه میشد هم نفسم شد سایه ی سردم
تورو میدیدم اونور ابرا که میخوای سر سری رد شی
آسمونو بی تو خط خطی کردم چجوری میتونی انقده بد شی
چجوری میتونی انقده بد شی ...
سکوت قلبتو بشکن و برگرد نذار این فاصله بیشتر از این شه
نمیخوام مثل گذشته که رفتی دوباره آخر قصه همین شه
سکوت قلبتو بشکن و برگرد نذار این فاصله بیشتر از این شه
نمیخوام مثل گذشته که رفتی دوباره آخر قصه همین شه
روزای سخت نبودن با تو دور نبودنتو خط کشیدم
تازه میفهمم اشتباهم این بود چهره ی عشقمو غلط کشیدم
عشق تو دار و ندار دلم بود اومدی دار و ندارمو بردی
بیا سکوتتو بشکن و برگرد که هنوزم تو دل من نمردی
که هنوزم تو دل من نمردی ...
سکوت قلبتو بشکن و برگرد نذار این فاصله بیشتر از این شه
نمیخوام مثل گذشته که رفتی دوباره آخر قصه همین شه
سکوت قلبتو بشکن و برگرد نذار این فاصله بیشتر از این شه
نمیخوام مثل گذشته که رفتی دوباره آخر قصه همین شه",UC8u6telGfDJ2wd8lSwLoauQ,Persian Music Group,2020-04-17T03:30:09Z,10,fa,en-US,PT3M34S,hd,True,True,1628091,8164.0,296.0,public,True,False,214,needs_review,music_category_and_licensed_but_no_release_pattern,trusted_music_platform,trusted,top20_manual_audit_2026-07-10; confidence=high,trusted_needs_content_review,trusted_source_but_v2_content_ambiguous
5,محسن یگانه,pop,11,VQ_BAZVz8Tk,فوری : رژیم آخوندی اموال محسن یگانه رو به جرم همراهی با مردم مصادره کرد!,UCQlzBlY30F51MXStCS2KfGQ,Parsi Tv,2026-03-26T19:46:01Z,محسن یگانه,pending_review,,فوری : رژیم آخوندی اموال محسن یگانه رو به جرم همراهی با مردم مصادره کرد!,"رژیم آخوندی اموالشونو مصادره کرد! محسن یگانه - سردار آزمون - علیرضا فغانی - شریفی زارچی

برای دیدن ویدیوهای بیشتر و سابسکرایب به لینک زیر مراجعه کنید
https://www.youtube.com/channel/UCQlzBlY30F51MXStCS2KfGQ?sub_confirmation=1

خیلی ممنون ازلایک و کامنت های خوبتون و انتقاداتون که کمک میکنه کلیپ های بهتری بسازیم

The voice in this video was generated by Google AI.",UCQlzBlY30F51MXStCS2KfGQ,Parsi Tv,2026-03-26T19:46:01Z,25,fa,,PT4M21S,hd,False,True,2461,110.0,21.0,public,True,False,261,likely_non_release,non_release_title_pattern,media_or_news,excluded,sources_21_40_manual_audit_2026-07-10; confidence=high,likely_non_release,excluded_source_registry
5,محسن یگانه,pop,12,4QqErVIWS5Y,Mohsen Yeghaneh Behet Ghol Midam concert كنسرت محسن يگانه - بهت قول ميدم Lyrics English &amp; Français,UCkFy4v0k9tDYr0bYPiYu8MQ,Passions,2020-03-04T23:51:36Z,محسن یگانه,pending_review,,Mohsen Yeghaneh Behet Ghol Midam concert كنسرت محسن يگانه - بهت قول ميدم Lyrics English & Français,"Mohsen Yeganeh
Behet Ghol Midam – I promise you – Je te promets 
كنسرت محسن يگانه - بهت قول ميدم

I love this beautiful song in persian
I am adding to the existing video from the artist the farsi lyrics, transliteration for those who don’t read farsi 
The english meaning of the lyrics from his the video
 
J’adore cette belle chanson en langue persane
La vidéo est copiée, j’y ajoute le persan, la romanisation pour ceux qui ne savent pas lire le persan et la traduction française

facebook page : https://www.facebook.com/Lyricswithtranslations-106493930973519/",UCkFy4v0k9tDYr0bYPiYu8MQ,Passions,2020-03-04T23:51:36Z,10,fr,fa,PT4M50S,hd,False,False,265858,3275.0,164.0,public,True,False,290,likely_non_release,non_release_title_pattern,educational_translation,excluded,sources_61_80_manual_audit_2026-07-10; confidence=high,likely_non_release,excluded_source_registry
5,محسن یگانه,pop,13,qXw9pCpyVEc,Vabastegi,UCobfxWqSORuodnQ5rdNw-bw,Mohsen Yeganeh - Topic,2018-12-17T02:14:42Z,محسن یگانه,pending_review,,Vabastegi,"Provided to YouTube by Foundation Media

Vabastegi · Mohsen Yeganeh

Vabastegi

℗ 2016 M.Y Records

Released on: 2016-11-24

Main  Artist: Mohsen Yeganeh

Auto-generated by YouTube.",UCobfxWqSORuodnQ5rdNw-bw,Mohsen Yeganeh - Topic,2018-12-17T02:14:42Z,10,en,,PT3M,hd,False,True,3128998,12094.0,190.0,public,True,False,180,needs_review,music_category_and_licensed_but_no_release_pattern,topic,trusted,sources_21_40_manual_audit_2026-07-10; confidence=high,trusted_needs_content_review,trusted_source_but_v2_content_ambiguous
5,محسن یگانه,pop,14,xA--y2WpycM,Morteza Pashaei &amp; Mohsen Yeganeh - Yeki Hast I Live In Concert (مرتضی پاشایی و محسن یگانه - یکی هست),UCVJZW-tOn3hFgeh0kZpSbjw,Mehdi Kord Art Group,2023-11-16T08:30:14Z,محسن یگانه,pending_review,,Morteza Pashaei & Mohsen Yeganeh - Yeki Hast I Live In Concert (مرتضی پاشایی و محسن یگانه - یکی هست),"Subscribe For More Videos : 
http://bit.ly/MehdiKordOfficial

Official Live In Concert By Morteza Pashaei Performing “ Yeki Hast “

►Official Lyrics :
""متن آهنگ یکی هست از مرتضی پاشایی""

یکی هست توو قلبم که هر شب واسه اون مینویسم و اون خوابه

نمیخوام بدونه واسه اونه که قلب من این همه بی تابه

یه کاغذ یه خودکار دوباره شده همدمه این دل دیوونه

یه نامه که خیسه پر از اشکه و کسی بازم اونو نمیخونه

یه روز همینجا تووی اتاقم یه دفعه گفت داره میره

چیزی نگفتم آخه نخواستم دلشو غصه بگیره

گریه میکردم درو که می بست میدونستم که میمیرم

اون عزیزم بود نمیتونستم جلوی راهشو بگیرم

میترسم یه روزی برسه که اونو نبینم بمیرم تنها

خدایا کمک کن نمیخوام بدونه دارم جون میکَنم اینجا

سکوته اتاقو داره میشکنه تیک تاک ساعت رو دیوار

دوباره نمیخواد بشه باور من که دیگه نمیاد انگار

میترسم یه روزی برسه که اونو نبینم بمیرم تنها

خدایا کمک کن نمیخوام بدونه دارم جون میکَنم اینجا

سکوته اتاقو داره میکشنه تیک تاک ساعت رو دیوار

دوباره نمیخواد بشه باور من که دیگه نمیاد انگار

یه روز همینجا تووی اتاقم یه دفعه گفت داره میره

چیزی نگفتم آخه نخواستم دلشو غصه بگیره

گریه میکردم درو که میبست میدونستم که میمیرم

اون عزیزم بود نمیتونستم جلوی راهشو بگیرم

یکی هست توو قلبم که هر شب واسه اون مینویسم و اون خوابه

نمیخوام بدونه واسه اونه که قلب من این همه بی تابه

یه کاغذ یه خودکار دوباره شده همدم این دل دیوونه

یه نامه که خیسه پر از اشکه و کسی بازم اونو نمیخونه",UCVJZW-tOn3hFgeh0kZpSbjw,Mehdi Kord Art Group,2023-11-16T08:30:14Z,10,fa,fa-IR,PT4M24S,hd,False,True,1983594,16001.0,895.0,public,True,False,264,likely_non_release,non_release_title_pattern,third_party_music,pending_review,sources_21_40_manual_audit_2026-07-10; confidence=medium,needs_source_review,pending_source_registry
5,محسن یگانه,pop,15,witB-02AAao,Mohsen Yeganeh - Moohat ( محسن یگانه - موهات),UCF2LMk6XCzazmPPWrxc7qSg,Mohsen Yeganeh,2019-04-12T19:29:55Z,محسن یگانه,pending_review,,Mohsen Yeganeh - Moohat ( محسن یگانه - موهات),"Mohsen Yeganeh - Moohat ( محسن یگانه - موهات)
Make sure to subscribe Mohsen Yeganeh YouTube Channel: https://bit.ly/3bLCpfW
Listen on Spotify: https://spoti.fi/3bxrGpE

Lyrics: Mohsen Yeganeh
Music: Mohsen Yeganeh
Arrangement: Mohsen Yeganeh
Mix and Mastering: Arash Pakzad

Download on Itunes: https://apple.co/3avjogw

محسن یگانه - موهات
ترانه سرا: محسن یگانه
آهنگساز: محسن یگانه
تنظیم: محسن یگانه
میکس و مستر: آرش پاکزاد

Follow Mohsen Yeganeh:
Facebook: https://www.facebook.com/MohsenYegane...
Instagram: https://www.instagram.com/mohsen/
Twitter: https://twitter.com/mohsen_yeganeh
Website: http://mohsen-yeganeh.net/

#MohsenYeganeh #Moohat #محسن_یگانه",UCF2LMk6XCzazmPPWrxc7qSg,Mohsen Yeganeh,2019-04-12T19:29:55Z,10,fa,fa,PT3M6S,hd,False,True,536300,6246.0,568.0,public,True,False,186,needs_review,music_category_and_licensed_but_no_release_pattern,official_artist,trusted,top20_manual_audit_2026-07-10; confidence=high,trusted_needs_content_review,trusted_source_but_v2_content_ambiguous
5,محسن یگانه,pop,16,8aJI5XA82XE,حضور نگاه یگانه در کنسرت باباش محسن یگانه لبخوونیشو😍سکوت قلبتو بشکن و برگرد #محسن_یگانه #اجرای_زنده,UC3yxyivq_AXMRYu547R-9Rw,کنسرت ایرانی,2023-12-12T21:01:14Z,محسن یگانه,pending_review,,حضور نگاه یگانه در کنسرت باباش محسن یگانه لبخوونیشو😍سکوت قلبتو بشکن و برگرد #محسن_یگانه #اجرای_زنده,"#اجرا_زنده #محسنیگانه #کنسرت #تهران #کنسرت_تهران #هتل_اسپیناس_پالاس 
#mohsenyeganeh #liveinconcert #mohsen_yeganeh #mohsen_yegane #mohsenyegane #live_in_concert #concert_tehran #concert #tehran #hotel_espinas_palace",UC3yxyivq_AXMRYu547R-9Rw,کنسرت ایرانی,2023-12-12T21:01:14Z,22,fa,,PT22S,hd,False,False,19176,243.0,27.0,public,True,False,22,likely_non_release,too_short_under_90_seconds,concert_channel,excluded,sources_41_60_manual_audit_2026-07-10; confidence=high,likely_non_release,excluded_source_registry
5,محسن یگانه,pop,17,OQjEpH0OXNo,Mohsen Yeganeh - Khodkhah ( محسن یگانه - خودخواه ),UCF2LMk6XCzazmPPWrxc7qSg,Mohsen Yeganeh,2020-04-02T16:23:53Z,محسن یگانه,pending_review,,Mohsen Yeganeh - Khodkhah ( محسن یگانه - خودخواه ),"Mohsen Yeganeh - Khodkhah ( محسن یگانه - خودخواه )
Please Subscribe Our Channel: https://bit.ly/3bLCpfW
Follow Mohsen Yeganeh:
Facebook: https://www.facebook.com/MohsenYeganehOfficial/
Instagram: https://www.instagram.com/mohsen/
Twitter: https://twitter.com/mohsen_yeganeh
Website: http://mohsen-yeganeh.net/
Listen on Spotify: https://spoti.fi/2UDIdC9

Lyrics: Mohsen Yeganeh
Music: Mohsen Yeganeh
Arrangement: Shahab Akbari
Mix and Mastering: Arash Pakzad

Download on Itunes: https://apple.co/2UD5Fzx
Listen on Deezer: https://bit.ly/2UESa2v

محسن یگانه - خودخواه
ترانه سرا: محسن یگانه
آهنگساز: محسن یگانه
تنظیم: شهاب اکبری
میکس و مستر: آرش پاکزاد

#mohsenyeganeh #khodkhah #mohsenyeganeh",UCF2LMk6XCzazmPPWrxc7qSg,Mohsen Yeganeh,2020-04-02T16:23:53Z,10,fa,fa,PT4M11S,hd,True,True,1783244,18277.0,2658.0,public,True,False,251,needs_review,music_category_and_licensed_but_no_release_pattern,official_artist,trusted,top20_manual_audit_2026-07-10; confidence=high,trusted_needs_content_review,trusted_source_but_v2_content_ambiguous
5,محسن یگانه,pop,18,cJM4f3a5ZRY,تحریر فوق العاده محسن یگانه در دبی😱,UCQngZK1cnqB6C9A11wIPkvQ,Music City | موزیک شهر,2024-06-29T16:18:59Z,محسن یگانه,pending_review,,تحریر فوق العاده محسن یگانه در دبی😱,#محسن_یگانه #کنسرت #دبي #آهنگ_جدید,UCQngZK1cnqB6C9A11wIPkvQ,Music City | موزیک شهر,2024-06-29T16:18:59Z,10,fa,fa,PT24S,hd,False,True,256419,4007.0,432.0,public,True,False,24,likely_non_release,too_short_under_90_seconds,reaction,excluded,sources_21_40_manual_audit_2026-07-10; confidence=high,likely_non_release,excluded_source_registry
5,محسن یگانه,pop,19,MUCJQSluez0,صحبت های محسن یگانه در مورد جنگ ایران و اسرائیل و اجرای کنسرت رایگان,UCLqt9UYZ1KHgPRfGJjIzX9A,Majid Noori,2025-06-21T14:25:25Z,محسن یگانه,pending_review,,صحبت های محسن یگانه در مورد جنگ ایران و اسرائیل و اجرای کنسرت رایگان,"محسن یگانه به خاطر جنگ ایران و اسرائیل موزیک های شاد خودش رو در کنسرت شهر سیدنی اجرا نکرد و قول اجرای یک کنسرت دیگه داد که به صورت رایگان خواهد بود.

او در ادامه توضیح داد که امیدوار هست که خدشه ای به مرزهای کشور وارد نشود.",UCLqt9UYZ1KHgPRfGJjIzX9A,Majid Noori,2025-06-21T14:25:25Z,20,fa,,PT1M44S,hd,False,False,1436,13.0,0.0,public,True,False,104,likely_non_release,non_release_title_pattern,unknown,excluded,sources_61_80_manual_audit_2026-07-10; confidence=medium,likely_non_release,excluded_source_registry
5,محسن یگانه,pop,20,PY9m5mYMIdQ,Mohsen Yeganeh - Passing,UCF2LMk6XCzazmPPWrxc7qSg,Mohsen Yeganeh,2018-02-22T17:44:53Z,محسن یگانه,pending_review,,Mohsen Yeganeh - Passing,"Mohsen Yeganeh - Passing
Please Subscribe Our Channel: https://bit.ly/3bLCpfW
Follow Mohsen Yeganeh:
Facebook: https://www.facebook.com/MohsenYeganehOfficial/
Instagram: https://www.instagram.com/mohsen/
Twitter: https://twitter.com/mohsen_yeganeh
Website: http://mohsen-yeganeh.net/
Listen on Spotify: https://sptfy.com/zendegimsookht

Production : Mohsen Yeganeh 
Mix & Master : Arash Pakzad 

#mohsenyeganeh #passing #محسن_یگانه",UCF2LMk6XCzazmPPWrxc7qSg,Mohsen Yeganeh,2018-02-22T17:44:53Z,10,en,fa,PT3M45S,hd,False,True,2338758,22861.0,1221.0,public,True,False,225,needs_review,music_category_and_licensed_but_no_release_pattern,official_artist,trusted,top20_manual_audit_2026-07-10; confidence=high,trusted_needs_content_review,trusted_source_but_v2_content_ambiguous
5,محسن یگانه,pop,21,F9A8TDUFFBk,Mohsen Yeganeh feat Chavoshi - Nashkan Delamo,UCCXJKONAosl9wdkS1x9XGvg,Justruler,2008-10-23T14:42:42Z,محسن یگانه,pending_review,,Mohsen Yeganeh feat Chavoshi - Nashkan Delamo,"Sargarmiye to shode bazi ba in dele ghamgino khastam

Yadet nemiad on hame gholo ghararai ke ba to bastam

Ba in hame zolm to bebin baz chejori paye in hame gholo ghararemoon man neshastam

Nashkan delamo be khoda aham migire damaneto aghebat ye rooz 

Nago bikhabari nago nemidoni delam por az ye nefrine sine sooz

Nago bikhabari nago nemidoni vaghti ke nisti gerye shode kare in dele ashegh shabo rooz

Divooone nakooon delamo aham migire damaneto aghebat ye roooz 

Nago bikhabari nago nemidoni delam por az ye nefrine sine sooz

Nago bikhabari nago nemidoni vaghti ke nisti gerye shode kare in dele ashegh shabo rooz",UCCXJKONAosl9wdkS1x9XGvg,Justruler,2008-10-23T14:42:42Z,10,en,,PT4M4S,sd,False,False,675048,7494.0,1273.0,public,True,False,244,needs_review,insufficient_evidence,third_party_music,pending_review,sources_41_60_manual_audit_2026-07-10; confidence=medium,needs_source_review,pending_source_registry
5,محسن یگانه,pop,22,u4y0jIoA9Yg,Mohsen Yeganeh - Rage Khab ( محسن یگانه - رگ خواب ),UC8u6telGfDJ2wd8lSwLoauQ,Persian Music Group,2020-04-17T05:00:27Z,محسن یگانه,pending_review,,Mohsen Yeganeh - Rage Khab ( محسن یگانه - رگ خواب ),"Mohsen Yeganeh - Rage Khab ( محسن یگانه - رگ خواب )

Subscribe to Persian Media Group : http://bit.ly/PersianMedia #PersianMusic #WorldMusic #TraditionalAndContemporary",UC8u6telGfDJ2wd8lSwLoauQ,Persian Music Group,2020-04-17T05:00:27Z,10,fr,,PT4M49S,hd,False,True,537380,3527.0,248.0,public,True,False,289,needs_review,music_category_and_licensed_but_no_release_pattern,trusted_music_platform,trusted,top20_manual_audit_2026-07-10; confidence=high,trusted_needs_content_review,trusted_source_but_v2_content_ambiguous
5,محسن یگانه,pop,23,rL7sd3FqJ9A,Mohsen Yeganeh - Havaei Shodi ( محسن یگانه - هوایی شدی ),UC8u6telGfDJ2wd8lSwLoauQ,Persian Music Group,2020-04-19T08:00:31Z,محسن یگانه,pending_review,,Mohsen Yeganeh - Havaei Shodi ( محسن یگانه - هوایی شدی ),"Mohsen Yeganeh - Havaei Shodi ( محسن یگانه - هوایی شدی )

Subscribe to Persian Media Group : http://bit.ly/PersianMedia #PersianMusic #WorldMusic #TraditionalAndContemporary",UC8u6telGfDJ2wd8lSwLoauQ,Persian Music Group,2020-04-19T08:00:31Z,10,fa,fa-IR,PT3M44S,hd,True,True,550156,2720.0,68.0,public,True,False,224,needs_review,music_category_and_licensed_but_no_release_pattern,trusted_music_platform,trusted,top20_manual_audit_2026-07-10; confidence=high,trusted_needs_content_review,trusted_source_but_v2_content_ambiguous
5,محسن یگانه,pop,24,hh-9qSUxkFk,Mohsen Yeganeh - Nashkan Delamo ( محسن یگانه - نشکن دلمو ),UC8u6telGfDJ2wd8lSwLoauQ,Persian Music Group,2020-03-29T06:00:15Z,محسن یگانه,pending_review,,Mohsen Yeganeh - Nashkan Delamo ( محسن یگانه - نشکن دلمو ),"►Subscribe to Persian Music Group on YouTube: 
https://bit.ly/PersianMusic-YouTube

►Listen To More Music By Mohsen Yeganeh:
Youtube : https://bit.ly/BestPersianSongs-YouTube
Spotify : https://bit.ly/PersianMusic-Top50

►Follow Persian Music Group Online :
Instagram : https://bit.ly/PersianMedia-Instagram
Facebook : https://bit.ly/PersianMedia-FaceBook

Official Music By Mohsen Yeganeh Performing “ Nashkan Delamo “

►Official Lyrics :

سرگرمی تو شده بازی با این
دل غمگین و خستم
یادت نمیاد اون همه قول و قرارایی
که با تو بستم
با این همه ظلم تو
ببین باز چجوری پای این همه
قول و قرار من نشستم
نشکن دلمو به خدا آهم می‌گیره
دامنتو عاقبت یه روز
نگو بی‌خبری
نگو نمی‌دونی دلم پر از
یه نفرین سینه سوز
نگو بی‌خبری نگو نمی‌دونی
وقتی که نیستی گریه شده کار
این دل عاشق شب و روز
دیوونه نکن دلمو
آهم می‌گیره دامنتو عاقبت یه روز
نگو بی‌خبری نگو نمی‌دونی
دلم پر از یه نفرین سینه سوز
نگو بی‌خبری نگو نمی‌دونی
وقتی که نیستی گریه شده کار
این دل عاشق شب و روز

تبلیغ
پیندو بازار آنلاین به وسعت ایران
مشاهده
yn-ad
سرگرمی تو شده بازی با این
دل غمگین و خستم
یادت نمیاد اون همه قول و قرارایی
که با تو بستم
با این همه ظلم تو
ببین باز چجوری پای این همه
قول و قرار من نشستم
نشکن دلمو به خدا آهم می‌گیره
دامنتو عاقبت یه روز
نگو بی‌خبری
نگو نمی‌دونی دلم پر از
یه نفرین سینه سوز
نگو بی‌خبری نگو نمی‌دونی
وقتی که نیستی گریه شده کار
این دل عاشق شب و روز
دیوونه نکن دلمو
آهم می‌گیره دامنتو عاقبت یه روز
نگو بی‌خبری نگو نمی‌دونی
دلم پر از یه نفرین سینه سوز
نگو بی‌خبری نگو نمی‌دونی
وقتی که نیستی گریه شده کار
این دل عاشق شب و روز #PersianMusic #WorldMusic #TraditionalAndContemporary",UC8u6telGfDJ2wd8lSwLoauQ,Persian Music Group,2020-03-29T06:00:15Z,10,fa,,PT4M24S,hd,False,True,2719791,16255.0,261.0,public,True,False,264,needs_review,music_category_and_licensed_but_no_release_pattern,trusted_music_platform,trusted,top20_manual_audit_2026-07-10; confidence=high,trusted_needs_content_review,trusted_source_but_v2_content_ambiguous
5,محسن یگانه,pop,25,n3_ViPY9yyk,Mohsen Yeganeh - Nabashi ( محسن یگانه - نباشی ),UC8u6telGfDJ2wd8lSwLoauQ,Persian Music Group,2020-04-17T06:30:08Z,محسن یگانه,pending_review,,Mohsen Yeganeh - Nabashi ( محسن یگانه - نباشی ),"Mohsen Yeganeh - Nabashi ( محسن یگانه - نباشی )

Subscribe to Persian Media Group : http://bit.ly/PersianMedia #PersianMusic #WorldMusic #TraditionalAndContemporary",UC8u6telGfDJ2wd8lSwLoauQ,Persian Music Group,2020-04-17T06:30:08Z,10,fa,,PT3M52S,hd,False,True,572126,2387.0,56.0,public,True,False,232,needs_review,music_category_and_licensed_but_no_release_pattern,trusted_music_platform,trusted,top20_manual_audit_2026-07-10; confidence=high,trusted_needs_content_review,trusted_source_but_v2_content_ambiguous
6,سهراب پاکزاد,pop,2,C3ZpRtZ6TAg,Sohrab Pakzad - Top 10 Songs [Lyric Video] (بهترین های سهراب پاکزاد),UC9qZPJyvvZiBmzYdqdgly1w,SohrabPakzadVEVO,2024-01-31T15:38:32Z,سهراب پاکزاد,pending_review,,Sohrab Pakzad - Top 10 Songs [Lyric Video] (بهترین های سهراب پاکزاد),"Music video by Sohrab Pakzad performing Top 10 [Lyric Video] (بهترین های سهراب پاکزاد). Sohrab Pakzad

http://vevo.ly/ZXUbZJ",UC9qZPJyvvZiBmzYdqdgly1w,SohrabPakzadVEVO,2024-01-31T15:38:32Z,10,fa,,PT31M58S,hd,False,True,1084585,4685.0,747.0,public,True,False,1918,likely_non_release,too_long_over_15_minutes,vevo,trusted,top20_manual_audit_2026-07-10; confidence=high,trusted_non_release_signal,trusted_source_but_v2_non_release_signal
6,سهراب پاکزاد,pop,3,RDV_934uBfg,Sohrab Pakzad - Dokhtar Irooni (Live Performance),UCQnVOIzzZ-r2vKWZGEvd7Zw,Sohrab Pakzad,2025-06-08T16:30:06Z,سهراب پاکزاد,pending_review,,Sohrab Pakzad - Dokhtar Irooni (Live Performance),"Powered by: https://ng-network.com

Sohrab Pakzad” - “Dokhtar Irooni” (موزیک ویدیوی دختر ایرونی ) 

Arrangement, Mix & Master: Masoud Jahani
Lyrics: Taha Yousefi, Barbod & Arian Kaveh
Melody: Taha Yousefi & Mojtaba Taghipour
Producer: Behnam Mohammadi
Singer: Sohrab Pakzad

Get Connected With “Sohrab Pakzad”

Subscribe Here👇
https://bit.ly/SubscribeToSohrab

Audio Available on:
YouTube Music: https://bit.ly/SohrabYTMusic
Spotify: https://bit.ly/SohrabSpotify
Apple Music: https://bit.ly/SohrabAppleMusic

FOLLOW 👇
https://www.instagram.com/ng.networkco/

Please take a moment and share this video with your friends. Thank you",UCQnVOIzzZ-r2vKWZGEvd7Zw,Sohrab Pakzad,2025-06-08T16:30:06Z,10,fa,fa,PT3M17S,hd,False,True,5992894,9540.0,669.0,public,True,False,197,needs_review,review_title_pattern_live_or_unplugged,official_artist,trusted,top20_manual_audit_2026-07-10; confidence=high,trusted_needs_content_review,trusted_source_but_v2_content_ambiguous
6,سهراب پاکزاد,pop,4,NAw9qZq3SSE,Sohrab Pakzad - Dokhtar Irooni [ Lyric Video ] (سهراب پاکزاد - دختر ایرونی ),UC9qZPJyvvZiBmzYdqdgly1w,SohrabPakzadVEVO,2024-09-20T10:01:15Z,سهراب پاکزاد,pending_review,,Sohrab Pakzad - Dokhtar Irooni [ Lyric Video ] (سهراب پاکزاد - دختر ایرونی ),Music video by Sohrab Pakzad performing Dokhtar Irooni [ Lyric Video ] (سهراب پاکزاد - دختر ایرونی ).BM Records,UC9qZPJyvvZiBmzYdqdgly1w,SohrabPakzadVEVO,2024-09-20T10:01:15Z,10,fa,,PT2M53S,hd,False,True,7987957,15945.0,1755.0,public,True,False,173,likely_release,release_title_pattern | music_category | licensed_content,vevo,trusted,top20_manual_audit_2026-07-10; confidence=high,likely_release,v2_release_signal_and_trusted_source
6,سهراب پاکزاد,pop,5,bVmRq89vjRY,Sohrab Pakzad - Emza Music Video | سهراب پاکزاد - موزیک ویدیو امضاء,UCQnVOIzzZ-r2vKWZGEvd7Zw,Sohrab Pakzad,2024-02-14T16:02:15Z,سهراب پاکزاد,pending_review,,Sohrab Pakzad - Emza Music Video | سهراب پاکزاد - موزیک ویدیو امضاء,"Sohrab Pakzad - Emza Music Video | سهراب پاکزاد - موزیک ویدیو امضاء

Subscribe To The Sohrab Pakzad Channel For All The Best And Latest Official Music Videos, Behind The Scenes And Live Performances.

Emza Track Information:
Lyrics & Music: Majid Razavi
Arrangement, Mix & Master: Masoud Jahani
Producer: Behnam Mohammadi
Photo & Cover Art: Moein Bellezza


متن آهنگ امضاء سهراب پاکزاد:

بزن ازون حرفا من با تو کنار دریا صبح
تو موهات باد بزنه باز یه ذره رو شنم خوابت ببره
بذار دلت واسه خودم واشه گلم هر وقت
دلت گرفت واسه تو من گل بیارم هر شب
بذار دلم تو بغلت جون بگیره پاشه
بذار سند قلب من واسه تو امضا شه

تو بمونی یا نمونی دلم از دست رفت
تو قشنگ دل میبری از روی عمد از قصد
تو بشین نگاه کن که چجوری میشم پیرت
خوب نشسته وسط قلب من اون تیرت

به همه میگم زندگیمه مگه غیر اینه که چشام ببینه تورو
دلم هوری پایین میریزه میدونی غلیظه بهت عشقی که دادم
بگو توی گوشم یواش اسمتو خالی کن حستو آروم شی
کی مثل من آخر شب لوست میکنه تورو پا گوشی

تو بمونی یا نمونی دلم از دست رفت
تو قشنگ دل میبری از روی عمد از قصد
تو بشین نگاه کن که چجوری میشم پیرت
خوب نشسته وسط قلب من اون تیرت


Follow Sohrab on… 
Spotify : https://spoti.fi/48gTexB
Apple Music: https://apple.co/4f7j2hM
Instagram : https://www.instagram.com/sohrabpakzad/

Amazon Music: https://amzn.to/3BJ6VJn


#sohrabpakzad #emza #سهراب_پاکزاد",UCQnVOIzzZ-r2vKWZGEvd7Zw,Sohrab Pakzad,2024-02-14T16:02:15Z,10,fa,fa,PT3M10S,hd,False,True,598769,1154.0,166.0,public,True,False,190,likely_release,release_title_pattern | music_category | licensed_content,official_artist,trusted,top20_manual_audit_2026-07-10; confidence=high,likely_release,v2_release_signal_and_trusted_source
6,سهراب پاکزاد,pop,6,QHw3CteLUt4,بازداشت سهراب پاکزاد خواننده پاپ😑 #سهراب_پاکزاد #خواننده_ایرانی #کنسرت #کنسرت_تهران #تتلو #سفر,UCxMWUitJjW5TxxzV6lzxEjA,Travel with me l سفر با سیمی,2025-03-28T20:44:37Z,سهراب پاکزاد,pending_review,,بازداشت سهراب پاکزاد خواننده پاپ😑 #سهراب_پاکزاد #خواننده_ایرانی #کنسرت #کنسرت_تهران #تتلو #سفر,,UCxMWUitJjW5TxxzV6lzxEjA,Travel with me l سفر با سیمی,2025-03-28T20:44:37Z,22,fa,,PT50S,hd,False,False,3865667,28933.0,5263.0,public,True,False,50,likely_non_release,too_short_under_90_seconds,entertainment,excluded,sources_81_91_manual_audit_2026-07-10; confidence=high,likely_non_release,excluded_source_registry
6,سهراب پاکزاد,pop,7,ex8f-hQCJK0,Sohrab Pakzad Top 20 Songs (بهترین آهنگ های سهراب پاکزاد ),UCQnVOIzzZ-r2vKWZGEvd7Zw,Sohrab Pakzad,2025-02-15T15:39:21Z,سهراب پاکزاد,pending_review,,Sohrab Pakzad Top 20 Songs (بهترین آهنگ های سهراب پاکزاد ),"The Official Video For Sohrab Pakzad - Khateh Ghermez (  @SohrabPakzad-YT  )
 
Subscribe To The Sohrab Pakzad Channel For All The Best And Latest Official Music Videos, Behind The Scenes And Live Performances: https://bit.ly/SubscribeToSohrab

 
Follow Sohrab on… 
Instagram : https://www.instagram.com/sohrabpakzad/
Facebook : https://www.facebook.com/Sohrab.Pakzad.Music/
Spotify : https://open.spotify.com/artist/68i7iw19M3WbVRM1DtElwC

#SohrabPakzad #Sohrab #Pakzad #sohrab_pakzad #khatehghermez",UCQnVOIzzZ-r2vKWZGEvd7Zw,Sohrab Pakzad,2025-02-15T15:39:21Z,10,fa,fa,PT1H33S,hd,False,True,263581,1511.0,169.0,public,True,False,3633,likely_non_release,too_long_over_15_minutes,official_artist,trusted,top20_manual_audit_2026-07-10; confidence=high,trusted_non_release_signal,trusted_source_but_v2_non_release_signal
6,سهراب پاکزاد,pop,8,2SJmGk9ShfU,Sohrab Pakzad - Male Man Bash (Live In Concert) | سهراب پاکزاد - اجرای لایو مال من باش,UCQnVOIzzZ-r2vKWZGEvd7Zw,Sohrab Pakzad,2024-09-08T16:30:31Z,سهراب پاکزاد,pending_review,,Sohrab Pakzad - Male Man Bash (Live In Concert) | سهراب پاکزاد - اجرای لایو مال من باش,"Sohrab Pakzad - Male Man Bash (Live In Concert) | سهراب پاکزاد - اجرای لایو مال من باش

Subscribe To The Sohrab Pakzad Channel For All The Best And Latest Official Music Videos, Behind The Scenes And Live Performances.

Male Man Bash Track Information:
Band Leader: Anooshirvan Taghavi
Guitar Bass: Hamed Taheri
Percussion: Hamid Nasrolahi
Drums: Ramin Zavari
Keyboard, Violin & Guitar: Amir Khosravi
Spanish & Electric Guitars: Amirali Moradi & Erfan Hemati
Synthesizer: Moein Habibi
Violoncel: Shadi Rahimi
Violin: AmirArsalan Anjam Shoae
Trombone: Hossein Sharifi
Saxophone: Arian Gheitasi
Trumpet: Ali Zarabi
Back Vocals: Sanaz Emamiyeh & Mobina Chapi

متن آهنگ مال من باش از سهراب پاکزاد:

 تو مال من باش که واسه داشتنت
به همه رو زدم کنار من باش
که تو این دریا تنهایی پارو زدم
تو ماه من باش که واست تا خود آسمون پر زدم
بذار خوبت کنم من آرومت کنم
بذار پنجره قلبم به روت واشه
یکم دور شى ازم نگرانت میشم
باید بیشتر حواست به خودت باشه

نکنه دور شى ازم دیگه منو یادت نیادش
نکنه سر بذارى رو شونمو خوابت نیادش

منی که هر شب و روز دلشورتو دارم
اومدم یه باری از دوش تو بردارم
هرکی دورم بودرو خودت الک کردی
خیلی وقته رو دلم اسمتو حک کردی
بذار خوبت کنم من آرومت کنم
بذار پنجره قلبم به روت واشه
یکم دور شى ازم نگرانت میشم
باید بیشتر حواست به خودت باشه

نکنه دور شى ازم دیگه منو یادت نیادش
نکنه سر بذارى رو شونمو خوابت نیادش


Follow Sohrab on… 
Spotify : https://spoti.fi/48gTexB
Apple Music: https://apple.co/4f7j2hM
Amazon Music: https://amzn.to/3BJ6VJn
Instagram : https://www.instagram.com/sohrabpakzad/


#sohrabpakzad #male_man_bash #سهراب_پاکزاد #مال_من_باش",UCQnVOIzzZ-r2vKWZGEvd7Zw,Sohrab Pakzad,2024-09-08T16:30:31Z,10,fa,fa,PT3M47S,hd,False,True,1390187,3410.0,337.0,public,True,False,227,likely_non_release,non_release_title_pattern,official_artist,trusted,top20_manual_audit_2026-07-10; confidence=high,trusted_non_release_signal,trusted_source_but_v2_non_release_signal
6,سهراب پاکزاد,pop,9,iixaITz4-RQ,Sohrab Pakzad - Yaghi (Live Performance),UCQnVOIzzZ-r2vKWZGEvd7Zw,Sohrab Pakzad,2025-07-25T09:30:06Z,سهراب پاکزاد,pending_review,,Sohrab Pakzad - Yaghi (Live Performance),"Powered by: https://ng-network.com

Sohrab Pakzad” - “Yaghi” (اجرای زنده یاغی )  
“Yaghi” out now: 

Song: Yaghi
Lyrics: Shahin Sheykhi & Farzam
Music: Shahin Sheykhi
Arr, Mix & Mastering: Masoud Jahani
Producer: Behnam Mohammadi

Get Connected With “Sohrab Pakzad”

Subscribe Here👇
https://bit.ly/SubscribeToSohrab

Audio Available on:
YouTube Music: https://bit.ly/SohrabYTMusic
Spotify: https://bit.ly/SohrabSpotify
Apple Music: https://bit.ly/SohrabAppleMusic

FOLLOW 👇
https://www.instagram.com/ng.networkco/

Please take a moment and share this video with your friends. Thank you",UCQnVOIzzZ-r2vKWZGEvd7Zw,Sohrab Pakzad,2025-07-25T09:30:06Z,10,fa,fa,PT4M29S,hd,False,True,780163,1925.0,191.0,public,True,False,269,needs_review,review_title_pattern_live_or_unplugged,official_artist,trusted,top20_manual_audit_2026-07-10; confidence=high,trusted_needs_content_review,trusted_source_but_v2_content_ambiguous
6,سهراب پاکزاد,pop,10,txd-SU1DHjI,Sohrab Pakzad - Noor Cheshmi (Music Video),UCQnVOIzzZ-r2vKWZGEvd7Zw,Sohrab Pakzad,2025-12-11T15:40:10Z,سهراب پاکزاد,pending_review,,Sohrab Pakzad - Noor Cheshmi (Music Video),"Sohrab Pakzad” - “Noor Cheshmi” ( موزیک ویدیوی سهراب پاکزاد - نور چشمی  ) 

Arrangement, Mix & Master: ali bayat
Lyrics: Taha Yousefi, arsha radin
Melody: Taha Yousefi & arsha radin
Producer: Behnam Mohammadi
Singer: Sohrab Pakzad

Get Connected With “Sohrab Pakzad”",UCQnVOIzzZ-r2vKWZGEvd7Zw,Sohrab Pakzad,2025-12-11T15:40:10Z,10,fa,fa,PT2M54S,hd,False,True,266379,1301.0,243.0,public,True,False,174,likely_release,release_title_pattern | music_category | licensed_content,official_artist,trusted,top20_manual_audit_2026-07-10; confidence=high,likely_release,v2_release_signal_and_trusted_source
6,سهراب پاکزاد,pop,11,uICUvJ0-kGc,Sohrab Pakzad - Top Songs | میکس بهترین آهنگ های سهراب پاکزاد 2025,UCCn_0vWsa35jSTRNlX15hzQ,TPM - Top Persian Music,2025-07-08T15:30:06Z,سهراب پاکزاد,pending_review,,Sohrab Pakzad - Top Songs | میکس بهترین آهنگ های سهراب پاکزاد 2025,"آهنگ‌های سهراب پاکزاد پر از حس و حال عاشقانه و خاطره‌ سازه. تو این میکس، بهترین موزیک هاش رو برات کنار هم گذاشتیم.😍🎶
امیدواریم با شنیدنش حال و هوات عوض بشه و لذت ببری ❤️

----------------------------------------------------------
آهنگ هایی که در این میکس از سهراب پاکزاد میشنوید:

00:00 - Sohrab Pakzad - 110 Ta
01:48 - Sohrab Pakzad - Dokhtar Irooni
04:06 - Sohrab Pakzad - Khateh Ghermez
06:05 - Sohrab Pakzad - yaghi
08:54 - Sohrab Pakzad - Migiram Daste Toro
11:30 - Sohrab Pakzad - Shookhi Nadaram
13:50 - Sohrab Pakzad - kie
17:09 - Sohrab Pakzad - Gole Bi Naghs
19:07 - Sohrab Pakzad - Emza
21:47 - Sohrab Pakzad - Bombe
25:26 - Sohrab Pakzad - Ashti
27:52 - Sohrab Pakzad - Adat
30:19 - Sohrab Pakzad - Moo Meshki
32:08 - Sohrab Pakzad - Noor Cheshmi
34:16 - Sohrab Pakzad - Tazrigh
36:54 - Sohrab Pakzad - Male Man Bash

------------------------------------------------------------
#سهراب_پاکزاد 
#sohrab_pakzad 
#top_persian_music 
#tpm",UCCn_0vWsa35jSTRNlX15hzQ,TPM - Top Persian Music,2025-07-08T15:30:06Z,10,fa,fa,PT40M25S,hd,False,True,21970,205.0,15.0,public,True,False,2425,likely_non_release,too_long_over_15_minutes,trusted_music_platform,trusted,top20_manual_audit_2026-07-10; confidence=high,trusted_non_release_signal,trusted_source_but_v2_non_release_signal
6,سهراب پاکزاد,pop,12,zbH6hu9FlJQ,ویدئویی که باعث دستگیری سهراب پاکزاد و بسته شدن پیج اش شد.,UChdqGZPSamzW8MgaopXHvcA,Karizmaplus,2025-03-28T12:10:46Z,سهراب پاکزاد,pending_review,,ویدئویی که باعث دستگیری سهراب پاکزاد و بسته شدن پیج اش شد.,,UChdqGZPSamzW8MgaopXHvcA,Karizmaplus,2025-03-28T12:10:46Z,22,en,en-US,PT1M31S,hd,False,False,151768,2283.0,244.0,public,True,False,91,likely_non_release,non_release_title_pattern,media_or_news,excluded,sources_61_80_manual_audit_2026-07-10; confidence=high,likely_non_release,excluded_source_registry
6,سهراب پاکزاد,pop,13,b6FCSE2_XkE,Sohrab Pakzad - Shookhi Nadaram (Lyric Video) ft. Asef Aria,UC9qZPJyvvZiBmzYdqdgly1w,SohrabPakzadVEVO,2024-01-19T15:21:23Z,سهراب پاکزاد,pending_review,,Sohrab Pakzad - Shookhi Nadaram (Lyric Video) ft. Asef Aria,"Sohrab Pakzad  ft. Asef Aria - Shookhi Nadaram [ Lyric Video ] ( سهراب پاکزاد - شوخی ندارم )

Powered by: ng-network.com

#SohrabPakzad
#AsefAria


http://vevo.ly/NmIy9G",UC9qZPJyvvZiBmzYdqdgly1w,SohrabPakzadVEVO,2024-01-19T15:21:23Z,10,en,fa,PT2M51S,hd,False,True,652128,1162.0,74.0,public,True,False,171,likely_release,release_title_pattern | music_category | licensed_content,vevo,trusted,top20_manual_audit_2026-07-10; confidence=high,likely_release,v2_release_signal_and_trusted_source
6,سهراب پاکزاد,pop,14,DrnKqDhfdGM,واکنش سهراب پاکزاد: دختره جیغ میزنه وسط کنسرت ( تا آخر ببینید ),UCkD9OfpMEjuCHgsWH0aYqRw,Bamzo | بامزو,2024-09-24T18:02:58Z,سهراب پاکزاد,pending_review,,واکنش سهراب پاکزاد: دختره جیغ میزنه وسط کنسرت ( تا آخر ببینید ),"واکنش سهراب پاکزاد: دختره جیغ میزنه وسط کنسرت ( تا آخر ببینید )
Sohrab Pakzad's reaction: The girl screams in the middle of the concert (watch until the end)
__________________________
با ما همراه باشید با اخبار موسیقی ایران و اخبار هنری و علمی جهان سابسکرایب یادتون نره
Stay with us with Iranian music news and world artistic and scientific news, don't forget to subscribe",UCkD9OfpMEjuCHgsWH0aYqRw,Bamzo | بامزو,2024-09-24T18:02:58Z,24,fa-IR,,PT26S,hd,False,False,11217,146.0,13.0,public,True,False,26,likely_non_release,too_short_under_90_seconds,entertainment,excluded,sources_61_80_manual_audit_2026-07-10; confidence=high,likely_non_release,excluded_source_registry
6,سهراب پاکزاد,pop,15,E1xgedbMDwg,Sohrab Pakzad - Khialet Jam (Music Video) - موزیک ویدیو آهنگ خیالت جمع از سهراب پاکزاد,UCCn_0vWsa35jSTRNlX15hzQ,TPM - Top Persian Music,2021-02-17T16:08:43Z,سهراب پاکزاد,pending_review,,Sohrab Pakzad - Khialet Jam (Music Video) - موزیک ویدیو آهنگ خیالت جمع از سهراب پاکزاد,"""وقتی عشق با اطمینان یکی می‌شه، می‌شه همون حسی که سهراب پاکزاد تو خیالت جمع بهت می‌ده… موزیک ویدیویی با تصویرای دیدنی، حس اعتماد، و ریتمی که به دل می‌شینه.

🔺 این ویدیو با زیرنویس‌های کوردی، انگلیسی، عربی و ترکی استانبولی آماده‌ست، تا هر جایی از دنیا که هستی راحت‌تر با آهنگ ارتباط بگیری.

💛 برای شنیدن تازه‌ترین آهنگ‌ها و حمایت از هنرمندان ایرانی، از لینک پایین کانالو سابسکرایب کن. 
https://bit.ly/Subscribe_TPM

-----------------------------------------------

Credits
Sohrab Pakzad - Khialet Jam

Lyrics & Music: Sohrab Pakzad & Nima Moein
Arr, Mix & Mastering: Ali Bayat

-----------------------------------------------

متن آهنگ خیالت جمع از سهراب پاکزاد:

انقد تو جذابی واسم که 
پرت تو میشه حواسم هی
من شدم درگیر تاثیرت رو قلبم 
نمیشه کند اصلا ازت دل

یه مغرور بی کله نگا قلبش یه ذره شده 
میدونی من این نبودم
دلو تغییر رفتارش خودم موندم توی کارش 
آخه من اصلا این شکلی نبودم

خیالت جم جم هر کار کنی هواتو دارم  
دلت هر وقت گرفت یه شاخه گل واست میارم
ببین هرجا که میرم بس که بهت پرته حواسم 
یه چیزی جا میذارم

خیالت جم جم هر کار کنی هواتو دارم  
دلت هر وقت گرفت یه شاخه گل واست میارم
ببین هرجا که میرم بس که بهت پرته حواسم 
یه چیزی جا میذارم

تو با این سن کم بردی ازم 
هوش حواس و زندگیمو
الان کاشکی فقط باشی بلد 
بیشتر کنی وابستگیمو

خیالت جم جم هر کار کنی هواتو دارم  
دلت هر وقت گرفت یه شاخه گل واست میارم
ببین هرجا که میرم بس که بهت پرته حواسم 
یه چیزی جا میذارم

خیالت جم جم هر کار کنی هواتو دارم  
دلت هر وقت گرفت یه شاخه گل واست میارم
ببین هرجا که میرم بس که بهت پرته حواسم 
یه چیزی جا میذارم

#Sohrab_Pakzad
#سهراب_پاکزاد
#Top_Persian_Music",UCCn_0vWsa35jSTRNlX15hzQ,TPM - Top Persian Music,2021-02-17T16:08:43Z,10,fa,fa,PT3M24S,hd,True,True,2582645,12030.0,448.0,public,True,False,204,likely_release,release_title_pattern | music_category | licensed_content,trusted_music_platform,trusted,top20_manual_audit_2026-07-10; confidence=high,likely_release,v2_release_signal_and_trusted_source
6,سهراب پاکزاد,pop,16,uNa3i6zGd98,Sohrab Pakzad - Yaghi ( Lyric Video ),UC9qZPJyvvZiBmzYdqdgly1w,SohrabPakzadVEVO,2023-12-21T17:30:05Z,سهراب پاکزاد,pending_review,,Sohrab Pakzad - Yaghi ( Lyric Video ),"Music video by Sohrab Pakzad performing Yaghi ( Lyric Video ). BM Records

http://vevo.ly/Ug0DnU",UC9qZPJyvvZiBmzYdqdgly1w,SohrabPakzadVEVO,2023-12-21T17:30:05Z,10,en,fa,PT3M16S,hd,False,True,2074399,4206.0,345.0,public,True,False,196,likely_release,release_title_pattern | music_category | licensed_content,vevo,trusted,top20_manual_audit_2026-07-10; confidence=high,likely_release,v2_release_signal_and_trusted_source
6,سهراب پاکزاد,pop,17,2JCi3fSTxwA,Sohrab Pakzad - Khateh Ghermez [ Lyric Video ] ( سهراب پاکزاد - خط قرمز ),UC9qZPJyvvZiBmzYdqdgly1w,SohrabPakzadVEVO,2024-02-08T13:46:27Z,سهراب پاکزاد,pending_review,,Sohrab Pakzad - Khateh Ghermez [ Lyric Video ] ( سهراب پاکزاد - خط قرمز ),"Music video by Sohrab Pakzad performing Sohrab Pakzad [ Lyric Video ] ( سهراب پاکزاد - خط قرمز ). BM Records

http://vevo.ly/6rZ1Zs",UC9qZPJyvvZiBmzYdqdgly1w,SohrabPakzadVEVO,2024-02-08T13:46:27Z,10,fa,,PT2M30S,hd,False,True,689925,1379.0,95.0,public,True,False,150,likely_release,release_title_pattern | music_category | licensed_content,vevo,trusted,top20_manual_audit_2026-07-10; confidence=high,likely_release,v2_release_signal_and_trusted_source
6,سهراب پاکزاد,pop,18,_pl7LSxtgD0,Sohrab Pakzad - 110 Ta | سهراب پاکزاد - 110 تا,UCQnVOIzzZ-r2vKWZGEvd7Zw,Sohrab Pakzad,2025-03-14T08:30:06Z,سهراب پاکزاد,pending_review,,Sohrab Pakzad - 110 Ta | سهراب پاکزاد - 110 تا,"Powered by: https://ng-network.com

The official Track for “Sohrab Pakzad” - “110 Ta” ( آهنگ جدید 110 تا  ) 
“110 Ta” out now: 

Song: 110 Ta
Singer: Sohrab Pakzad
Composer: Ali Arjmand
Lyricist: Arian Kaveh & Barbod
Producer: Behnam Mohammadi


Get Connected With “Sohrab Pakzad”

Subscribe Here👇
https://bit.ly/SubscribeToSohrab

Audio Available on:
YouTube Music: https://bit.ly/SohrabYTMusic
Spotify: https://bit.ly/SohrabSpotify
Apple Music: https://bit.ly/SohrabAppleMusic

FOLLOW 👇
https://www.instagram.com/ng.networkco/

Please take a moment and share this video with your friends. Thank you",UCQnVOIzzZ-r2vKWZGEvd7Zw,Sohrab Pakzad,2025-03-14T08:30:06Z,10,fa,fa,PT2M6S,hd,False,True,478344,1218.0,145.0,public,True,False,126,needs_review,music_category_and_licensed_but_no_release_pattern,official_artist,trusted,top20_manual_audit_2026-07-10; confidence=high,trusted_needs_content_review,trusted_source_but_v2_content_ambiguous
6,سهراب پاکزاد,pop,19,MIPh-gNbGrk,Sohrab Pakzad Top 10 - میکس بهترین آهنگ های سهراب پاکزاد,UCCn_0vWsa35jSTRNlX15hzQ,TPM - Top Persian Music,2023-04-26T17:30:02Z,سهراب پاکزاد,pending_review,,Sohrab Pakzad Top 10 - میکس بهترین آهنگ های سهراب پاکزاد,"میکس ده آهنگ برتر خوشتیپ‌ترین خواننده ایرانو براتون آماده کردیم 😉😎
میکسی از بهترین و پربازدیدترین‌های سهراب پاکزاد 😎

Sohrab Pakzad Top 10 - میکس بهترین آهنگ های سهراب پاکزاد

آهنگ هایی که در این میکس شاد ایرانی می‌شنوید : 

00:00 - Atish - آتیش
02:46 - Emza - امضا
07:02 - Eshgham Ye Kari Kon - عشقم یه کاری کن
10:10 - Gole Bi Naghs - گل بی نقص
12:51 - Khialet Jam - خیالت جم
16:13  - Kie - کیه
19:53  - Male Man Bash - ماله من باش
23:51  - Mashin Savari  - ماشین سواری
28:33  - Moo Meshki  - مو مشکی
30:49  - Tazrigh  - تزریق

------------------------------------------------------------------------

برای شنیدن بهترین آهنگ‌های سهراب پاکزاد حتما به لینک زیر برین :

https://youtube.com/playlist?list=PLlVABjnN0Zp9GBg3b8aKr8W-CWhmv9PSP

------------------------------------------------------------------------

#Sohrab_Pakzad
#میکس_آهنگ_شاد
#Top_Persian_Music
#میکس_شاد_ایرانی
#Ahang_Shad
#Remix_Shad
#ریمیکس_آهنگهای_شاد
#Ahang_Irani
#Irani_Shad
#TPM
#Persian_Music 
#میکس_فارسی_شاد
#سهراب_پاکزاد",UCCn_0vWsa35jSTRNlX15hzQ,TPM - Top Persian Music,2023-04-26T17:30:02Z,10,fa,fa-IR,PT34M11S,hd,False,True,530499,2639.0,154.0,public,True,False,2051,likely_non_release,too_long_over_15_minutes,trusted_music_platform,trusted,top20_manual_audit_2026-07-10; confidence=high,trusted_non_release_signal,trusted_source_but_v2_non_release_signal
6,سهراب پاکزاد,pop,20,7EFxlwV-2MU,Sohrab Pakzad - Kie (Official Music Video) | سهراب پاکزاد - موزیک ویدیوی کیه,UCpToffK2aE57CCK_uBCNHyA,Fact Music,2023-02-12T21:28:48Z,سهراب پاکزاد,pending_review,,Sohrab Pakzad - Kie (Official Music Video) | سهراب پاکزاد - موزیک ویدیوی کیه,"For the latest Persian songs please subscribe to NG Network official channel: https://bit.ly/NGNetworkMusic

Enjoy the best songs from top artist 👇👇

Best Persian Hits: https://bit.ly/BestPersianHits

Mohsen Chavoshi: https://bit.ly/MohsenChavoshiSongs

Mohsen Lorestani: https://bit.ly/MohsenLorestani-Hits

Saman Jalili: https://bit.ly/SamanJalili-Hits

Majid Kharatha: https://bit.ly/MajidKharatha-Hits

Sohrab Pakzad:  https://bit.ly/SohrabPakzad-Hits

Yousef Zamani: https://bit.ly/YousefZamani-Hits

Asef Aria: https://bit.ly/AsefAria-Hits

Salar Aghili: https://bit.ly/SalarAghili-Hits

Soheil Rahmani: https://bit.ly/SoheilRahmani-Hits


FOLLOW  NG Network👇
                 https://www.instagram.com/ng.networkco/

Please take a moment and share this video with your friends. Thank you

#persianmusic
#persiansongs
#bestpersiansongs",UCpToffK2aE57CCK_uBCNHyA,Fact Music,2023-02-12T21:28:48Z,10,en,fa,PT3M38S,hd,False,True,434732,2125.0,217.0,public,True,False,218,likely_release,release_title_pattern | music_category | licensed_content,label_or_distributor,trusted,top20_manual_audit_2026-07-10; confidence=high,likely_release,v2_release_signal_and_trusted_source
6,سهراب پاکزاد,pop,21,gDsNVAWX0-g,Sohrab Pakzad - In Che Hessie ( Lyric Video ) ft. Amir Tabari,UC9qZPJyvvZiBmzYdqdgly1w,SohrabPakzadVEVO,2024-01-20T17:32:00Z,سهراب پاکزاد,pending_review,,Sohrab Pakzad - In Che Hessie ( Lyric Video ) ft. Amir Tabari,"Sohrab Pakzad - In Che Hessie [ Lyric Video ] - ( سهراب پاکزاد - این چه حسیه )

Powered by: ng-network.com


#SohrabPakzad
#Sohrab_Pakzad

http://vevo.ly/mUjNCH",UC9qZPJyvvZiBmzYdqdgly1w,SohrabPakzadVEVO,2024-01-20T17:32:00Z,10,en,,PT5M42S,hd,False,True,4639774,9676.0,162.0,public,True,False,342,likely_release,release_title_pattern | music_category | licensed_content,vevo,trusted,top20_manual_audit_2026-07-10; confidence=high,likely_release,v2_release_signal_and_trusted_source
6,سهراب پاکزاد,pop,22,OH5768Sd18k,Sohrab Pakzad - Yaghi | آهنگ یاغی از سهراب پاکزاد,UCCn_0vWsa35jSTRNlX15hzQ,TPM - Top Persian Music,2023-12-21T15:16:24Z,سهراب پاکزاد,pending_review,,Sohrab Pakzad - Yaghi | آهنگ یاغی از سهراب پاکزاد,"آهنگ ""یاغی"" از سهراب پاکزاد 
این آهنگو می‌تونید به صورت اختصاصی از کانال ما بشنوید.
ღ اگه این آهنگ رو دوست داشتید، لایک و ذخیره یادتون نره ღ

Sohrab Pakzad - Yaghi | آهنگ ""یاغی"" از سهراب پاکزاد

ـــ٨ﮩ٨ﮩﮩـــــــ٨ﮩ٨ﮩﮩـــــــ٨ﮩ٨ﮩﮩـــــــ٨ﮩ٨ﮩﮩـــ

برای شنیدن آهنگ‌های بیشتر از سهراب پاکزاد، روی لینک زیر کلیک کنید

https://youtube.com/playlist?list=PLlVABjnN0Zp9GBg3b8aKr8W-CWhmv9PSP 

ـــ٨ﮩ٨ﮩﮩـــــــ٨ﮩ٨ﮩﮩـــــــ٨ﮩ٨ﮩﮩـــــــ٨ﮩ٨ﮩﮩـــ

♪ متن آهنگ ""یاغی"" از سهراب پاکزاد♪

به تو فکر میکنم بی هوا بی خودی
نمیدونی چقدر من یاغی رو داری عوض میکنی
من دل تو دلم نیست با بشینم
سیر نمیشم تورو هر چی میبینم
دیگه درست نمیشم
اصن میخوابم که به عشق تو پاشم 
آخر هفته شه پیش تو باشم دیگه درست نمیشم
شبایی که باهات نمیخندم اصن صبح نمیشه نمیشه
من حتی فکرشم نمیکردم کارم بات به اینجا بکشه 
شبایی که باهات نمیخندم اصن صبح نمیشه نمیشه
من حتی فکرشم نمیکردم کارم بات به اینجا بکشه 
من اولین باری رو که دیدم تورو یادم نمیره
از اون شب دیگه هیچ جا به جز رو شونه هات خوابم نمیره
من دل تو دلم نیست با بشینم
سیر نمیشم تورو هر چی میبینم
دیگه درست نمیشم
اصن میخوابم که به عشق تو پاشم 
آخر هفته شه پیش تو باشم دیگه درست نمیشم
شبایی که باهات نمیخندم اصن صبح نمیشه نمیشه
من حتی فکرشم نمیکردم کارم بات به اینجا بکشه 
شبایی که باهات نمیخندم اصن صبح نمیشه نمیشه
من حتی فکرشم نمیکردم کارم بات به اینجا بکشه

ـــ٨ﮩ٨ﮩﮩـــــــ٨ﮩ٨ﮩﮩـــــــ٨ﮩ٨ﮩﮩـــــــ٨ﮩ٨ﮩﮩـــ

#TPM | #Sohrab_Pakzad | #Yaghi | #SohrabPakzad | #Top_Persian_Music | #Persian_Music
#سهراب_پاکزاد | #یاغی| #آهنگ_فارسی | #موسیقی_ایرانی | #موسیقی_پاپ | #موزیک | #موسیقی | #آهنگ",UCCn_0vWsa35jSTRNlX15hzQ,TPM - Top Persian Music,2023-12-21T15:16:24Z,10,fa,fa-IR,PT3M11S,hd,True,False,141397,747.0,59.0,public,True,False,191,needs_review,insufficient_evidence,trusted_music_platform,trusted,top20_manual_audit_2026-07-10; confidence=high,trusted_needs_content_review,trusted_source_but_v2_content_ambiguous
6,سهراب پاکزاد,pop,23,mMsf3f8ctTY,Sohrab Pakzad - Bombe | سهراب پاکزاد - بمبه,UCQnVOIzzZ-r2vKWZGEvd7Zw,Sohrab Pakzad,2024-02-15T08:11:51Z,سهراب پاکزاد,pending_review,,Sohrab Pakzad - Bombe | سهراب پاکزاد - بمبه,"Sohrab Pakzad - Bombe | سهراب پاکزاد - بمبه

Subscribe To The Sohrab Pakzad Channel For All The Best And Latest Official Music Videos, Behind The Scenes And Live Performances.

Bombe Track Information:
Lyrics & Music: Nima Moein & Sohrab Pakzad
Arr, Mix & Mastering: Ali Bayat
Producer: Behnam Mohammadi
Cover Art: Majid Rezaei

متن آهنگ بمبه:

میشه سنگین و بسته گلوم 
تو حق داری که هستی پهلوم
تو چی داری که انقد سریع 
پیشت قلبم میشه بستری

تو یه الماس نابی پر نوره دلت
چقد بد داره میچربه بهم زوره دلت
تو یه لحظه تا پلکامو زدم زودی رو هم
تو تیکه پاره های قلبمو دوختی بهم

بمبه این 
این عشقی که افتاده به جونم آتیشش تنده
این موهای مشکی چشای وحشی دلمو برده

بمبه این 
این عشقی که افتاده به جونم آتیشش تنده
این موهای مشکی چشای وحشی دلمو برده

تو لای مزه های زندگیم شیرین طعمی
یجای تو قلبم رفتی که خودت نمیفهمی
تو یه موجی که میشوره دلو تسکین دردامی
تو آخرین سلاح واسه جنگیدن با ترسامی

تو یه الماس نابی پر نوره دلت
چقد بد داره میچربه بهم زوره دلت
تو یه لحظه تا پلکامو زدم زودی رو هم
تو تیکه پاره های قلبمو دوختی بهم

بمبه این 
این عشقی که افتاده به جونم آتیشش تنده
این موهای مشکی چشای وحشی دلمو برده

بمبه این 
این عشقی که افتاده به جونم آتیشش تنده
این موهای مشکی چشای وحشی دلمو برده

Follow Sohrab on… 
Spotify : https://spoti.fi/48gTexB
Apple Music: https://apple.co/4f7j2hM
Amazon Music: https://amzn.to/3BJ6VJn
Instagram : https://www.instagram.com/sohrabpakzad/

#sohrabpakzad #bombe #سهراب_پاکزاد# بمبه",UCQnVOIzzZ-r2vKWZGEvd7Zw,Sohrab Pakzad,2024-02-15T08:11:51Z,10,fa,fa,PT4M31S,hd,False,True,220271,908.0,71.0,public,True,False,271,needs_review,music_category_and_licensed_but_no_release_pattern,official_artist,trusted,top20_manual_audit_2026-07-10; confidence=high,trusted_needs_content_review,trusted_source_but_v2_content_ambiguous
6,سهراب پاکزاد,pop,24,nsExqoIjHTQ,Sohrab Pakzad - Ashti - آهنگ آشتی از سهراب پاکزاد,UCCn_0vWsa35jSTRNlX15hzQ,TPM - Top Persian Music,2021-02-24T17:34:03Z,سهراب پاکزاد,pending_review,,Sohrab Pakzad - Ashti - آهنگ آشتی از سهراب پاکزاد,"آهنگ آتشی از سهراب پاکزاد منتشر شد 😍👌
این آهنگ رو انحصاری و قانونی از کانال یوتیوب 
Top Persian Music بشنوید 

Sohrab Pakzad - Ashti - آهنگ آشتی از سهراب پاکزاد

-------------------------------------

آهنگها و موزیک ویدیوهای  بیشتر از سهراب پاکزاد

https://www.youtube.com/playlist?list=PLlVABjnN0Zp9GBg3b8aKr8W-CWhmv9PSP

-------------------------------------

شناسنامه آهنگ آشتی از سهراب پاکزاد

خواننده : سهراب پاکزاد
تنظیم : مسعود جهانی
میکس و مستر : مهدی آذر
ترانه و ملودی : نیما معین
گیتار : مجتبی تقی پور
تیزر : آبتین حسینی
نشر : مرتضی زمانیپ
عکس کاور : عارف صمدیان
طراحی کاور : امیر امرایی
تهیه کننده : بهنام محمدی

-------------------------------------

متن آهنگ آشتی از سهراب پاکزاد

بهونه ی تورو میگیرن هم گلا هم باغبونشون
کبورترامون خیلی وقته خالیه ظرف آب و دونشون
تو که بودی مث بهار بود نفسات با همه فرق داشت
بیا ببین درخت قلبم تو که نیستی ریخته برگاش

من ببین چه قشنگ کردم 
واسه تو چه لباسی تن کردم
تو دلم برات سفره پهن کردم بیا

من لبه یه تراس موندم 
پیش گلدون پر یاس موندم
یکی بچینم گوشه ی موت بکارم بیا

یادمه که میگفتی کاشکی 
تو این همه برام غرور نداشتی
حالا همون آدم مغرور داره میگه بیا آشتی
بیا پیش آسمونم بیمه کن تنها نمونم
دلو یه جوری بغلت بگیر که بلرزه همه جونم

من ببین چه قشنگ کردم 
واسه تو چه لباسی تن کردم
تو دلم برات سفره پهن کردم بیا

من لبه یه تراس موندم 
پیش گلدون پر یاس موندم
یکی بچینم گوشه ی موت بکارم بیا

-------------------------------------

#Sohrab_Pakzad
#سهراب_پاکزاد
#Ashti
#آشتی
#Top_Persian_Music
#Persian_Music
#TPM
#Persian_Music2021

-------------------------------------",UCCn_0vWsa35jSTRNlX15hzQ,TPM - Top Persian Music,2021-02-24T17:34:03Z,10,fa,fa,PT2M46S,hd,True,True,452040,2914.0,125.0,public,True,False,166,needs_review,music_category_and_licensed_but_no_release_pattern,trusted_music_platform,trusted,top20_manual_audit_2026-07-10; confidence=high,trusted_needs_content_review,trusted_source_but_v2_content_ambiguous
6,سهراب پاکزاد,pop,25,tEQwFsOXK4o,Sohrab Pakzad &amp; Asef Aria Top 20  ( بهترین آهنگهای  سهراب پاکزاد و آصف آریا ),UCQnVOIzzZ-r2vKWZGEvd7Zw,Sohrab Pakzad,2024-03-03T15:21:48Z,سهراب پاکزاد,pending_review,,Sohrab Pakzad & Asef Aria Top 20  ( بهترین آهنگهای  سهراب پاکزاد و آصف آریا ),"Sohrab Pakzad & Asef Aria Top 20 
آهنگ های برتر سهراب پاکزاد و آصف آریا 

Subscribe To The Sohrab Pakzad Channel For All The Best And Latest Official Music Videos, Behind 
The Scenes And Live Performances: https://bit.ly/SubscribeToSohrab

 
Follow Sohrab on… 
Spotify : https://spoti.fi/48gTexB
Apple Music: https://apple.co/4f7j2hM
Amazon Music: https://amzn.to/3BJ6VJn
Instagram : https://www.instagram.com/sohrabpakzad/

#sohrab_pakzad #asef_aria",UCQnVOIzzZ-r2vKWZGEvd7Zw,Sohrab Pakzad,2024-03-03T15:21:48Z,10,fa,fa,PT1H1M33S,hd,False,True,623355,2633.0,223.0,public,True,False,3693,likely_non_release,too_long_over_15_minutes,official_artist,trusted,top20_manual_audit_2026-07-10; confidence=high,trusted_non_release_signal,trusted_source_but_v2_non_release_signal
7,گرشا رضایی,pop,2,qqUHJ-trNyc,Garsha Rezaei Top 10 - میکس بهترین آهنگ های گرشا رضایی,UCCn_0vWsa35jSTRNlX15hzQ,TPM - Top Persian Music,2023-03-20T18:30:48Z,گرشا رضایی,pending_review,,Garsha Rezaei Top 10 - میکس بهترین آهنگ های گرشا رضایی,"میکسی از بهترین و خاطره انگیز ترین آهنگهای گرشا رضایی
میکس ده آهنگ برتر گرشا رو قانونی و انحصاری از کانال ما بشنوید و لذت ببرید

Garsha Rezaei Top Top 10 - میکس بهترین آهنگ های گرشا رضایی

آهنگ هایی که در این میکس شاد ایرانی می‌شنوید : 

00:00 - Akhare Donya - آخر دنیا
02:55 - Chesh To Chesh - چش تو چش
05:22 - Darya Darya - دریا دریا
08:09 - Darya Nemiram - دریا نمیرم
11:27 - Divooneye Divoone - دیوونه ی دیوونه
14:52 - Donyami - دنیامی
18:54 - Ghermez - قرمز
21:27 - Mahi - ماهی
25:03 - Mojrem - مجرم
28:22 - Naro - نرو

------------------------------------------------------------------------

برای شنیدن آهنگهای بیشتر از گرشا رضایی بر روی لینک زیر کلیک کنید

https://www.youtube.com/watch?v=tjso_6uA4e0&list=PLlVABjnN0Zp9gCEbSOgfoYQgjMmEhdU
 
------------------------------------------------------------------------

#garsha_rezaei 
#گرشا_رضایی 
#میکس_آهنگ_شاد
#Top_Persian_Music
#میکس_شاد_ایرانی
#Ahang_Shad
#Remix_Shad
#ریمیکس_آهنگهای_شاد
#Ahang_Irani
#Irani_Shad
#TPM
#Persian_Music 
#میکس_فارسی_شاد
#گرشا",UCCn_0vWsa35jSTRNlX15hzQ,TPM - Top Persian Music,2023-03-20T18:30:48Z,10,fa,fa-IR,PT32M20S,hd,False,True,872803,4454.0,211.0,public,True,False,1940,likely_non_release,too_long_over_15_minutes,trusted_music_platform,trusted,top20_manual_audit_2026-07-10; confidence=high,trusted_non_release_signal,trusted_source_but_v2_non_release_signal
7,گرشا رضایی,pop,3,FiF32_QR_5c,Garsha Rezaei - Mahoora - Music Video - موزیک ویدیو آهنگ ماهورا از گرشا رضایی,UCtr7DrT-BGQnst11NLCsv_w,Persian Music,2018-12-10T15:15:00Z,گرشا رضایی,pending_review,,Garsha Rezaei - Mahoora - Music Video - موزیک ویدیو آهنگ ماهورا از گرشا رضایی,"موزیک ویدیو ماهورا با صدای گرشا رضایی . امیدواریم از دیدن این موزیک ویدیو لذت ببرید.


📢 آهنگ‌های مختلف و پادکست‌های جذاب برای سفر و ماشین و یا برای مهمانی یا حتی برای قلب‌های شکسته و روزهای سخت و ناامیدی 
📌https://open.spotify.com/user/tpmchannel?si=240f350569e145b3
☝🏻☝🏻 برای شنیدن  پلی‌لیست‌های متنوع میتونید رو این لینک کلیک کنید و کانال اسپاتیفای ما رو دنبال کنید. پس منتظر چی هستین؟ بزن بریم! موزیک ویدیوی ماهورا با صدای گرشا رضایی رو به صورت انحصاری و  به صورت قانونی از کانال ما گوش کنید. امیدواریم که از تماشای موزیک ویدیوی  آهنگ فارسی ماهورا گرشا رضایی لذت ببرید و برای حمایت از ما، حتما کانال را سابسکرایب کنید.

Garsha Rezaei - Mahoora - Music Video - موزیک ویدیو آهنگ ماهورا از گرشا رضایی

------------------------------

برای شنیدن بقیه آهنگ های گرشا رضایی  بر روی لینک زیر کلیلک کنید :

https://www.youtube.com/playlist?list=PLjEt8LHwWfbHNyoxu-JJ7js-HRtHlPn81

------------------------------

خلاصه داستان فیلم سینمایی ماهورا:

 در روستایی مرزی دختر به عنوان عروس هور انتخاب می‌شود تا یک روز در هفته خود را به آب بسپارد تا قهرش نگیرد، امین معروف به سمور؛ قاچاقچی ایرانی عروس هور به نام ماهور را می‌دزدد. در زندگی تو زنی است با چشمانی شکوهمند که لبخندش موسیقی و گل، اما هرکس بخواهد به او نزدیک شود ناپدید می‌شود.

تمام فیلمبرداری‌های این فیلم در تالاب‌ها و روستای بازسازی شده احمد آباد سیار در روستای عطیش از توابع شهرستان کارون انجام شد. فیلمنامه “ماهورا” طی ۴ سال تحقیق براساس یک واقعه تاریخی نگاشته شده است.

ساعد سهیلی، میترا حجار، بهاره کیان افشار، کامران تفتی، احمد کاوری، مونا فرجاد، مالک سراج، یوسف مرادیان از جمله سایر بازیگرانی هستند که در کنار داریوش ارجمند به ایفای نقش پرداخته اند.

------------------------------

شناسنامه آهنگ فارسی ماهورا

خواننده : گرشا رضایی
آهنگساز : گرشا رضایی
ترانه :‌علی بحرینی

------------------------------

متن آهنگ ماهورا از گرشا رضایی📄

هر لحظه حالم بدتره تو این روزا
امروز اگه اینه که ای وای از فردا

دلگیرم از تموم دنیا
فقط بیا

بیا که زندگیمو این دوری سوزوند
چه خاطراتی از تو پیش من جا موند

قصه غمگینمو جز تو کسی نخوند
بی هم میمیریم

شبیه زنجیریم
یه لحظه دور از هم اروم نمیگیریم

بارون دیوونگی داره
عاشق که بی عشقش طاقت نمیاره

تو بی منو من بی تو چی مونده از ما
بیا یه مرحمی بزار روی این دردا

هستی و من دل تو دلم نیست
فقط بیا

غرورمو هیچی به جز اشکت نشکوند
بهم بگو چی اخه چشماتو ترسوند

تو واسه نفس کشیدن هوا نموند
بی هم میمیریم

شبیه زنجیریم
یه لحظه دور از هم اروم نمیگیریم

بارون دیوونگی داره
عاشق که بی عشقش طاقت نمیاره

بی هم میمیریم
شبیه زنجیریم

یه لحظه دور از هم اروم نمیگیریم
بارون دیوونگی داره
عاشق که بی عشقش طاقت نمیاره

------------------------------

بیوگرافی کوتاهی از گرشا رضایی

گرشا رضایی خواننده و آهنگساز محبوب جوان در 22 اردیبهشت سال 1363 متولد شده است و اصلیتی لر دارد. گرشا رضایی که تسلط بسیاری در نواختن اکثر سازهای موسیقی دارد و مدتی به تدریس موسیقی مشغول بوده اکنون از خواننده های مطرح کشورمان است.
گرشا رضایی نوازندگی را از سن سیزده سالگی و با گیتار کلاسیک و فلامنکو شروع کرد و بعد تر به گیتار الکترونیک و سبک راک علاقه مند شد و این ساز به ساز تخصصی گرشا رضایی تبدیل شد. گرشا رضایی سازهای دیگری همچون پیانو،‌ کمانچه،‌بربط و سه تار هم می نوازد
گرشا رضایی از سال ۹۳ به طور جدی وارد فضای خوانندگی شد. و با تیتراژ سریال دولت مخفی در سال ۹۲ شروع کرد.
دل ندارم،‌ مجرم،‌ عشق بی آزارم، یار باش، دلت نخواد و حقمه از آخرین کارهای گرشا رضایی است.

------------------------------

Mahoora Persian Music Information

Vocal : Garsha Rezaei
Music : Garsha Rezaei
Lyric : Ali Bahraini

------------------------------

#گرشا_رضایی 
#گرشارضایی 
#ماهورا
#garsha_rezaei 
#garsharezaei 
#persian_music
#اهنگ_جدید 
#اهنگ_فارسی 
#موزیک 
#موزیک_ویدیو 
#کلیپ",UCtr7DrT-BGQnst11NLCsv_w,Persian Music,2018-12-10T15:15:00Z,10,fa,en,PT3M50S,hd,True,True,1711521,7499.0,451.0,public,True,False,230,likely_release,release_title_pattern | music_category | licensed_content,trusted_music_platform,trusted,sources_41_60_manual_audit_2026-07-10; confidence=high,likely_release,v2_release_signal_and_trusted_source
7,گرشا رضایی,pop,4,XUGJ6f0DtIA,Garsha Rezaei - Delam Khast | گرشا رضایی - موزیک ویدیو دلم خواست (آلبوم &quot;1984&quot;),UCisezGQDdiJZ6lmMQjVclvA,Garsha Rezaei,2024-10-04T16:11:38Z,گرشا رضایی,pending_review,,"Garsha Rezaei - Delam Khast | گرشا رضایی - موزیک ویدیو دلم خواست (آلبوم ""1984"")","Garsha Rezaei - Delam Khast (1984) | گرشا رضایی - موزیک ویدیو دلم خواست (آلبوم ""1984"")


متن آهنگ دلم خواست 

منظور من این بود، چشمات چه قشنگه
خواستم بگم انگار، با دلم می‌جنگه
بند میاد زبونم جلو چشمات
باخت دادم گمونم جلو چشمات

منظورِ یه عاشق آزار نمی‌شه 
عاشق اگه دیده شه که بیمار نمی‌شه
بند میاد زبونم جلو چشمات
باخت دادم گمونم جلو چشمات

دل خواست دلم خواست
صادقانه رو راست
از وقتی تو هستی
این زندگی زیباست

چه رازی توو نگاته
که زنجیره به دنیام
نگام کن شبِ عشقه
امشب با خودِ خودِ تو تنهام

دل خواست دلم خواست
صادقانه رو راست
از وقتی که هستی
این زندگی زیباست

---------------------------------

#Delam_Khast | #garsharezaei  | #garsha_rezaei  | #Persian_Music
#گرشا_رضایی #آهنگ_فارسی | #موسیقی_ایرانی | #موسیقی_پاپ | #موزیک | #موسیقی | #آهنگ",UCisezGQDdiJZ6lmMQjVclvA,Garsha Rezaei,2024-10-04T16:11:38Z,10,fa,fa,PT3M1S,hd,False,True,166342,1093.0,105.0,public,True,False,181,needs_review,music_category_and_licensed_but_no_release_pattern,official_artist,trusted,top20_manual_audit_2026-07-10; confidence=high,trusted_needs_content_review,trusted_source_but_v2_content_ambiguous
7,گرشا رضایی,pop,5,P5O0gKeBZ3U,Garsha Rezaei - Darya Darya (Music Video) - موزیک  ویدیو آهنگ دریا دریا از گرشا رضایی,UCCn_0vWsa35jSTRNlX15hzQ,TPM - Top Persian Music,2021-01-28T15:30:10Z,گرشا رضایی,pending_review,,Garsha Rezaei - Darya Darya (Music Video) - موزیک  ویدیو آهنگ دریا دریا از گرشا رضایی,"موزیک ویدیو جدید آهنگ دریا دریا از گرشا رضایی.
موزیک ویدیوی دریا دریا از گرشا رضایی رو به صورت قانونی و انحصاری از کانال ما ببینید

Garsha Rezaei Music Video Darya Darya - موزیک  ویدیو آهنگ دریا دریا از گرشا رضایی

-----------------------------

برای شنیدن آهنگ های بیشتر از گرشا رضایی بر روی لینک زیر کلیک کنید

https://www.youtube.com/watch?v=tjso_6uA4e0&list=PLlVABjnN0Zp9gCEbSOgfoYQgjMmEhdUAg

-----------------------------

آهنگ کامل دریا دریا 

https://youtu.be/p_XX3ITquXk

-----------------------------

شناسنامه آهنگ دریا دریا از گرشا رضایی

خواننده :‌ گرشا رضایی
موزیک :‌ هادی زینتی
ترانه : هادی زینتی
تنظیم : گرشا رضایی

-----------------------------

متن آهنگ دریا دریا از گرشا رضایی

دریا دریا اومدم تنها
تا که بشنوی تو درد و دلامو
دریا دریا این حالمو دریاب
جز تو کی میدونه من کجامو

دریا دریا دریا من با تموم دردا
آرزو میکنم کاشکی دوباره فردا
عشقمو ببینم کنار موجا

دریا دریا دریا من با تموم دردا
آرزو میکنم کاشکی دوباره فردا
عشقمو ببینم کنار موجا

آرومم کن آخه بی تابه دلم
لب ساحل شبا میخوابه دلم
دل من تنگ شده توو دلم جنگ شده
کاش بدونم اون کجا رفته

حالا موندم با همه خاطره هام
غیر عکساش دیگه چی مونده برام
دل من تنگ شده توو دلم جنگ شده
کاش بدونم اون کجا رفته

دریا دریا دریا من با تموم دردا
آرزو میکنم کاشکی دوباره فردا
عشقمو ببینم کنار موجا

دریا دریا دریا من با تموم دردا
آرزو میکنم کاشکی دوباره فردا
عشقمو ببینم کنار موجا


-----------------------------

بیوگرافی کوتاهی از گرشا رضایی

گرشا رضایی خواننده و آهنگساز محبوب جوان در 22 اردیبهشت سال 1363 متولد شده است و اصلیتی لر دارد. گرشا رضایی که تسلط بسیاری در نواختن اکثر سازهای موسیقی دارد و مدتی به تدریس موسیقی مشغول بوده اکنون از خواننده های مطرح کشورمان است.

گرشا رضایی نوازندگی را از سن سیزده سالگی و با گیتار کلاسیک و فلامنکو شروع کرد و بعدتر به گیتار الکترونیک و سبک راک علاقه مند شد و این ساز به ساز تخصصی گرشا رضایی تبدیل شد. گرشا رضایی سازهای دیگری همچون پیانو،‌ کمانچه،‌ بربط و سه تار هم می نوازد.
گرشا رضایی از سال ۹۳ به طور جدی وارد فضای خوانندگی شد. گرشا رضایی با تیتراژ سریال دولت مخفی در سال ۹۲ شروع کرد.
گرشا رضایی به جز خوانندگی مدتی رهبر ارکستر بوده است و صدابرداری هم کرده است. گرشا رضایی در مقطعی موسیقی را هم به صورت تخصصی تدریس کرده است.
گرضا رضایی پس از خواندن چندین تک آهنگ، آلبومی به نام آبی را به بازار عرضه کرد. گرشا رضایی به دلیل عشق و محبتی که نسبت به مادرش داشت یک قطعه را در این آلبوم به مادرش تقدیم کرده است.

دل ندارم،‌ مجرم،‌ عشق بی آزارم، یار باش، دلت نخواد و حقمه از آخرین کارهای گرشا رضایی است.

-----------------------------

#Darya_Darya
#Garsha_Rezaei
#Top_Persian_Music
#گرشا_رضایی
#دریا_دریا
#موزیک_ویدیو_جدید
#New_Music_Video
#Persian_Music_Video
#TPM
#Persian_Music

-----------------------------",UCCn_0vWsa35jSTRNlX15hzQ,TPM - Top Persian Music,2021-01-28T15:30:10Z,10,fa,fa,PT3M9S,hd,True,True,723398,4869.0,239.0,public,True,False,189,likely_release,release_title_pattern | music_category | licensed_content,trusted_music_platform,trusted,top20_manual_audit_2026-07-10; confidence=high,likely_release,v2_release_signal_and_trusted_source
7,گرشا رضایی,pop,6,PuTzWhG-8-4,Garsha Rezaei Top 10 - میکس بهترین آهنگ های گرشا رضایی,UCCn_0vWsa35jSTRNlX15hzQ,TPM - Top Persian Music,2023-09-30T17:30:03Z,گرشا رضایی,pending_review,,Garsha Rezaei Top 10 - میکس بهترین آهنگ های گرشا رضایی,"00:00-02:38 هیپنوتیزم
02:38-05:25 مو مشکی
05:25-08:44 خبر خبر
08:44-12:23 صدای بارون
12:23-15:16 قصه‌ی برکه و ماهی
15:16-18:32 بارون
18:32-22:07 مگه پاییز اومده
22:07-25:10 شرم
25:10-28:02 دل ندارم
28:02-31:47 ماه و کمونچه",UCCn_0vWsa35jSTRNlX15hzQ,TPM - Top Persian Music,2023-09-30T17:30:03Z,10,fa,fa-IR,PT31M48S,hd,False,True,110837,583.0,25.0,public,True,False,1908,likely_non_release,too_long_over_15_minutes,trusted_music_platform,trusted,top20_manual_audit_2026-07-10; confidence=high,trusted_non_release_signal,trusted_source_but_v2_non_release_signal
7,گرشا رضایی,pop,7,Xq34n7EGX4U,Garsha Rezaei - Naro (Music Video) - موزیک ویدیو آهنگ نرو از گرشا رضایی,UCCn_0vWsa35jSTRNlX15hzQ,TPM - Top Persian Music,2019-06-09T10:55:32Z,گرشا رضایی,pending_review,,Garsha Rezaei - Naro (Music Video) - موزیک ویدیو آهنگ نرو از گرشا رضایی,"وقتی نمی‌تونی جلوی رفتن کسی رو بگیری، فقط صدا می‌مونه... و موزیک ویدیو نرو دقیقاً همون صداییه که از ته دل داد می‌زنه: «بمون، هنوز دوستت دارم!» گرشا رضایی این قطعه رو تبدیل به یه فریاد عاشقانه کرده.

🔺 این ویدیو با زیرنویس‌های کوردی، انگلیسی، عربی و ترکی استانبولی آماده‌ست، تا هر جایی از دنیا که هستی راحت‌تر با آهنگ ارتباط بگیری.

💛 برای شنیدن تازه‌ترین آهنگ‌ها و حمایت از هنرمندان ایرانی، از لینک پایین کانالو سابسکرایب کن. 
https://bit.ly/Subscribe_TPM

-----------------------------------------------

Credits
Garsha Rezaei - Naro

Arr, Lyrics & Music: Garsha Rezaei

-----------------------------------------------

متن آهنگ  نرو از گرشا رضایی:

من از هوای بی تو بیزارم به بودنت یه عمره بیمارم
بالاتر از جونم عزیز من دوست دارم دوست دارم

بدون تو میدونی میمیرم من به هوای تو گرفتارم
تموم دنیای من این حرفه دوست دارم دوست دارم

نرو نرو دوباره نشکن این شکسته رو
نذار بگیر جاتو غم نرو که عاشقت بیاره کم نرو

بمون بمون به حرمت روزای رفتمون
نذار بیفتم از نفس بمون
منو نذار تو این قفس بمون
نرو نرو

نذار دلم بمیره بشکنه بسوزه باز نذار که غم بیاد دوباره باز
بشینه جات بشه واسم دلیل گریه یاد خنده هات
 یاد خنده هات 
خنده هات

نرو نرو دوباره نشکن این شکسته رو
نذار بگیر جاتو غم نرو که عاشقت بیاره کم نرو

بمون بمون به حرمت روزای رفتمون
نذار بیفتم از نفس بمون
منو نذار تو این قفس بمون
نرو نرو

#Garsha_Rezaei
#گرشا_رضایی
#Top_Persian_Music",UCCn_0vWsa35jSTRNlX15hzQ,TPM - Top Persian Music,2019-06-09T10:55:32Z,10,fa,fa,PT4M21S,hd,True,True,8127024,20894.0,1269.0,public,True,False,261,likely_release,release_title_pattern | music_category | licensed_content,trusted_music_platform,trusted,top20_manual_audit_2026-07-10; confidence=high,likely_release,v2_release_signal_and_trusted_source
7,گرشا رضایی,pop,8,p_XX3ITquXk,Garsha Rezaei - Darya Darya - آهنگ دریا دریا از گرشا رضایی,UCCn_0vWsa35jSTRNlX15hzQ,TPM - Top Persian Music,2020-07-13T16:30:10Z,گرشا رضایی,pending_review,,Garsha Rezaei - Darya Darya - آهنگ دریا دریا از گرشا رضایی,"گاهی همونطور که دریا بی‌پایانه، دلتنگی‌ها هم بی‌پایان می‌شن… دریا دریا از گرشا رضایی یه آهنگ عاشقانه و پر از احساسه که از هر نتش، عمق عشق و انتظار بیرون میاد. حسش رو خیلی سریع توی دل حس می‌کنی.


🔺 این ویدیو با زیرنویس‌های کوردی، انگلیسی، عربی و ترکی استانبولی آماده‌ست، تا هر جایی از دنیا که هستی راحت‌تر با آهنگ ارتباط بگیری.

💛 برای شنیدن تازه‌ترین آهنگ‌ها و حمایت از هنرمندان ایرانی، از لینک پایین کانالو سابسکرایب کن. 
https://bit.ly/Subscribe_TPM

-----------------------------------------------

Credits
Garsha Rezaei - Darya Nemiram

Lyrics & Music: Hadi Zinati
Arranegement: Garsha Rezaei

-----------------------------------------------

متن آهنگ دریا دریا از گرشا رضایی:

دریا دریا اومدم تنها
تا که بشنوی تو درد و دلامو

دریا دریا این حالمو دریاب
جز تو کی میدونه من کجامو

دریا دریا دریا من با تموم دردا
آرزو میکنم کاشکی دوباره فردا
عشقمو ببینم کنار موجا ...

دریا دریا دریا من با تموم دردا
آرزو میکنم کاشکی دوباره فردا
عشقمو ببینم کنار موجا ...

#Garsha_Rezaei
#گرشا_رضایی
#Top_Persian_Music",UCCn_0vWsa35jSTRNlX15hzQ,TPM - Top Persian Music,2020-07-13T16:30:10Z,10,fa,fa,PT2M48S,hd,True,True,2208786,11307.0,523.0,public,True,False,168,needs_review,music_category_and_licensed_but_no_release_pattern,trusted_music_platform,trusted,top20_manual_audit_2026-07-10; confidence=high,trusted_needs_content_review,trusted_source_but_v2_content_ambiguous
7,گرشا رضایی,pop,9,Hl7bf8Jqyx8,Garsha Rezaei - Akse To - Live in Concert - ویدئو کنسرتی موزیک عکس تو از گرشا رضایی,UCisezGQDdiJZ6lmMQjVclvA,Garsha Rezaei,2025-05-01T16:38:11Z,گرشا رضایی,pending_review,,Garsha Rezaei - Akse To - Live in Concert - ویدئو کنسرتی موزیک عکس تو از گرشا رضایی,"موزیک ویدئوی کنسرتی عکس تو با صدای گرشا رضایی منتشر شد.

------------------------------------------------------------

آهنگ اصلی عکس تو از گرشا رضایی  رو میتونید از لینک زیر بشنوید:

https://www.youtube.com/watch?v=7OKb2UNnPr4

------------------------------------------------------------

♪ متن آهنگ عکس تو از گرشا رضایی♪

یکی از خداشه تو تنهایی هرشب کنارت باشه
انگاری قراره این دل تا همیشه بی قرارت باشه
من واست در به درم اومدم تو رو ببرم
من دیگه گذشته آب از سرم
منم و دیوونگی
اصلا هرچی تو بگی
آخه من گذشته آب از سرم
چشمای تو دیدن داره عکس تو کشیدن داره
آسمون این عاشقی فقط با تو پریدن داره
چشمای تو دیدن داره عکس تو کشیدن داره
میدونی چقدر واسه تو دلم هوس رسیدن داره
آرزوم اینه که یه بار
واسم همه رو بزنی کنار
بیا نشونم بده که جونم بره با صدات و چشمات
عاشقی نمیشه دوبار بذار هرچی که میگن رو کنار
بیا تکونم بده که زدم گره خودمو به موهات
چشمای تو دیدن داره عکس تو کشیدن داره
آسمون این عاشقی فقط با تو پریدن داره
چشمای تو دیدن داره عکس تو کشیدن داره
میدونی چقدر واسه تو دلم هوس رسیدن داره

----------------------------------------------------------

Garsha Rezaei
🎵 Akse To
➤ Akse To Iranian Track Information :

🎙 Vocal : Garsha Rezaei
🎵 Music & Arrangement : Garsha Rezaei
📄 Lyrics & Vocal Theme : Hadi Zinati
🎥 Directed by Saeid Mahvar

----------------------------------------------------------

 #GarshaRezaei  #Akse_To  #Garsha_Rezaei #Persian_Music
#گرشا_رضایی | #عکس_تو | #آهنگ_فارسی | #آهنگ",UCisezGQDdiJZ6lmMQjVclvA,Garsha Rezaei,2025-05-01T16:38:11Z,10,fa,fa,PT3M11S,hd,False,True,378796,920.0,78.0,public,True,False,191,likely_non_release,non_release_title_pattern,official_artist,trusted,top20_manual_audit_2026-07-10; confidence=high,trusted_non_release_signal,trusted_source_but_v2_non_release_signal
7,گرشا رضایی,pop,10,tjso_6uA4e0,Garsha Rezaei - Donyami - آهنگ دنیامی از گرشا رضایی,UCCn_0vWsa35jSTRNlX15hzQ,TPM - Top Persian Music,2019-06-14T20:08:58Z,گرشا رضایی,pending_review,,Garsha Rezaei - Donyami - آهنگ دنیامی از گرشا رضایی,"دنیامی یه عاشقانه‌ی عمیق و احساسیِ پر از امید و وابستگیه. این آهنگ از دل عاشقی میاد که تمام دنیاش رو در وجود یه نفر پیدا کرده؛
وقتی دلت از همه‌چیز دست کشیده، و تنها چیزی که برات باقی مونده، همون عشقه. ""تو دنیامی"" یعنی تو همون کسی هستی که دلم هیچ‌ جای دیگه‌ای به کسی نمیره.

🔺 این ویدیو با زیرنویس‌های کوردی، انگلیسی، عربی و ترکی استانبولی آماده‌ست، تا هر جایی از دنیا که هستی راحت‌تر با آهنگ ارتباط بگیری.

💛 برای شنیدن تازه‌ترین آهنگ‌ها و حمایت از هنرمندان ایرانی، از لینک پایین کانالو سابسکرایب کن. 
https://bit.ly/Subscribe_TPM

-----------------------------------------------

Credits
Garsha Rezaei - Donyami

Arr, Lyrics & Music: Garsha Rezaei

-----------------------------------------------

متن آهنگ دنیامی از گرشا رضایی:

دنیامی تو مث نفس میمونی هر جا همرامی میدونی تموم زندگیمی دنیامی
دیگه چی بگم بمونی و نری 
شاید شد شاید موندی و دوباره هرچی باید شد نگو هیچی رو به راه نمیشه شاید شد
دیگه چی بگم بمونی و نری 
نگاهم کن یه نگاه تو میتونه زندگیم باشه تو که بودنت میتونه دلخوشیم باشه
بذار حس کنم همیشه دارمت 
نگاهم کن بذار زندگی دوباره با تو برگرده ببین عشقمون روزای سختو طی کرده
بذار حس کنم همیشه دارمت 

دیگه داره بد میشه ولی من نمیخوام از تو یک قدم دور شم بخوامم نمیشه جز تو با کسی جور شم
دیگه چی بگم بمونی و نری 
توی دلم آتیشه نمیخوام بدونی حالمو تو این روزا کسی چی میدونه از یه آدم تنها
دیگه چی بگم بمونی و نری 
نگاهم کن یه نگاه تو میتونه زندگیم باشه تو که بودنت میتونه دلخوشیم باشه
بذار حس کنم همیشه دارمت 
نگاهم کن بذار زندگی دوباره با تو برگرده ببین عشقمون روزای سختو طی کرده
بذار حس کنم همیشه دارمت

#Garsha_Rezaei
#گرشا_رضایی
#Top_Persian_Music",UCCn_0vWsa35jSTRNlX15hzQ,TPM - Top Persian Music,2019-06-14T20:08:58Z,10,en,fa,PT4M3S,hd,True,True,3703489,12389.0,562.0,public,True,False,243,needs_review,music_category_and_licensed_but_no_release_pattern,trusted_music_platform,trusted,top20_manual_audit_2026-07-10; confidence=high,trusted_needs_content_review,trusted_source_but_v2_content_ambiguous
7,گرشا رضایی,pop,11,9-HYYKmWQBI,اجرای&quot;عکس تو&quot;گرشا رضایی و همخوانی زیبای مردم🩵#گرشا_رضایی #گرشارضایی #garsha_rezaei #garsharezaei,UC6uOk4kSCROrgKkdHKv2I7w,Mrspecial,2024-03-11T14:10:00Z,گرشا رضایی,pending_review,,"اجرای""عکس تو""گرشا رضایی و همخوانی زیبای مردم🩵#گرشا_رضایی #گرشارضایی #garsha_rezaei #garsharezaei",#ولاگ #کنسرت #پاپ #ایران #ماکانبند #ماکان #ماکان_بند #امیرمقاره #روهام_هادیان #رهامیر #رهام_هادیان #macan #amirmaghare #roham #rohamhadian  #اصفهان #esfahan,UC6uOk4kSCROrgKkdHKv2I7w,Mrspecial,2024-03-11T14:10:00Z,10,fa,,PT16S,hd,False,False,7825,112.0,13.0,public,True,False,16,likely_non_release,too_short_under_90_seconds,entertainment,excluded,sources_41_60_manual_audit_2026-07-10; confidence=high,likely_non_release,excluded_source_registry
7,گرشا رضایی,pop,12,H-lUHCpSuVw,شوخی گرشا رضایی با نعیمه نظام دوست، میشه نعیمه رو بغل کنم؟ + چرا نمیشه…در حاشیه اکران سریال یزدان…,UCIoXa9CZoDHPao2qnfGU5mg,honarnewsofficial,2025-05-05T12:30:15Z,گرشا رضایی,pending_review,,شوخی گرشا رضایی با نعیمه نظام دوست، میشه نعیمه رو بغل کنم؟ + چرا نمیشه…در حاشیه اکران سریال یزدان…,"شوخی گرشا رضایی با نعیمه نظام دوست، میشه نعیمه رو بغل کنم؟ + چرا نمیشه…در حاشیه اکران سریال یزدان…
#حاشیه 
#ترند 
#حواشی 
#سلبریتی 
#جنجالی",UCIoXa9CZoDHPao2qnfGU5mg,honarnewsofficial,2025-05-05T12:30:15Z,24,fa,,PT8S,hd,False,True,888391,2282.0,119.0,public,True,False,8,likely_non_release,too_short_under_90_seconds,media_or_news,excluded,top20_manual_audit_2026-07-10; confidence=high,likely_non_release,excluded_source_registry
7,گرشا رضایی,pop,13,hti0pAu04_o,Garsha Rezaei - Sharm (Music Video) - موزیک ویدیو آهنگ شرم از گرشا رضایی,UCCn_0vWsa35jSTRNlX15hzQ,TPM - Top Persian Music,2020-11-23T18:30:11Z,گرشا رضایی,pending_review,,Garsha Rezaei - Sharm (Music Video) - موزیک ویدیو آهنگ شرم از گرشا رضایی,"موزیک ویدیو آهنگ جدید شرم از گرشا رضایی، تیتراز سریال جدید شرم با بازی مرحوم سیروس گرجستانی
سریال شرم آخرین حضور مرحوم سیروس گرجستانی در تلویزیون داست

Garsha Rezaei Music Video Sharm - موزیک ویدیو آهنگ شرم از گرشا رضایی

------------------------------

برای شنیدن آهنگهای بیشتر از گرشا رضایی بر روی لینک زیر کلیک کنید

https://www.youtube.com/watch?v=tjso_6uA4e0&list=PLlVABjnN0Zp9gCEbSOgfoYQgjMmEhdUAg

------------------------------

شناسنامه آهنگ جدید شرم از گرشا رضایی

خواننده :‌ گرشا رضایی
ترانه :‌ علی بحرینی
موزیک : گرشا رضایی
تنظیم : گرشا رضایی و پوریا احمدی

------------------------------

متن آهنگ جدید شرم از گرشا رضایی

شرم به این دنیا به این درد
به این عمری که برنمیگرده

خودم رفتم دلم جا موند
کی تقدیرو اینجورعوض کرده

داره یه عمر میشه که زیر آوارم
ولی تا جون دارم دوست دارم

داره یه عمر میشه تو باد و بارونم
مقصر من بودم میدونم

یه حسرت از گذشته مونده تو وجودم
اونی که باید بودم واسه تو بودم نبودم
نبودم نبودم نبودم

داره یه عمر میشه که زیر آوارم
ولی تا جون دارم دوست دارم

داره یه عمر میشه تو باد و بارونم
مقصر من بودم میدونم


داره یه عمر میشه که زیر آوارم
ولی تا جون دارم دوست دارم

داره یه عمر میشه تو باد و بارونم
مقصر من بودم میدونم

------------------------------

سریال شرم با بازی مرحوم سیروس گرجستانی

سریال شرم، سریالی است به کارگردانی احمد کاوری و تهیه کنندگی امیرمهدی پوروزیری، 
سریال شرم و جایگزین سریال صفر بیست و یک خواهد شد.
این سریال به مانند ساخته قبلی احمد کاوری، یک ملودرام اجتماعی است که با حضور بازیگران سرشناس دنیای هنر مقابل دوربین رفته و در حال پخش است.

بازیگران سریال شرم 

ابوالفضل پورعرب
فاطمه گودرزی
سیروس گرجستانی
فریبا متخصص
نسیم ادبی
سیاوش طهمورث

سریال شرم آخرین کار هنری زنده یاد سیروس گرجستانی بود و بعد از درگذشت ناگهانی او سیاوش طهمورث ادامه نقش این بازیگر را در سریال شرم ایفا کرد.

------------------------------

بیوگرافی کوتاهی از گرشا رضایی :

گرشا رضایی خواننده سبک پاپ، نوازنده و آهنگساز متولد 22 اردیبهشت سال 1363 است و اصلاتا لر است. او اکثر سایت ها را می نوازد و مدتی موسیقی هم آموزش داده است.
او موسیقی را از سنین کم و کودکی شروع کرده است و آواز خواندن را از خانواده مادری اش به ارث برده است. از سن 13 سالگی به صورت جدی فعلیت را شروع کرده است.
گرشا رضایی نوازنده گیتار به سبک فلامنکو و کلاسیک است و گیتار الکتریک هم می نوازد و دوره های آموزش این سازها را برگزار کرده است. او پینو، کمانچه، بریط و سه تار هم می نوازد.
او بیشتر نوازندگی کرده است و خوانندگی را خیلی دیر شروع کرده است. او سال های زیادی است که وارد عرصه موسیقی شده است ولی خوانندگی را از سال 1391 شروع کرده است.
گرشا رضایی به جز خوانندگی مدتی رهبر ارکستر بوده است و صدابرداری هم کرده است. او در مقطعی موسیقی را هم به صورت تخصصی تدریس کرده است.
او پس از خواندن چندین تک آهنگ، آلبومی به نام آبی را به بازار عرضه کرد. او به دلیل عش و محبتی که نسبت به مادرش داشت یک قطعه را در این آلبوم به مادرش تقدیم کرده است.

------------------------------

#Garsha_Rezai
#گرشا_رضایی
#New_Song
#Sharm
#شرم
#سریال_شرم
#سیروس_گرجرستانی
#Top_Persian_Music
#TPM
#Persian_Music
#New_Track
#Persian_Music2020",UCCn_0vWsa35jSTRNlX15hzQ,TPM - Top Persian Music,2020-11-23T18:30:11Z,10,fa,fa,PT3M10S,hd,True,True,817244,5248.0,440.0,public,True,False,190,likely_release,release_title_pattern | music_category | licensed_content,trusted_music_platform,trusted,top20_manual_audit_2026-07-10; confidence=high,likely_release,v2_release_signal_and_trusted_source
7,گرشا رضایی,pop,14,KRjasbPiTDM,نقد گرشا رضایی #نقدکنسرت #گرشا,UCmp7UNNvJIkRTd44nC5PR9g,Saeed Afrough,2026-07-09T06:57:20Z,گرشا رضایی,pending_review,,نقد گرشا رضایی #نقدکنسرت #گرشا,,UCmp7UNNvJIkRTd44nC5PR9g,Saeed Afrough,2026-07-09T06:57:20Z,10,fa-IR,fa-IR,PT1M6S,hd,False,True,1615,81.0,6.0,public,True,False,66,likely_non_release,too_short_under_90_seconds,reaction,excluded,sources_21_40_manual_audit_2026-07-10; confidence=high,likely_non_release,excluded_source_registry
7,گرشا رضایی,pop,15,du58UVKaxBs,Garsha Rezaei - Darya Nemiram - آهنگ دریا نمیرم از گرشا رضایی,UCCn_0vWsa35jSTRNlX15hzQ,TPM - Top Persian Music,2019-10-25T13:34:43Z,گرشا رضایی,pending_review,,Garsha Rezaei - Darya Nemiram - آهنگ دریا نمیرم از گرشا رضایی,"«دریا نمیرم» یه فریاد عاشقونه‌اس؛ فریاد کسی که انگار دیگه طاقت دوری رو نداره. اما هنوز یه جایی ته دلش امید هست، عشق هست،
و شاید انتظار...از دلی می‌خونه که از دلتنگی لبریزه، اما نمی‌خواد دست برداره.

🔺 این ویدیو با زیرنویس‌های کوردی، انگلیسی، عربی و ترکی استانبولی آماده‌ست، تا هر جایی از دنیا که هستی راحت‌تر با آهنگ ارتباط بگیری.

💛 برای شنیدن تازه‌ترین آهنگ‌ها و حمایت از هنرمندان ایرانی، از لینک پایین کانالو سابسکرایب کن. 
https://bit.ly/Subscribe_TPM

-----------------------------------------------

Credits
Garsha Rezaei - Darya Nemiram

Lyrics & Music: Hadi Zinati
Arranegement: Hadi Zinati

-----------------------------------------------

متن آهنگ دریا نمیرم از گرشا رضایی:

پای تو گیرم من یه چند وقته که بعد رفتنت دریا نمیرم
میترسم آخه بی هوا بارون بیاد دست کیو باید بگیرم

هر شب تو رویا من تورو میبینمت میگی کنارم خوبه حالت
میخندی و باز من گلای صورتی میذارم عشقم روی شالت

بزن بیرون از تنهایی برگرد کنارم همونم که برای دیدن تو بی قرارم
نرو از روزگارم که من طاقت ندارم منم مثل تو به تنها شدن عادت ندارم

پس بزن بیرون از تنهایی برگرد کنارم همونم که برای دیدن تو بی قرارم
نرو از روزگارم که من طاقت ندارم منم مثل تو به تنها شدن عادت ندارم

ما میرسیم بازم به هم دنیا اگه وارونه شه پاییز منم بارون تویی زیبایی پاییز به این بارونشه
باور نکن تنهاییو دل کندنو یادم نده از قلب من دوری نکن حالا که حال هر دوتاییمون بده

بزن بیرون از تنهایی برگرد کنارم همونم که برای دیدن تو بی قرارم
نرو از روزگارم که من طاقت ندارم منم مثل تو به تنها شدن عادت ندارم

پس بزن بیرون از تنهایی برگرد کنارم همونم که برای دیدن تو بی قرارم
نرو از روزگارم که من طاقت ندارم منم مثل تو به تنها شدن عادت ندارم

#Garsha_Rezaei
#گرشا_رضایی
#Top_Persian_Music",UCCn_0vWsa35jSTRNlX15hzQ,TPM - Top Persian Music,2019-10-25T13:34:43Z,10,en,fa,PT3M18S,hd,True,True,3689361,12523.0,523.0,public,True,False,198,needs_review,music_category_and_licensed_but_no_release_pattern,trusted_music_platform,trusted,top20_manual_audit_2026-07-10; confidence=high,trusted_needs_content_review,trusted_source_but_v2_content_ambiguous
7,گرشا رضایی,pop,16,qmsoUEp1SJs,Garsha Rezaei Top 10 (2024) -  میکس بهترین آهنگ های گرشا رضایی در سال 2024,UCCn_0vWsa35jSTRNlX15hzQ,TPM - Top Persian Music,2024-05-25T17:30:12Z,گرشا رضایی,pending_review,,Garsha Rezaei Top 10 (2024) -  میکس بهترین آهنگ های گرشا رضایی در سال 2024,"میکس بهترین و پربازدیدترین آهنگ‌های گرشا رضایی رو براتون آماده کردیم ... نیم ساعت با گرشا رضایی😍

Garsha Rezaei Top 10 (2024) -  میکس بهترین آهنگ های گرشا رضایی در سال 2024

آهنگ هایی که در این میکس شاد ایرانی می‌شنوید : 

00:00 - Khabar Khabar (Remix) - خبر خبر (ریمیکس)
03:40 - Ghermez - قرمز
06:13 - Naro (Remix) - نرو (ریمیکس)
10:31 - Darya Darya - دریا دریا
13:18 - Mahi - ماهی
16:55 - Mage Paeez Oomade - مگه پاییز اومده
20:29 - Sharm - شرم
23;33 - Delam Havas Karde - دلم هوس کرده
26:28 - Bezan Deleto Be Darya - بزن دلتو به دریا
29:01 - Moo Meshki - مو مشکی

------------------------------------------------------------------------

برای شنیدن بهترین آهنگ های گرشا رضایی حتما به لینک زیر برین :

https://www.youtube.com/playlist?list=PLlVABjnN0Zp9gCEbSOgfoYQgjMmEhdUAg

-------------------------------------------------------------------------

#Garsha_Rezaei
#گرشا_رضایی
#میکس_آهنگ_شاد
#Top_Persian_Music
#میکس_شاد_ایرانی
#Ahang_Shad
#Remix_Shad
#ریمیکس_آهنگهای_شاد
#Ahang_Irani
#Irani_Shad
#TPM
#Persian_Music 
#میکس_فارسی_شاد
#garsharezaei
#گرشارضایی",UCCn_0vWsa35jSTRNlX15hzQ,TPM - Top Persian Music,2024-05-25T17:30:12Z,10,fa,fa,PT31M47S,hd,False,True,80469,448.0,36.0,public,True,False,1907,likely_non_release,too_long_over_15_minutes,trusted_music_platform,trusted,top20_manual_audit_2026-07-10; confidence=high,trusted_non_release_signal,trusted_source_but_v2_non_release_signal
7,گرشا رضایی,pop,17,SNyPFjnk5-8,Garsha Rezaei Top 10 Mix - میکس بهترین آهنگ های گرشا رضایی,UCCn_0vWsa35jSTRNlX15hzQ,TPM - Top Persian Music,2024-07-05T17:30:03Z,گرشا رضایی,pending_review,,Garsha Rezaei Top 10 Mix - میکس بهترین آهنگ های گرشا رضایی,"میکس بهترین و پربازدیدترین آهنگ‌های گرشا رضایی رو براتون آماده کردیم ... امیدواریم که از این میکس لذت ببرید 😍

Garsha Rezaei Top 10 Mix -  میکس بهترین آهنگ های گرشا رضایی

آهنگهایی که در این میکس می‌شنوید:

00:00 Mano Ba Khodet Bebar | منو با خودت ببر
02:43 Axe To | عکس تو
05:14 Ghermez | قرمز
07:47 Chesh to Chesh | چش تو چش
10:14 Sharm | شرم
13:17 Khabar Khabar | خبر خبر
16:33 Mesle Mah | مثل ماه
19:49 Bezan Deleto Be Darya | بزن دلتو به دریا
22:23 Mahi | ماهی
25:59 Mojrem | مجرم
-------------------------------------------------------------------

برای شنیدن بهترین آهنگ های گرشا رضایی حتما به لینک زیر برین :

https://www.youtube.com/playlist?list=PLlVABjnN0Zp9gCEbSOgfoYQgjMmEhdUAg

--------------------------------------------------------------------

#Garsha_Rezaei
#گرشا_رضایی
#میکس_آهنگ
#Top_Persian_Music
#میکس_گرشا_رضائی
#Ahang_Irani
#Irani_Shad
#TPM
#Persian_Music 
#میکس_فارسی
#garsharezaei
#گرشارضایی",UCCn_0vWsa35jSTRNlX15hzQ,TPM - Top Persian Music,2024-07-05T17:30:03Z,10,fa,fa-IR,PT29M18S,hd,False,True,25006,150.0,55.0,public,True,False,1758,likely_non_release,too_long_over_15_minutes,trusted_music_platform,trusted,top20_manual_audit_2026-07-10; confidence=high,trusted_non_release_signal,trusted_source_but_v2_non_release_signal
7,گرشا رضایی,pop,18,jhvv7cJ8D2k,Garsha Rezaei Ft. Hayedeh - Axe To | همخوانی آهنگ عکس تو گرشا رضایی و بانو هایده,UCisezGQDdiJZ6lmMQjVclvA,Garsha Rezaei,2023-12-07T14:30:10Z,گرشا رضایی,pending_review,,Garsha Rezaei Ft. Hayedeh - Axe To | همخوانی آهنگ عکس تو گرشا رضایی و بانو هایده,"Garsha Rezaei Ft. Hayedeh - Axe To | همخوانی آهنگ عکس تو گرشا رضایی و بانو هایده 

توی این ویدئو بااستفاده از هوش مصنوعی، آهنگ ""عکس تو"" از گرشا رضایی و زنده یاد بانو هایده اجرا شده. 
نظر شما چیه؟

برای شنیدن نسخه اورجینال آهنگ کافیه روی لینک زیر کلیک کنید:
https://youtu.be/7OKb2UNnPr4

------------------

متن آهنگ عکس تو از گرشا رضایی

یکی از خداشه تو تنهایی هرشب کنارت باشه
انگاری قراره این دل تا همیشه بی قرارت باشه
من واست در به درم اومدم تو رو ببرم
من دیگه گذشته آب از سرم
منم و دیوونگی
اصلا هرچی تو بگی
آخه من گذشته آب از سرم
چشمای تو دیدن داره عکس تو کشیدن داره
آسمون این عاشقی فقط با تو پریدن داره
چشمای تو دیدن داره عکس تو کشیدن داره
میدونی چقدر واسه تو دلم هوس رسیدن داره
آرزوم اینه که یه بار
واسم همه رو بزنی کنار
بیا نشونم بده که جونم بره با صدات و چشمات
عاشقی نمیشه دوبار بذار هرچی که میگن رو کنار
بیا تکونم بده که زدم گره خودمو به موهات
چشمای تو دیدن داره عکس تو کشیدن داره
آسمون این عاشقی فقط با تو پریدن داره
چشمای تو دیدن داره عکس تو کشیدن داره

میدونی چقدر واسه تو دلم هوس رسیدن داره

---------------------------------

#Hayedeh | #GarshaRezaei | #Axe_To | #Garsha_Rezaei | #Hayde
#گرشا_رضایی | #عکس_تو | #آهنگ_فارسی | #موسیقی_ایرانی | #موسیقی_پاپ | #موزیک | #موسیقی | #آهنگ",UCisezGQDdiJZ6lmMQjVclvA,Garsha Rezaei,2023-12-07T14:30:10Z,10,fa,,PT2M13S,hd,False,True,1045865,2831.0,119.0,public,True,False,133,needs_review,music_category_and_licensed_but_no_release_pattern,official_artist,trusted,top20_manual_audit_2026-07-10; confidence=high,trusted_needs_content_review,trusted_source_but_v2_content_ambiguous
7,گرشا رضایی,pop,19,5JQ2kJDAZ18,Garsha Rezaei Podcast  - پادکست گرشا رضایی,UCisezGQDdiJZ6lmMQjVclvA,Garsha Rezaei,2024-09-09T16:30:02Z,گرشا رضایی,pending_review,,Garsha Rezaei Podcast  - پادکست گرشا رضایی,"Garsha Rezaei Podcast  - پادکست گرشا رضایی

در این پادکست 3 ساعت شنونده تمامی موزیک های گرشا رضایی باشید 🎶😍

🎵🎶🎵🎶🎵🎶🎵🎶🎵

 آهنگ هایی که از گرشا رضایی در این پادکست میشنوید: 👇🏻😎

00:00 - Mano Ba Khodet Bebar - منو با خودت ببر
02:34 - Bezan Deleto Be Darya - بزن دلتو به دریا
05:00 - Ye Rooz - یه روز
07-51 - Symphony - سمفونی
10:26 - Akhe Man - آخه من
13:24 - Axe To - عکس تو
15:32 - Ashegh Shodam - عاشق شدم
18:33 - Ghesse Berke o Mahi - قصه برکه و ماهی
21:20 - Khabar Khabar - خبر خبر
24:26 - Chesh To Chesh - چش تو چش
26:49 - Parandeh (Deli) - پرنده (دلی)
28:09 - Mahi - ماهی
31:40 - Ghermez - قرمز
34:05 - Mage Paeez Oomade - مگه پاییز اومده
37:26 - Sedaye Baroon - صدای بارون
40:56 - Mesle Mah - مثل ماه
43:48 - Hypnosis - هیپنوتیزم
46:21 - Baroon - بارون
49:17 - Sharm - شرم
52:12 - Darya Darya - دریا دریا
54:47 - Del Nadram - دل ندارم
57:33 - Akhare Donya - آخر دنیا
1:00:19 - Delam Havas Karde - دلم هوس کرده
1:03:07 - Moo Meshki - مو مشکی
1:05:47 - Darya Nemiram - دریا نمیرم
1:08:56 - Mojrem - مجرم
1:11:57 - Aksaye Akhar - عکسای آخر
1:15:17 - Divooneye Divoone - دیوونه‌ی دیوونه
1:18:34 - Eshghe Bi Azaram - عشق بی آزارم
1:21:31 - Yar Bash - یار باش
1:24:41 - Mahoora - ماهورا
1:28:20 - Tanhaei - تنهایی
1:31:10 - Dooset Daram - دوستت دارم
1:33:24 - Andaze Sad Sale Ke Rafti - اندازه صد ساله که رفتی
1:37:05 - Toei o To - تویی و تو
1:40:00 - Mage Nagoftam - مگه نگفتم
1:42:45 - Mamnoon - ممنون
1:45:05 - Delet Nakhad - دلت نخواد
1:48:30 - Halemoon Khoobe - حالمون خوبه
1:51:36 - Donyami - دنیامی
1:55:30 - Haghame - حقمه
1:58:55 - Edme Dare - ادامه داره
2;00:16 - Eshgham - عشقم
2:05:22 - Naro - نرو
2:09:11 - Taibib - طبیب
2:11:26 - Faghat Toei - فقط تویی
2:15:03 - Madar - مادر
2:18:52 - Savare Asbo Baroon - سوار اسب و بارون
2:24:00 - Babolsar - بابلسر
2:28:36 - Delam Gerefte Ey Rafigh - دلم گرفته ای رفیق
2:31:57 - Dolate Makhfi - دولت مخفی
2:35:46 - Fanoose Tanhaei - فانوس تنهایی
2:39:23 - Nowruze Man - نوروز من
2:42:00  - Khodahafez - خداحافظ
2:43:29 - Khosha Shiraz - خوشا شیراز
2:47:49 - Tehroon - تهرون
2:50:20 - Tabestoon - تابستون

🎵🎶🎵🎶🎵🎶🎵🎶🎵

#podcast 
#پادکست_موزیک
#پادکست
#گرشارضایی
#garsha_rezaei",UCisezGQDdiJZ6lmMQjVclvA,Garsha Rezaei,2024-09-09T16:30:02Z,10,fa,fa,PT2H54M6S,hd,False,True,10581,111.0,42.0,public,True,False,10446,likely_non_release,too_long_over_15_minutes,official_artist,trusted,top20_manual_audit_2026-07-10; confidence=high,trusted_non_release_signal,trusted_source_but_v2_non_release_signal
7,گرشا رضایی,pop,20,c0B6mRQ90l0,گرشا رضایی و هوروش بند - دریا دریا - Garsha Rezaei &amp; Hoorosh Band,UCCn_0vWsa35jSTRNlX15hzQ,TPM - Top Persian Music,2020-08-05T15:00:10Z,گرشا رضایی,pending_review,,گرشا رضایی و هوروش بند - دریا دریا - Garsha Rezaei & Hoorosh Band,"اجرای زنده و مشترک گرشا رضایی و مهدی دارابی از هوروش بند رو به صورت قانونی از کانال ما تماشا کنید

Garsha Rezaei & Mehdi Darabi - Darya Darya

-----------------------------

برای شنیدن آهنگ کامل دریا دریا از گرشا رضایی بر روی لینک زیر کلیک کنید

https://youtu.be/p_XX3ITquXk

-----------------------------

برای شنیدن آهنگ های بیشتر از گرشا رضایی بر روی لینک زیر کلیک کنید

https://www.youtube.com/watch?v=tjso_6uA4e0&list=PLlVABjnN0Zp9gCEbSOgfoYQgjMmEhdUAg

-----------------------------

شناسنامه آهنگ جدید دریا دریا گرشا راضایی

خواننده :‌ گرشا رضایی
موزیک :‌ هادی زینتی
ترانه : هادی زینتی
تنظیم : گرشا رضایی

-----------------------------

متن آهنگ جدید گرشا رضایی دریا دریا

دریا دریا اومدم تنها
تا که بشنوی تو درد و دلامو

دریا دریا این حالمو دریاب
جز تو کی میدونه من کجامو

دریا دریا دریا من با تموم دردا
آرزو میکنم کاشکی دوباره فردا
عشقمو ببینم کنار موجا ...

دریا دریا دریا من با تموم دردا
آرزو میکنم کاشکی دوباره فردا
عشقمو ببینم کنار موجا ...

...

-----------------------------

بیوگرافی کوتاهی از گرشا رضایی

گرشا رضایی خواننده و آهنگساز محبوب جوان در 22 اردیبهشت سال 1363 متولد شده است و اصلیتی لر دارد. گرشا رضایی که تسلط بسیاری در نواختن اکثر سازهای موسیقی دارد و مدتی به تدریس موسیقی مشغول بوده اکنون از خواننده های مطرح کشورمان است.

گرشا رضایی نوازندگی را از سن سیزده سالگی و با گیتار کلاسیک و فلامنکو شروع کرد و بعدتر به گیتار الکترونیک و سبک راک علاقه مند شد و این ساز به ساز تخصصی گرشا رضایی تبدیل شد. گرشا رضایی سازهای دیگری همچون پیانو،‌ کمانچه،‌ بربط و سه تار هم می نوازد.
گرشا رضایی از سال ۹۳ به طور جدی وارد فضای خوانندگی شد. گرشا رضایی با تیتراژ سریال دولت مخفی در سال ۹۲ شروع کرد.
گرشا رضایی به جز خوانندگی مدتی رهبر ارکستر بوده است و صدابرداری هم کرده است. گرشا رضایی در مقطعی موسیقی را هم به صورت تخصصی تدریس کرده است.
گرضا رضایی پس از خواندن چندین تک آهنگ، آلبومی به نام آبی را به بازار عرضه کرد. گرشا رضایی به دلیل عشق و محبتی که نسبت به مادرش داشت یک قطعه را در این آلبوم به مادرش تقدیم کرده است.

دل ندارم،‌ مجرم،‌ عشق بی آزارم، یار باش، دلت نخواد و حقمه از آخرین کارهای گرشا رضایی است.

-----------------------------



#Garsha_Rezaei
#Hoorosh_Band
#Mehdi_Darabi",UCCn_0vWsa35jSTRNlX15hzQ,TPM - Top Persian Music,2020-08-05T15:00:10Z,10,fa,fa,PT1M22S,hd,True,True,162721,2003.0,145.0,public,True,False,82,likely_non_release,too_short_under_90_seconds,trusted_music_platform,trusted,top20_manual_audit_2026-07-10; confidence=high,trusted_non_release_signal,trusted_source_but_v2_non_release_signal
7,گرشا رضایی,pop,21,iT7i_3xy9qs,Garsha Rezaei - Ghermez - آهنگ قرمز از گرشا رضایی,UCCn_0vWsa35jSTRNlX15hzQ,TPM - Top Persian Music,2021-12-02T11:20:03Z,گرشا رضایی,pending_review,,Garsha Rezaei - Ghermez - آهنگ قرمز از گرشا رضایی,"گرشا رضایی با لحنی پر از التهاب، از عشقی می‌خونه که مثل رنگ قرمز، هم زیباست، هم خطرناک؛ هم خواستنی، هم دردناک. حرف دل کسیه که نمی‌تونه ببینه عشقش سهم کسی دیگه شده.

🔺 این ویدیو با زیرنویس‌های کوردی، انگلیسی و عربی آماده‌ست، تا هر جایی از دنیا که هستی راحت‌تر با آهنگ ارتباط بگیری.

💛 برای شنیدن تازه‌ترین آهنگ‌ها و حمایت از هنرمندان ایرانی، از لینک پایین کانالو سابسکرایب کن. 
https://bit.ly/Subscribe_TPM

-----------------------------------------------

Credits
Garsha Rezaei - Ghermez

Lyrics & Music: Hadi Zinati
Arranegement: Hadi Zinati

-----------------------------------------------

متن آهنگ قرمز از گرشا رضایی:

یه جای خوشگل قرمز توی سینمه که جاته 
خودمونی به تو میگم دل دیوونه فداته
من یه معشوقه میخواستم مثل تو پیدا نکردم 
خودمونی به تو میگم میشه دورتون بگردم
حالا مگه این عاشقی ول میکنه اومده ذله کنه 
خودشو یه جور به تو وابسته کنه همه رو خسته کنه
حالا بشین و ببین دلم چه کنه ...
حالا مگه این عاشقی ول میکنه اومده ذله کنه 
خودشو یه جور به تو وابسته کنه همه رو خسته کنه
حالا بشین و ببین دلم چه کنه ...
دلم میخواد من فقط نگات کنم نگات کنم نفس 
حواست نباشه و صدات کنم صدات کنم نفس
تو همه کسم شو هم نفسم شو بمون برام 
آروم جونم تو من که میمونم تو بمون برام
حالا مگه این عاشقی ول میکنه اومده ذله کنه 
خودشو یه جور به تو وابسته کنه همه رو خسته کنه
حالا بشین و ببین دلم چه کنه ...
حالا مگه این عاشقی ول میکنه اومده ذله کنه 
خودشو یه جور به تو وابسته کنه همه رو خسته کنه
حالا بشین و ببین دلم چه کنه...

#Garsha_Rezaei
#گرشا_رضایی
#Top_Persian_Music",UCCn_0vWsa35jSTRNlX15hzQ,TPM - Top Persian Music,2021-12-02T11:20:03Z,10,fa,fa,PT2M33S,hd,True,True,1131463,4468.0,127.0,public,True,False,153,needs_review,music_category_and_licensed_but_no_release_pattern,trusted_music_platform,trusted,top20_manual_audit_2026-07-10; confidence=high,trusted_needs_content_review,trusted_source_but_v2_content_ambiguous
7,گرشا رضایی,pop,22,fnp5bL8oNC4,Garsha Rezaei - Darya Darya (Live in Concert) | اجرای کنسرتی آهنگ دریا دریا - گرشا رضایی,UCisezGQDdiJZ6lmMQjVclvA,Garsha Rezaei,2025-10-12T15:30:06Z,گرشا رضایی,pending_review,,Garsha Rezaei - Darya Darya (Live in Concert) | اجرای کنسرتی آهنگ دریا دریا - گرشا رضایی,"Garsha Rezaei - Darya Darya (Live in Concert) | اجرای کنسرتی آهنگ دریا دریا از گرشا رضایی

---------------------------------
متن آهنگ دریا دریا:

دریا دریا اومدم تنها
تا که بشنوی تو درد و دلامو
دریا دریا این حالمو دریاب
جز تو کی میدونه من کجامو
دریا دریا دریا من با تموم دردا
آرزو میکنم کاشکی دوباره فردا
عشقمو ببینم کنار موجا
دریا دریا دریا من با تموم دردا
آرزو میکنم کاشکی دوباره فردا
عشقمو ببینم کنار موجا
آرومم کن آخه بی تابه دلم
لب ساحل شبا میخوابه دلم
دل من تنگ شده توو دلم جنگ شده
کاش بدونم اون کجا رفته
حالا موندم با همه خاطره هام
غیر عکساش دیگه چی مونده برام
دل من تنگ شده توو دلم جنگ شده
کاش بدونم اون کجا رفته
دریا دریا دریا من با تموم دردا
آرزو میکنم کاشکی دوباره فردا
عشقمو ببینم کنار موجا
دریا دریا دریا من با تموم دردا
آرزو میکنم کاشکی دوباره فردا
عشقمو ببینم کنار موجا

---------------------------------

#garsha_rezaei 
#darya_darya",UCisezGQDdiJZ6lmMQjVclvA,Garsha Rezaei,2025-10-12T15:30:06Z,10,fa,fa,PT4M5S,hd,False,True,12307,161.0,36.0,public,True,False,245,likely_non_release,non_release_title_pattern,official_artist,trusted,top20_manual_audit_2026-07-10; confidence=high,trusted_non_release_signal,trusted_source_but_v2_non_release_signal
7,گرشا رضایی,pop,23,ZEKGk8I7X34,Garsha Rezaei - Chesh To Chesh - آهنگ چش تو چش از گرشا رضایی,UCCn_0vWsa35jSTRNlX15hzQ,TPM - Top Persian Music,2022-03-09T16:33:02Z,گرشا رضایی,pending_review,,Garsha Rezaei - Chesh To Chesh - آهنگ چش تو چش از گرشا رضایی,"حسِ نگاه کردن به کسی که همه‌ی جهان رو تو چشماش می‌بینی، چیزی شبیه به چش تو چش از گرشا رضاییه؛ پر از شور و انرژی، با کلماتی که بی‌واسطه به قلبت می‌زنن.

🔺 این ویدیو با زیرنویس‌های کوردی، انگلیسی و عربی آماده‌ست، تا هر جایی از دنیا که هستی راحت‌تر با آهنگ ارتباط بگیری.

💛 برای شنیدن تازه‌ترین آهنگ‌ها و حمایت از هنرمندان ایرانی، از لینک پایین کانالو سابسکرایب کن. 
https://bit.ly/Subscribe_TPM

-----------------------------------------------

Credits
Garsha Rezaei - Chesh To Chesh

Lyrics: Hadi Zinati
Arranegement: Hamed Baradaran

-----------------------------------------------

متن آهنگ چش تو چش از گرشا رضایی:

سلام عشقم چطوری تو دیدی آخرش زدم قلبتو بردم
چشم رنگیت رو به رومه خوبه تا همین الانشم نمردم
تو چه جایی چه شبی من به تو خوردم
اومدی تو دلم دلم قربون تو برم برم
خوب میدونی بگم نگم که من گلم دوست دارم
چش تو چش شدم باهاتو یه چیزایی دستگیرم شد
بس که پیگیر تو شدم تا دل تو تسلیمم شد
آخرش دیدی عزیزم همونی که من میگم شد
چش تو چش شدم باهاتو یه چیزایی دستگیرم شد
بس که پیگیر تو شدم تا دل تو تسلیمم شد
آخرش دیدی عزیزم همونی که من میگم شد
حال قلبم به چشات بستگی داره مثل من کی به تو وابستگی داره
عاشقی با تو مگه خستگی داره
اومدی تو دلم دلم قربون تو برم برم
خوب میدونی بگم نگم که من گلم دوست دارم
چش تو چش شدم باهاتو یه چیزایی دستگیرم شد
بس که پیگیر تو شدم تا دل تو تسلیمم شد
آخرش دیدی عزیزم همونی که من میگم شد
چش تو چش شدم باهاتو یه چیزایی دستگیرم شد
بس که پیگیر تو شدم تا دل تو تسلیمم شد
آخرش دیدی عزیزم همونی که من میگم شد

#Garsha_Rezaei
#گرشا_رضایی
#Top_Persian_Music",UCCn_0vWsa35jSTRNlX15hzQ,TPM - Top Persian Music,2022-03-09T16:33:02Z,10,fa,fa,PT2M27S,hd,True,True,1384494,5713.0,176.0,public,True,False,147,needs_review,music_category_and_licensed_but_no_release_pattern,trusted_music_platform,trusted,top20_manual_audit_2026-07-10; confidence=high,trusted_needs_content_review,trusted_source_but_v2_content_ambiguous
7,گرشا رضایی,pop,24,qfDHsZ2Ncd4,Garsha Rezaei KHABAR KHABAR(Music video),UCisezGQDdiJZ6lmMQjVclvA,Garsha Rezaei,2023-05-06T08:42:54Z,گرشا رضایی,pending_review,,Garsha Rezaei KHABAR KHABAR(Music video),"موزیک ویدئو خبر خبر منتشر شد….
شعر،ملودی:هادی زینتی
تنظیم و میکس و مستر:گرشا رضائی
کارگردان:پیمان ماه آور پور
مدیر تولید:حسن رضائی
با تشکر از:امیر پرویزی،ستاره اصلانی",UCisezGQDdiJZ6lmMQjVclvA,Garsha Rezaei,2023-05-06T08:42:54Z,10,fa,,PT3M17S,hd,False,True,419543,1760.0,150.0,public,True,False,197,likely_release,release_title_pattern | music_category | licensed_content,official_artist,trusted,top20_manual_audit_2026-07-10; confidence=high,likely_release,v2_release_signal_and_trusted_source
7,گرشا رضایی,pop,25,dgcUbReYltc,Gole naz darom Garsha Rezaei گل ناز داروم گرشا رضایی,UCvQF6ODadEBg5SESEbPWmcw,YounnesMusic ,2025-02-28T19:20:29Z,گرشا رضایی,pending_review,,Gole naz darom Garsha Rezaei گل ناز داروم گرشا رضایی,,UCvQF6ODadEBg5SESEbPWmcw,YounnesMusic ,2025-02-28T19:20:29Z,22,fa,,PT47S,hd,False,False,11344,272.0,27.0,public,True,False,47,likely_non_release,too_short_under_90_seconds,artist_owned,excluded,sources_81_91_manual_audit_2026-07-10; confidence=high,likely_non_release,excluded_source_registry
8,ساسی مانکن,rap_hiphop,1,k7QpRijPbtQ,Sasy - Marmoolak (Official Video),UCVjt1H4u5z3Ya7_hxHGus6w,Radio Javan,2025-03-13T18:00:07Z,ساسی مانکن,pending_review,,Sasy - Marmoolak (Official Video),"Sasy - Marmoolak (Official Video)
ساسی - مارمولک

Listen to audio on Radio Javan:
https://rj.app/m/jqRB0Bgq

متن آهنگ مارمولک از ساسی
ای وای، ای وای
کارمون دراومد
بازم ساسی اومد

اومده که جر بده

ای وای، ای وای
کارمون دراومد
بازم ساسی اومد

دیوس نشین پاشو فر بده

هیهات من الذله
هیهات من الذله
تو کف توئن الان یه ملت
تو کف توئن الان یه ملت

من به تو چی بگم تو خودت بلدی

ما امشب میخوایم بمونیم
یا علی مددی

آخ چقد هاتی چیلی میلی
چشات خطه فیلیپینی
شاید امشب عروس شی همگیبا هم کیلی لی لی
اون عشق منه زده رو دست همه
یه شیرخوارگاهو شیر میده با این حجم ممه
بیا امشب حال کنیم هانی ، میشم اون لوله کشه ! دتس فانی
تو گلزارو بهنام بانی رو هم نمیشید نصف عمو جانی

وقتی نیستم همه تو خمارین
بعضیا میگن شوالیم
انقد بمب میسازم انگار رهبر کره شمالیم

هیهات من الذله
هیهات من الذله
تو کف توئن الان یه ملت
تو کف توئن الان یه ملت

هیهات من الذله
هیهات من الذله
تو کف توئن الان یه ملت
تو کف توئن الان یه ملت

این همون پلنگه چشم قشنگس که مست شده دیگه شبم هست
منو برد تو اتاق درم بست
یا ابوالفضل
شبا نمیخوابه خسته اس
سنی نداره بچه اس ولی رو تخت خیلی درنده اس
یا ابوالفضل

چه بدنی جون من فدات
علی برکت الله
گردنت بنداز یه ونیکات
علی برکت الله

یهو یه دافه از دور اومد با یه لباس بدجور اومد
بیا شب بریم خونمون استخاره کردم خوب اومد

هیهات من الذله
هیهات من الذله
تو کف توئن الان یه ملت
تو کف توئن الان یه ملت

هیهات من الذله
هیهات من الذله
تو کف توئن الان یه ملت
تو کف توئن الان یه ملت

آهویی دارم خوشگله فرار کرده ز دستم
فقط یکم لاشیه آخ کاشکی اونو میبستم
اتل متل توتوله شما دوست پسرت چجوره
خوبه هیکلیه فقط یکمی کوچوله
آخر پرم به پرش خورد
تو گل یا پوچ آخرش برد
اگه حدس بزنی شب می مونم پیشت
بزرگ منی چپت گل

میگفت دختر خوب نی واسه تو همینجور تنهایی بکن حالتو
معلم دینیمون هر جایی که هستی خوارتو

هی میگن محتوا محتوا
من نباشم با کی قر میده خب شبا
همتون نسخ منین به امام حسن مجتبی

هیهات
هیهات
هیهات
هیهات

ساسی هر سال میده یه دامبولک کل مارکت میره باز تو لک
من همه رو میکنم انگولک مثل پرستویی تو مارمولک

Radio Javan
Subscribe: https://bit.ly/3xa0pG2
YouTube: https://www.youtube.com/radiojavan
Instagram: https://www.instagram.com/radiojavan
Telegram: https://telegram.me/radiojavan
TikTok: https://www.tiktok.com/@radiojavan

#RadioJavan #RJ #Sasy #Marmoolak",UCVjt1H4u5z3Ya7_hxHGus6w,Radio Javan,2025-03-13T18:00:07Z,10,fa,en,PT4M37S,hd,False,True,12320915,43869.0,11290.0,public,True,False,277,likely_release,release_title_pattern | music_category | licensed_content,trusted_music_platform,trusted,top20_manual_audit_2026-07-10; confidence=high,likely_release,v2_release_signal_and_trusted_source
8,ساسی مانکن,rap_hiphop,2,NNtMb0DrBRA,Sasy - &quot;Tehran Tokyo&quot; OFFICIAL VIDEO | ساسی -  تهران توکیو,UCVjt1H4u5z3Ya7_hxHGus6w,Radio Javan,2021-03-10T16:30:11Z,ساسی مانکن,pending_review,,"Sasy - ""Tehran Tokyo"" OFFICIAL VIDEO | ساسی -  تهران توکیو","دانلود آهنگ ساسی به نام تهران توکیو در اپ رادیو جوان
https://rj.app/m/yq5587Gq

:متن آهنگ دکتر ساسی
Are you ready?
آره تهران توکیو
برو بالا اومده ساسی حالا
یوکو یادا، بیا دادا
آخ پِیتن پِیتن از تهران تا توکیو
من فقط تورو دوست دارم عزیزم تو کیو
دوست داری منو؟ نه پس! روانیتم نفس
وقتی قر میدی وسط تنهایی
یه پا کایلی جنری والله ای
هون گون جون تایی
میگه چه هیکلی داری وایی
تهران دافاشم گنگن پ شاخ نشو برو دایی
تو لیان شامپویی آره ما ولنجک پک و پاره
ببین دادا من خیلی های ام تو چی؟
من همه جوره پایه ام پ بشین
جا اینکه با من بحث کنی برو سور و سات سلطانو بچین
پِیتن پِیتن از تهران تا توکیو
من فقط تورو دوست دارم عزیزم تو کیو
وای پِیتن پِیتن از تهران تا توکیو
من فقط تورو دوست دارم عزیزم تو کیو
دلمو میبره هی زود اون
موزیک میکوبه بوم بوم بوم
اگه ژاپنی بودی اسمت میشد جون جون جون
کشتی مارو یه جورایی لات بمیری سامورایی
بابا سوتون
بدنت آتیش داره آره دوتا چشات لاتیش پره
فیلم رقصیدنت سیمرغ میبره تو جشنواره
با اون هیکلت دستی دستی ولیعصرو بستی
تو خودت یه پا یاکوزایی با موهای دُم اسبی
آخ پِیتن پِیتن از تهران تا توکیو
من فقط تورو دوست دارم عزیزم تو کیو
وای پِیتن پِیتن از تهران تا توکیو
من فقط تورو دوست دارم عزیزم تو کیو
مامانو رو حساب کی میخوای ول کنی بری سمیه ها؟
روزایی که خونه نیستی ما پارتی میکنیم سمیه جان
وای نرو سمیه
چه بدنی داری سمیه
علف میزنی سمیه
اُور نزنی سمیه، ها
تهران همه خطه چشا
دادا امشبو کم بکشا
دیگه باید بذاریم کنار
حالا از شنبه ایشالا
اَی تو روحتو بابا
چقد هیکلت خوبه تو بابا
چه بدنت ردیفه تو بابا
سلطان یزیدتو بابا
یالا برو بالا
آروم ساسی حالا
بدو برو بالا
همه سَیونارا
یالا برو بالا
برو بالا
یالا برو یالا
برو بالا

Music: Sasy
Lyrics: Sasy
Arrangement: Man Brothers
Directed By: Ali Zamani

Follow Radio Javan:
Subscribe: http://www.youtube.com/user/radiojavan?sub_confirmation=1
YouTube: https://www.youtube.com/radiojavan
Facebook: https://www.facebook.com/radiojavan
Instagram: https://www.instagram.com/radiojavan
Telegram: https://telegram.me/radiojavan
Twitter: https://twitter.com/radiojavan

#RadioJavan #RJ #Sasy
#ساسی",UCVjt1H4u5z3Ya7_hxHGus6w,Radio Javan,2021-03-10T16:30:11Z,10,fa,en,PT3M32S,hd,False,True,10751363,46625.0,9701.0,public,True,False,212,likely_release,release_title_pattern | music_category | licensed_content,trusted_music_platform,trusted,top20_manual_audit_2026-07-10; confidence=high,likely_release,v2_release_signal_and_trusted_source
8,ساسی مانکن,rap_hiphop,3,K4fBpEhpVak,Sasy - Baradarane Leila (Official Video),UCVjt1H4u5z3Ya7_hxHGus6w,Radio Javan,2023-12-06T17:30:08Z,ساسی مانکن,pending_review,,Sasy - Baradarane Leila (Official Video),"Sasy - Baradarane Leila

موزیک ویدیو ساسی  برادران لیلا در اپ و وبسایت رادیو جوان
https://rj.app/v/BN0Lp3Nk

‎دانلود آهنگ ساسی برادران لیلا در اپ و وبسایت رادیو جوان
https://rj.app/m/BEodmLDq

متن آهنگ برادران لیلا از ساسی
Hey everybody, the king is back

برو بالا
برو بالا

بیا دادا

ساسی

یه شاستی بلند دلم میخواد راه که میره بلرزه زمین
کاش یه دونه سکسی بیاد هشتاد و پنج باشه همین
بگو آمین یا رب العالمین
بگو آمین یا رب العالمین

کاش یه ذره سفید برسه باهم دوتایی تا صبح بزنیم
دوتا باتل و خوردیم الان ایشاالله امشب بگا نریم
بگو آمین یا رب العالمین
بگو آمین یا رب العالمین

من احمق، خر، ساده همش بگا میرم عین همساده
بیا تو جمع لب بده بهم عین نوید محمد زاده
کراشت اومد از من خوشت اومد
تهران داره میلرزه باز داشت اومد
چقدر مست شدم واویلا
ببین از دو تا چشام پیداس
بگا رفتم بدتر از برادرای لیلا

یه شاستی بلند دلم میخواد راه که میره بلرزه زمین
کاش یه دونه سکسی بیاد هشتاد و پنج باشه همین
بگو آمین یا رب العالمین
بگو آمین یا رب العالمین

همه دارن میرن خونه نه من نمیرم تا ندین
دوتا باتلو خوردیم الان ایشاالله امشب بگا نریم
بگو آمین یا رب العالمین
بگو آمین یا رب العالمین، برو بالا

بیا دادا

فیست کره بلا حدیده یک دکمه رو وا کن یزید
من عاشقت شدم شدید نه نمیرم تا یه لب ندی
انقدر حالم بده یه ساعته زول زدم به پاهاتون
میگه یه کوچولو کافور بریز تو غذای آقاتون

آقامون جنتلمنه جنتلمنه
جنتلِ عنه
الان یه ماهه که آویزون فقط تو اینستای منه

حالا امشب واسه ما ناز میکنه این پلنگ درنده
جلو بقیه الکسیسه واسه ما الهام چرخنده
اووو لبو داد من نگاه به چاک دکمه رو باز کرد what the fuck
انقدر اینجا اوضاع خرابه یه فیلم میگیرم برا سالی تاک

یه شاستی بلند دلم میخواد راه که میره بلرزه زمین
کاش یه دونه سکسی بیاد هشتاد و پنج باشه همین
بگو آمین یا رب العالمین
بگو آمین یا رب العالمین

دافه هشتادی و خیلی لشه دافم دافای قدیم
دوتا باتل و خوردیم الان ایشاالله امشب بگا نریم
بگو آمین یا رب العالمین
بگو آمین یا رب العالمین، برو بالا

بیا دادا

بچه ها یه دست بزنین واسه خاله لیلا
نگاه کنید لباسش پوشیدس و نیست هیچ جاییش پیدا
بگو، آفرین لیلا
خاله در عوضش میره دبی تعطیلات عیدا
بگو، آفرین لیلا
خاله یه اسم دیگه هم داره بهش میگن خاله سهیلا
آفرین لیلا
جون، از سوتونای اینستایی
کامنت میگیری بیست کایی
همش وایرالی مثل این یارو کیه؟
آمریکا ایسراییل
همه خوبیارو بد جوری داری
جون، چه موی بوری داری اگه مامانت هم مثل خودته پس
واقعا مادر خوبی داری
چقدر سیاه کردی دور چشو
جون یه ذره نده بده کلشو
بگو میو واسم گربه شو
وای ساسی کشته شد

بالا بالا بالا بالا بالا
واویلا
برو بالا لیلا
واویلا
برو بالا لیلا
واویلا
برو بالا لیلا
واویلا
برو بالا لیلا

بدو بدو بدو

Radio Javan
Subscribe: https://bit.ly/3xa0pG2
YouTube: https://www.youtube.com/radiojavan
Instagram: https://www.instagram.com/radiojavan
Telegram: https://telegram.me/radiojavan
TikTok: https://www.tiktok.com/@radiojavan

#ساسی #برادران_لیلا #رادیوجوان",UCVjt1H4u5z3Ya7_hxHGus6w,Radio Javan,2023-12-06T17:30:08Z,10,fa,en,PT4M50S,hd,True,True,10531045,29616.0,8569.0,public,True,False,290,likely_release,release_title_pattern | music_category | licensed_content,trusted_music_platform,trusted,top20_manual_audit_2026-07-10; confidence=high,likely_release,v2_release_signal_and_trusted_source
8,ساسی مانکن,rap_hiphop,4,p0EwOVQ3P0s,Sasy - &quot;Doctor&quot; OFFICIAL VIDEO  | ساسی - دکتر,UCVjt1H4u5z3Ya7_hxHGus6w,Radio Javan,2020-03-11T16:30:11Z,ساسی مانکن,pending_review,,"Sasy - ""Doctor"" OFFICIAL VIDEO  | ساسی - دکتر","دانلود آهنگ ساسی به نام دکتر در اپ رادیو جوان
https://rj.app/m/JEVmN21v

:متن آهنگ دکتر ساسی
دکتر، جون دکتر
چرا هی‌ میری دور دور
انقدر داغِ بدنت میزنه هی‌ بالا کنتور
دکتر، جون دکتر
بدو پیکمو پر کن
شما همینجور که میرقصی بدنتو شل کن
وای
حالا وقته قرِ حالا
ساسی اومده که بری بالا
هرچقدر ناز کنی‌ تش ماله منی‌ مثل سریالا
همه تو دلیا همه خفنا
کارداشیان طوری بدنا
میگی‌ چقدر بی‌ ادبی‌
پس سلامتی‌ بد دهنا
روحانی با برجامش
فدای اون اندامش
بدو بیا بغلم مهم نی چی میشه سرانجامش
دکتر، جون دکتر
چرا هی‌ میری دور دور
انقدر داغِ بدنت میزنه هی‌ بالا کنتور
دکتر، جون دکتر
بدو پیکمو پر کن
شما همینجور که میرقصی بدنتو شل کن
میگی‌ تویی تاج سرم هی‌
بابا خیلی‌ نوکرم بیب
شما کجا ما ها کجا
سلامتیت زدم سیک
آخ نداریم رو دستش
دل من عاشق هستش
انقدر خجالت نکش
خودت خوشگل تری از عکست
همه به خط شن (چرا؟) بالاست پرچم
منو یه تیم دیوونه که میترکونیم هرشب
حالا وقته قرِ حالا
ساسی اومده که بری بالا
هرچقدر ناز کنی‌ تش ماله منی‌ مثل سریالا
دکتر، جون دکتر
چرا هی‌ میری دور دور
انقدر داغِ بدنت میزنه هی‌ بالا کنتور
دکتر، جون دکتر
بدو پیکمو پر کن
شما همینجور که میرقصی بدنتو شل کن
سلام گلایه تو خونه
محصلایه نمونه
قول بدین که حرفهای دکتر یادتون بمونه
مرسی‌
همیشه قبل خواب دو تا شات بزنو راحت بخواب
همیشه یادتون باشه اول اینستا بعد کتاب
تا وقتی بزرگ شدین قشنگ شدین ژل زدین
تا وقتی‌ پلنگ شدینو با بیست نفر رل زدین
بهتون میگن دل ندین
بهتون میگن قر ندین
میگن ساسی گوش نکنین
مهمونیا رو جر ندین

Directed By: Ali Zamani
Music: Sasy
Lyrics: Sasy
Arrangement: Man Brothers
Cover Art: Majid Rezaee

Follow Radio Javan:
Subscribe: http://bit.ly/3xa0pG2
YouTube: https://www.youtube.com/radiojavan
Facebook: https://www.facebook.com/radiojavan
Instagram: https://www.instagram.com/radiojavan
Telegram: https://telegram.me/radiojavan
Twitter: https://twitter.com/radiojavan

#RadioJavan #RJ #Sasy #ساسی #دکتر",UCVjt1H4u5z3Ya7_hxHGus6w,Radio Javan,2020-03-11T16:30:11Z,10,fa,,PT3M27S,hd,False,True,24295133,79973.0,7855.0,public,True,False,207,likely_release,release_title_pattern | music_category | licensed_content,trusted_music_platform,trusted,top20_manual_audit_2026-07-10; confidence=high,likely_release,v2_release_signal_and_trusted_source
8,ساسی مانکن,rap_hiphop,5,TiByW865lLc,Sasy Mankan – Ninash Nash | ساسی مانکن - نیناش ناش,UC6-OazUqmbrVK_b1uMYcjfA,Radio Javan,2021-03-02T22:34:06Z,ساسی مانکن,pending_review,,Sasy Mankan – Ninash Nash | ساسی مانکن - نیناش ناش,"شنونده ی آهنگ از ساسی به نام «تهران توکیو» در موزیکیو باشید
متن آهنگ نیناش ناش
آها نینی نینی بکن نیناش ناش بدو ههه ساسی مانکن پروداکشن
او ساسی حالا مانکن بدو کمرت بلرزون با رادین باند

آقایون خانوما یکیتون به من سریع بگه که این خانومه که با ما جوره
یه کمکی از ما دوره موهاش طلایی و صاف و بوره من عاشقشم و قبوله
آره آره آره قبوله

وای همونی که خیلی نایسه عمرا سرکوچه وایسه راه میره آسه آسه
بگو ببینم قبوله وای وای قبوله

حالا امیر مسعود
وای خاک عالم دیدی چشاشو دیدی و پسندیدی دیدی به تو گفتم که چقد
رنگ چشاش توپه خوشگل و با تیریپه سوژه واسه ی کلیپه عطر تنش کشته منو ادکلنش جوپه

ای وای که چشاش مانکنو کشتش قربونش برم که فقط با خودم میگذره خوش بهش
ناخونای مصنوعیشم اصله بدجوری به دل من وصله
با اون قیافه خوب زیباش ناش حالا بدو بکن نیناش ناش
چی شده کسی نیگا نیگا کرده تو رو برم بکنم ادبش دکتره برم دم مطبش قلدره بزنم تو دهنش

ها بزن زنگو بگو ببینم خانوم میشناسی ارژنگو بین غذاها چطور دوست داری خرچنگو
آخ میخوام فقط واسه من بپوشی لباسای شب تنگو

لیدیز اند جنتلمن یکیتون به من سریع بگه که این خانومه که با ما جوره
یه نموره از ما دوره دامن کوتاش ایجوره چی میگی چی می گی قبوله
آره آره آره قبوله

وای وای وای همونی که خیلی نایسه عمرا سرکوچه وایسه راه میره آسه آسه شما چی میگید قبوله
وای وای قبوله

وای خاک عالم دیدی چشاشو دیدی و پسندیدی دیدی به تو گفتم که چقد
رنگ چشاش توپه خوشگل و با تیریپه سوژه واسه ی کلیپه عطر تنش کشته منو ادکلنش جوپه

پول ماشینو دوتا خونه دراندشتو پول چکای بی برگشتو بدم و بزنی تو رگ و یه آب روش
به من تو می کنی یه بار گوش آقا یه بار بوش زنگ و زد و گفت
این خانومه که خیلی دلبره از جنیفر لوپزه ما بهتره نیناش ناشم بلده

وای اگه لباشو به من نده دلم ریش میشه خانوم این آقا پسره کیت میشه
بیا پیش ما بشین و پادشاه این منطقه خواستت تو یه ملکه فوق العاده ای میگیرم دنیا رو واست
وای خاک عالم دیدی چشاشو دیدی و پسندیدی دیدی به تو گفتم که چقد
رنگ چشاش توپه خوشگل و با تیریپه سوژه واسه ی کلیپه عطر تنش کشته منو ادکلنش جوپه

آقایون خانوما یکیتون به من زودی بگه که این دخیه که تنگه مانتوش صورتیه رنگ پالتوش چجوریه رقص تونگوش
ل ل ل ل لباش چطور سرخه واسه فروش که نداره غرفه مریض میشه نمیکنه سرفه دم و دقیقه تو زمینه گلفه

 #RadioJavan​ #RJ​ #Sasy #NinashNash #SasyManakan",UC6-OazUqmbrVK_b1uMYcjfA,Radio Javan,2021-03-02T22:34:06Z,10,fa,,PT3M29S,sd,False,False,10183,41.0,7.0,public,True,False,209,needs_review,insufficient_evidence,third_party_music,excluded,sources_41_60_manual_audit_2026-07-10; confidence=high,likely_non_release,excluded_source_registry
8,ساسی مانکن,rap_hiphop,6,zW6kjHP7mBE,sasy mankanninash nash ساسی مانکن نیناش ناش,UC5qpK8RV882s3J1aCI0umig,Ghaphlan Khaligh (Ghaflan Khaligh),2013-04-25T22:09:33Z,ساسی مانکن,pending_review,,sasy mankanninash nash ساسی مانکن نیناش ناش,ساسی مانکن نیناش ناش,UC5qpK8RV882s3J1aCI0umig,Ghaphlan Khaligh (Ghaflan Khaligh),2013-04-25T22:09:33Z,10,fa,,PT3M27S,sd,False,False,460061,2535.0,389.0,public,True,False,207,needs_review,insufficient_evidence,third_party_music,pending_review,sources_41_60_manual_audit_2026-07-10; confidence=medium,needs_source_review,pending_source_registry
8,ساسی مانکن,rap_hiphop,7,hwZU5Xwfk20,Sasy - &quot;Gentleman&quot; OFFICIAL VIDEO | ساسی - جنتلمن,UCVjt1H4u5z3Ya7_hxHGus6w,Radio Javan,2019-04-26T16:28:42Z,ساسی مانکن,pending_review,,"Sasy - ""Gentleman"" OFFICIAL VIDEO | ساسی - جنتلمن","دانلود آهنگ ساسی به نام جنتلمن در اپ رادیو جوان
https://rj.app/m/7vZGPZE2

:متن آهنگ جنتلمن ساسی
سلامتی همه بدا همه بی معرفتا
سلامتی اون شبا طعم اون لبا
هرچی نگاه کردم بهش عشقو از چشمام نخوند
سلامتی اونی که خیلی قول داد ولی پاش نموند
سلامتی همه بدا دنبال ادا
بزن سلامتی اونی که دید و جواب نداد
میگه دنبالم نباش الان شلوغ شباش
سلامتی اونی که میگفت دوستم داره ولی نداشت
هر موقع بارون رو چترم می‌ریزه
تنهایی دلم می‌گیره
چشم های لعنتیم بازم که خیسه
بازم با گریه نامه می‌نویسه
هر موقع بارون رو چترم می‌ریزه
تنهایی دلم می‌گیره
چشم های لعنتیم بازم که خیسه
بازم با گریه نامه می‌نویسه
سلامتی خودم و قلبم، قلبی که کج نرفت
سلامتی اونی که خبراش میرسه از هر طرف
اونی که دید دارم میمیرم ولی نگفت بمون
سلامتی عشق جدیدت سلامتی جفتتون
ای وای دل گیری دلم چرا انقد پیگیری دلم
اون گذاشت رفت با یکی می‌شینی دلم
کسی که تا آخرم دست از اون کاراش بر نداشت
سلامتی هرکی مثل من موند و ساخت و کم نذاشت
هر موقع بارون رو چترم می‌ریزه
تنهایی دلم می‌گیره
چشم های لعنتیم بازم که خیسه
بازم با گریه نامه می‌نویسه
هر موقع بارون رو چترم می‌ریزه
تنهایی دلم می‌گیره
چشم های لعنتیم بازم که خیسه
بازم با گریه نامه می‌نویسه
سلامتی همه بدا، سلامتی همه بدا

Directed By: Ali Zamani
Music: Sasy
Lyrics: Sasy
Arrangement: Man Brothers
Cover Art: Narbew

Radio Javan
Subscribe: http://www.youtube.com/user/radiojavan?sub_confirmation=1
YouTube: https://www.youtube.com/radiojavan
Facebook: https://www.facebook.com/radiojavan
Instagram: https://www.instagram.com/radiojavan
Telegram: https://telegram.me/radiojavan
Twitter: https://twitter.com/radiojavan

#RadioJavan #RJ #Sasy #ساسی",UCVjt1H4u5z3Ya7_hxHGus6w,Radio Javan,2019-04-26T16:28:42Z,10,fa,,PT2M44S,hd,False,True,39473382,129775.0,8342.0,public,True,False,164,likely_release,release_title_pattern | music_category | licensed_content,trusted_music_platform,trusted,top20_manual_audit_2026-07-10; confidence=high,likely_release,v2_release_signal_and_trusted_source
8,ساسی مانکن,rap_hiphop,8,ej5aKGNBWek,Sasy Mankan - Atse OFFICIAL VIDEO HD,UC7Hs0659Yc82h7Snhjnfd4g,Avang Music,2013-11-28T18:00:00Z,ساسی مانکن,pending_review,,Sasy Mankan - Atse OFFICIAL VIDEO HD,"Join Sasy Mankan & all your favorite artists: http://fb.com/avangmusic

artist: SASY MANKAN
song: ATSE
label: AVANG MUSIC
director: SAEED SJ
executive producer: ARMIN HASHEMI

www.avang.com
www.youtube.com/avangmusic
www.twitter.com/avangmusic

© 2013 Avang Music Co. All Rights Reserved.",UC7Hs0659Yc82h7Snhjnfd4g,Avang Music,2013-11-28T18:00:00Z,10,en,,PT3M4S,hd,False,True,2324263,9583.0,767.0,public,True,False,184,likely_release,release_title_pattern | music_category | licensed_content,label_or_distributor,trusted,top20_manual_audit_2026-07-10; confidence=high,likely_release,v2_release_signal_and_trusted_source
8,ساسی مانکن,rap_hiphop,9,lLNcbz_T7WI,Sasy Ft Arash - Hulu (Official Video),UCVjt1H4u5z3Ya7_hxHGus6w,Radio Javan,2024-03-13T14:45:08Z,ساسی مانکن,pending_review,,Sasy Ft Arash - Hulu (Official Video),"Sasy Ft Arash - Hulu
ساسی و آرش - هلو

Listen to audio on Radio Javan:
https://rj.app/m/8EJ5wm1v

متن آهنگ هلو از ساسی و آرش
ماشالله به این بدن
همه دافارو زدم
مهمونی روی هواس آرش ساسی اومدن

ماشالله عجب فیسی با اون قد و بالای سکسی
به به عجب کیسی
چقدر خوشگلی تو
مرسی

آخ تلو تلو راه میره
این داره بگا میره
انقدر ژل زده باد کرده میزنی زمین هوا میره

این درو دافا دَدرین و میگن من آدم حولیم
بدو منو بغل کن من از بچگی بغلیم

دوست دارم بگی تو روم
سنه چوک سویوروم
شاخ تهران یک ایرون
سنه چوک سویوروم
بدون من بیبی نری بیرون
سنه چوک سویوروم
اینم سلامتی دوتاییمون
سنه چوک سویوروم

سنه چوک سویوروم

جدیدا جدیدا خودمم تازه فهمیدم
ندیدم ندیدم مثل تو خوشگل عزیزم
حالا یه ماچی یه موچی یه بوسی چیزی بابا کوشی
یه گوشه نشستی تو کوشی
پاشو موشی چی مینوشی

آخ نمیتونم راه برم دادا
انگار حاملم دادا
یه جور منو مست کردن که فاکت اپ کاملم دادا

پاشو بیا هلو جون هلو
وقتشه بکنیم شروع
بچم تازه زدم جوش بلوغ
قورتت میدم قلوپ قلوپ

دوست دارم بگی تو روم
سنه چوک سویوروم
شاخ تهران یک ایرون
سنه چوک سویوروم
بدون من بیبی نری بیرون
سنه چوک سویوروم
اینم سلامتی دوتاییمون
سنه چوک سویوروم

سنه چوک سویوروم

شدم حول تو
چوخ ممنون
میخوام بغلتو
چوخ ممنون
روی بدن تو قفلم جون آخ دهنتو
چوخ ممنون

به ما نکن اَ این شکا بابا
چشم عباس آقا

بکش بیرون اَ این حرفابابا
چشم عباس آقا

یه بوس بدین از لبتون
جون یَک یَکتون

اون بدن لامصبتون
جون یَک یَکتون

داریم باز تهرانو میدیم بگا
جون منو نگاه
یه جوری رژیم بام بده انگار ساواکی بودم زمان شاه

سنه چوک سویوروم
سنه چوک سویوروم
سنه چوک سویوروم
سنه چوک سویوروم

Radio Javan
Subscribe: https://bit.ly/3xa0pG2
YouTube: https://www.youtube.com/radiojavan
Instagram: https://www.instagram.com/radiojavan
Telegram: https://telegram.me/radiojavan
TikTok: https://www.tiktok.com/@radiojavan

 #هلو #RadioJavan #RJ #Sasy #Arash",UCVjt1H4u5z3Ya7_hxHGus6w,Radio Javan,2024-03-13T14:45:08Z,10,fa,en,PT3M47S,hd,False,True,10254161,27579.0,3719.0,public,True,False,227,likely_release,release_title_pattern | music_category | licensed_content,trusted_music_platform,trusted,top20_manual_audit_2026-07-10; confidence=high,likely_release,v2_release_signal_and_trusted_source
8,ساسی مانکن,rap_hiphop,10,IuVfk1Co64w,Sasy Mankan Ft Radin Band  - Ninash Nash (HQ),UCpG143VsbN_aNlxkHC9n1rA,arian2009,2009-02-14T05:37:02Z,ساسی مانکن,pending_review,,Sasy Mankan Ft Radin Band  - Ninash Nash (HQ),,UCpG143VsbN_aNlxkHC9n1rA,arian2009,2009-02-14T05:37:02Z,10,en,,PT3M29S,sd,False,False,688116,2946.0,320.0,public,True,False,209,needs_review,insufficient_evidence,third_party_music,pending_review,sources_81_91_manual_audit_2026-07-10; confidence=medium,needs_source_review,pending_source_registry
8,ساسی مانکن,rap_hiphop,11,LpcvEthPmCE,Sasy Mankan - Khat Roo Khat OFFICIAL VIDEO HD,UC7Hs0659Yc82h7Snhjnfd4g,Avang Music,2012-02-11T23:29:01Z,ساسی مانکن,pending_review,,Sasy Mankan - Khat Roo Khat OFFICIAL VIDEO HD,"Join Sasy Mankan & all your favorite artists: http://fb.com/avangmusic

artist: SASY MANKAN
song: KHAT ROO KHAT
label: AVANG MUSIC
director: SAEED SJ
executive producer: ARMIN HASHEMI

www.avang.com
www.youtube.com/avangmusic
www.twitter.com/avangmusic

© 2012 Avang Music Co. All Rights Reserved.",UC7Hs0659Yc82h7Snhjnfd4g,Avang Music,2012-02-11T23:29:01Z,10,en,,PT2M52S,hd,False,True,941047,4687.0,35.0,public,True,False,172,likely_release,release_title_pattern | music_category | licensed_content,label_or_distributor,trusted,top20_manual_audit_2026-07-10; confidence=high,likely_release,v2_release_signal_and_trusted_source
8,ساسی مانکن,rap_hiphop,12,WTfQkGMwpmQ,Sasy - &quot;Tobeh&quot; TEASER | ساسی - توبه,UCVjt1H4u5z3Ya7_hxHGus6w,Radio Javan,2025-03-02T17:42:31Z,ساسی مانکن,pending_review,,"Sasy - ""Tobeh"" TEASER | ساسی - توبه","Sasy - ""Tobeh""  TEASER
 بیننده آهنگ «توبه» از ساسی در اپ و وبسایت رادیو جوان 
باشید

https://www.radiojavan.com
https://www.instagram.com/radiojavan/
https://www.instagram.com/radiojavanapp/
https://www.instagram.com/rjtv/
https://t.me/radiojavan

#RadioJavan #RJ #Sasy",UCVjt1H4u5z3Ya7_hxHGus6w,Radio Javan,2025-03-02T17:42:31Z,10,fa,en,PT1M1S,hd,False,True,841021,4935.0,1507.0,public,True,False,61,likely_non_release,too_short_under_90_seconds,trusted_music_platform,trusted,top20_manual_audit_2026-07-10; confidence=high,trusted_non_release_signal,trusted_source_but_v2_non_release_signal
8,ساسی مانکن,rap_hiphop,13,QD9Nj6F0EN4,Sasy - &quot;Maman Mano Bebakhsh&quot; OFFICIAL VIDEO | ساسی - مامان منو ببخش,UCVjt1H4u5z3Ya7_hxHGus6w,Radio Javan,2022-03-09T16:30:12Z,ساسی مانکن,pending_review,,"Sasy - ""Maman Mano Bebakhsh"" OFFICIAL VIDEO | ساسی - مامان منو ببخش","دانلود آهنگ ساسی به نام مامان منو ببخش در اپ رادیو جوان
https://rj.app/m/Qq6B39Oq

:متن آهنگ مامان منو ببخش ساسی
بیا بالا دادا آ
ساسی
I'm So Sorry Maman
حاجی تهران الان میترکه
مامان منو ببخش اگه همه قرارام پنهونین
با یه مُشت بدتر اَ خودم صبح تا شبو مهمونیم
پسر بدیم پسر بدیم، خواستم خوب باشم نشد
شدم کسی که بیست چاری مست و همه رفیقامم لشو
شمال با دوستام خوبه با اونی که میخوام خوبه
مامان منو ببخش امشبم خونه نمیام جام خوبه
شمال با دوستام خوبه با اونی که میخوام خوبه
مامان منو ببخش امشبم خونه نمیام جام خوبه
آدم دوست داره لباتو حسش کنه
زبون بزنه تستش کنه
به کی رفتی تو
(مامانم)
خدا حفظش کنه
برو بالا
دیگه خیلی شدم جور شدم باش
ولی بدم نمیاد اَ دوستاش
من واسش سلنا گومز بودم
اون بهاره رهنما دوست داشت
Fuck You Sasy
شمال با دوستام خوبه با اونی که میخوام خوبه
مامان منو ببخش امشبم خونه نمیام جام خوبه
شمال با دوستام خوبه با اونی که میخوام خوبه
مامان منو ببخش امشبم خونه نمیام جام خوبه
دو تا پیک برو بالا بیا وسط
قرطی قرطی، تتو کن رو بدنت سکسیت
پلاس ای تین ای تین
موهات لخت و سیاه آ یه پا آیشواریا آ
حتی توو بمبئی میزنن سلامتی تهرونیا آ
بیا
انقدر کشیدم پر میزنم هی
حالم دست خودم نیست هی
ماها مثل پرستوییم تو صالحی اینا پرویز
همه حالا با هم کله
موزیک بره بالا حله
هی وسط چه خبره
چیزی قاطیه مشروبا بود؟ بله
شمال با دوستام خوبه با اونی که میخوام خوبه
مامان منو ببخش امشبم خونه نمیام جام خوبه
شمال با دوستام خوبه با اونی که میخوام خوبه
مامان منو ببخش امشبم خونه نمیام جام خوبه
بیا
وای پسرم آقاس
ولی خیلی لشه حاج خانوم
بگین یکی بگیرتش حاج خانوم
آخه ببین قیافشو حاج خانوم
بیا دادا
آخ تکون بده کلتو
بیا بریم یه جای خلوتو
ساری باید برم شرمندتون
باشه سلام برسون به عمتون
وای خدا، چه هیکلی داری
وای خدا، چه بدنی داری
وای خدا، عجب لبی دادی
از این لبا هرچی داری خریداریم
تو با این هیکلی که داری
طبیعیه حال من خرابت باشه
(شیر مادر، نان پدر حلالت باشه)
ساسی هر سال یه بمب داره
الان قدرمو نمیدونن بمیرم اسمم روی بلواره
میگی نه
بیا پایین
Mama Sorry Mama
برو بالا
Mama Sorry Mama
هی هی
Mama Sorry Mama
برو بالا
Mama Sorry Mama

Directed By: Ali Zamani
Music: Sasy
Lyrics: Sasy
Cover: Narbew Mirzakhanian

Follow Radio Javan:
Subscribe: http://www.youtube.com/user/radiojavan?sub_confirmation=1
YouTube: https://www.youtube.com/radiojavan
Facebook: https://www.facebook.com/radiojavan
Instagram: https://www.instagram.com/radiojavan
Telegram: https://telegram.me/radiojavan
Twitter: https://twitter.com/radiojavan

#RadioJavan #RJ #Sasy
#ساسی",UCVjt1H4u5z3Ya7_hxHGus6w,Radio Javan,2022-03-09T16:30:12Z,10,fa,en,PT4M5S,hd,False,True,8280466,40288.0,4696.0,public,True,False,245,likely_release,release_title_pattern | music_category | licensed_content,trusted_music_platform,trusted,top20_manual_audit_2026-07-10; confidence=high,likely_release,v2_release_signal_and_trusted_source
8,ساسی مانکن,rap_hiphop,14,kbBulLOQ4qY,Sasy - &quot;Saaghiya&quot; OFFICIAL VIDEO | ساسی - ساقیا,UCVjt1H4u5z3Ya7_hxHGus6w,Radio Javan,2016-03-16T16:41:02Z,ساسی مانکن,pending_review,,"Sasy - ""Saaghiya"" OFFICIAL VIDEO | ساسی - ساقیا","دانلود آهنگ ساسی به نام ساقیا در اپ رادیو جوان
https://rj.app/m/bE39QLlL

:متن آهنگ ساقیا ساسی
ساقیا می، هی، هی، هی، هی بریز
بنویس گرکه نرقصم گله مندی بنویس
ساقیا پیک، پیک، پیک، پیک، پیک بریز
بنویس هرکه نرقصد، گله مندی بنویس
کس نداند چیست امشب، امشب ماجرا
پس بدون معطلی نوش کن باده را
وای منو تو خال لبات، باد صبا عیشو نوش تو این هوا
منو محتاج طبیب ایست امشبا
تو حبیبیم شو عزیزم، طبیبم شو
وای ساقیا می، هی، هی، هی، هی بریز
بنویس هرکه نرقصد، گله مندی بنویس

حال خراب است گر حرام است
من به می لب نزنم، تو لبات جام شراب است
یا رب چه یاری، یا رب چه نگاری
چه زلف پریشونی، عجب مهره ی ماری
باز توبه شکستم، پیمانه به دستم
ای وای، وای، وای، وای، وای چه مستم

ساقیا می، هی، هی، هی، هی بریز
بنویس گرکه نرقصم گله مندی بنویس
ساقیا پیک، پیک، پیک، پیک، پیک بریز
بنویس هرکه نرقصد، گله مندی بنویس

وای دیگه بسه
تا کجا مسته
ساقیا ناز شستە
وای دیگه بسه
تا کجا مسته
ساقیا ناز نشستە
وای دیگه بسه
رفته از دست که
ساقیا ناز نشستە

Follow Radio Javan:
Subscribe: http://bit.ly/3xa0pG2
YouTube: https://www.youtube.com/radiojavan
Facebook: https://www.facebook.com/radiojavan
Instagram: https://www.instagram.com/radiojavan
Telegram: https://telegram.me/radiojavan
Twitter: https://twitter.com/radiojavan

#RadioJavan #RJ #Sasy
#ساسی",UCVjt1H4u5z3Ya7_hxHGus6w,Radio Javan,2016-03-16T16:41:02Z,10,fa,,PT3M41S,hd,False,True,21255421,40654.0,2344.0,public,True,False,221,likely_release,release_title_pattern | music_category | licensed_content,trusted_music_platform,trusted,top20_manual_audit_2026-07-10; confidence=high,likely_release,v2_release_signal_and_trusted_source
8,ساسی مانکن,rap_hiphop,15,f1Z4aozQxxs,گلچین بهترین اهنگ های ساسی,UC2Oqki4KiHm8B9Im45WCZHQ,Music melody,2024-09-30T07:10:21Z,ساسی مانکن,pending_review,,گلچین بهترین اهنگ های ساسی,"گلچین بهترین اهنگ های ساسی
#ساسی
#اهنگ 
#موسیقی 
#شاد 
#گلچین",UC2Oqki4KiHm8B9Im45WCZHQ,Music melody,2024-09-30T07:10:21Z,22,fa,,PT28M32S,hd,False,False,9580,63.0,3.0,public,True,False,1712,likely_non_release,too_long_over_15_minutes,third_party_music,excluded,sources_41_60_manual_audit_2026-07-10; confidence=high,likely_non_release,excluded_source_registry
8,ساسی مانکن,rap_hiphop,16,5sxpgsG0JFE,صحبت های عاشقانه ی سپهرحیدری وآرام جوینده💔🥺#shorts #short #tiktok#ساسی #سپهر_حیدری #ساسی_مانکن,UCpzPEdsHCpkrjFzkeKc6n3A,VividTv,2025-03-07T16:30:03Z,ساسی مانکن,pending_review,,صحبت های عاشقانه ی سپهرحیدری وآرام جوینده💔🥺#shorts #short #tiktok#ساسی #سپهر_حیدری #ساسی_مانکن,"صحبت های عاشقانه ی سپهرحیدری وآرام جوینده قبل ازجدایی وایجادحواشی های موزیک ویدیوی جدیدساسی مانکن روباهم ببینیم

ساسی
ساسی مانکن
آهنگ مارمولک
آهنگ ساسی
آهنگ توبه
ساسی مانکن جدید
ساسی آهنگ توبه
آرام جوینده
سپهرحیدری
آهنگ توبه
رادیوجوان
همسرسپهرحیدری",UCpzPEdsHCpkrjFzkeKc6n3A,VividTv,2025-03-07T16:30:03Z,24,fa,fa,PT33S,hd,False,False,675200,4759.0,933.0,public,True,False,33,likely_non_release,too_short_under_90_seconds,media_or_news,excluded,sources_81_91_manual_audit_2026-07-10; confidence=high,likely_non_release,excluded_source_registry
8,ساسی مانکن,rap_hiphop,17,kLN4og_w65s,موزیک ویدیو جدید ساسی با آرام اکس سپهر حیدری❌️😱,UCtnsBNReKiPjTZoz7qBZDlA,مجله خبری پرایم نیوز,2025-03-05T18:15:05Z,ساسی مانکن,pending_review,,موزیک ویدیو جدید ساسی با آرام اکس سپهر حیدری❌️😱,"موزیک جدید ساسی مانکن با دوست دختر سپهر حیدری
زن سپهر حیدری...
#ساسی #ساسی_مانکن #موزیک_ویدیو",UCtnsBNReKiPjTZoz7qBZDlA,مجله خبری پرایم نیوز,2025-03-05T18:15:05Z,24,fa,fa,PT16S,hd,False,True,1400900,7862.0,1133.0,public,True,False,16,likely_non_release,too_short_under_90_seconds,media_or_news,excluded,sources_21_40_manual_audit_2026-07-10; confidence=high,likely_non_release,excluded_source_registry
8,ساسی مانکن,rap_hiphop,18,L3UPz_KIZn8,Gentleman,UCHgdN_bLmnnuvt6bKn8Uxfw,Sasy - Topic,2021-10-15T02:36:54Z,ساسی مانکن,pending_review,,Gentleman,"Provided to YouTube by Revelator Ltd.

Gentleman · Sasy

Gentleman

℗ 2021 Radio Javan

Released on: 2019-03-06

Music  Publisher: TunePays Publishing
Composer  Lyricist: Sasan Yafteh

Auto-generated by YouTube.",UCHgdN_bLmnnuvt6bKn8Uxfw,Sasy - Topic,2021-10-15T02:36:54Z,10,en,,PT3M7S,hd,False,True,5201378,18511.0,0.0,public,True,False,187,needs_review,music_category_and_licensed_but_no_release_pattern,topic,trusted,sources_21_40_manual_audit_2026-07-10; confidence=high,trusted_needs_content_review,trusted_source_but_v2_content_ambiguous
8,ساسی مانکن,rap_hiphop,19,oluKIRkHWEg,دابسمش ساسی مانکن آهنگ خاله لیلا (شماره ۶۲),UCFAIKt9lqX8_UR5avUWrQjg,StorySasy,2023-12-13T12:45:49Z,ساسی مانکن,pending_review,,دابسمش ساسی مانکن آهنگ خاله لیلا (شماره ۶۲),,UCFAIKt9lqX8_UR5avUWrQjg,StorySasy,2023-12-13T12:45:49Z,22,fa,,PT16S,hd,False,False,609086,3008.0,495.0,public,True,False,16,likely_non_release,too_short_under_90_seconds,fan_or_reupload,excluded,sources_41_60_manual_audit_2026-07-10; confidence=high,likely_non_release,excluded_source_registry
8,ساسی مانکن,rap_hiphop,20,yi_GI91N1dQ,Sasy - &quot;Baradarane Leila&quot; COMING SOON TEASER | ساسی - برادران لیلا,UCVjt1H4u5z3Ya7_hxHGus6w,Radio Javan,2023-11-27T16:55:41Z,ساسی مانکن,pending_review,,"Sasy - ""Baradarane Leila"" COMING SOON TEASER | ساسی - برادران لیلا","بیننده تیزرکامنیگ سون آهنگ «برادران لیلا» از ساسی در اپ و وبسایت رادیو جوان باشید

شنونده آهنگ جدید ساسی برادارن لیلا باشید
https://youtu.be/ZAddENcnUEk

Radio Javan
Subscribe: http://bit.ly/3xa0pG2
YouTube: https://www.youtube.com/radiojavan
Facebook: https://www.facebook.com/radiojavan
Instagram: https://www.instagram.com/radiojavan
Telegram: https://telegram.me/radiojavan
Twitter: https://twitter.com/radiojavan

#ساسی #برادران_لیلا #رادیوجوان",UCVjt1H4u5z3Ya7_hxHGus6w,Radio Javan,2023-11-27T16:55:41Z,10,fa,en,PT38S,hd,False,True,617002,1593.0,672.0,public,True,False,38,likely_non_release,too_short_under_90_seconds,trusted_music_platform,trusted,top20_manual_audit_2026-07-10; confidence=high,trusted_non_release_signal,trusted_source_but_v2_non_release_signal
8,ساسی مانکن,rap_hiphop,21,ddfW1OhMbEk,Sasy Mankan - &quot;Nagoo Na&quot; OFFICIAL VIDEO,UCVjt1H4u5z3Ya7_hxHGus6w,Radio Javan,2014-06-03T16:20:55Z,ساسی مانکن,pending_review,,"Sasy Mankan - ""Nagoo Na"" OFFICIAL VIDEO","Sasy Mankan - ""Nagoo Na""",UCVjt1H4u5z3Ya7_hxHGus6w,Radio Javan,2014-06-03T16:20:55Z,10,en,,PT3M38S,hd,False,True,2786666,11786.0,945.0,public,True,False,218,likely_release,release_title_pattern | music_category | licensed_content,trusted_music_platform,trusted,top20_manual_audit_2026-07-10; confidence=high,likely_release,v2_release_signal_and_trusted_source
8,ساسی مانکن,rap_hiphop,22,eDqWWbO6e1k,Maman Mano Bebakhsh,UCHgdN_bLmnnuvt6bKn8Uxfw,Sasy - Topic,2022-04-23T17:17:10Z,ساسی مانکن,pending_review,,Maman Mano Bebakhsh,"Provided to YouTube by Revelator Ltd.

Maman Mano Bebakhsh · Sasy

Maman Mano Bebakhsh

℗ 2022 Radio Javan

Released on: 2022-03-03

Music  Publisher: TunePays Publishing
Composer: Sasan Yafteh

Auto-generated by YouTube.",UCHgdN_bLmnnuvt6bKn8Uxfw,Sasy - Topic,2022-04-23T17:17:10Z,10,en,,PT3M24S,hd,False,True,1189799,3599.0,0.0,public,True,False,204,needs_review,music_category_and_licensed_but_no_release_pattern,topic,trusted,sources_21_40_manual_audit_2026-07-10; confidence=high,trusted_needs_content_review,trusted_source_but_v2_content_ambiguous
8,ساسی مانکن,rap_hiphop,23,vfBp8vu40js,Sasy - &quot;Hame Bada&quot; OFFICIAL VIDEO | ساسی - همه بدا,UCVjt1H4u5z3Ya7_hxHGus6w,Radio Javan,2017-12-20T17:35:42Z,ساسی مانکن,pending_review,,"Sasy - ""Hame Bada"" OFFICIAL VIDEO | ساسی - همه بدا","دانلود آهنگ ساسی به نام همه بدا در اپ رادیو جوان
https://rj.app/m/7vZGPZE2

:متن آهنگ همه بدا ساسی
سلامتی همه بدا همه بی معرفتا
سلامتی اون شبا طعم اون لبا
هرچی نگاه کردم بهش عشقو از چشمام نخوند
سلامتی اونی که خیلی قول داد ولی پاش نموند
سلامتی همه بدا دنبال ادا
بزن سلامتی اونی که دید و جواب نداد
میگه دنبالم نباش الان شلوغ شباش
سلامتی اونی که میگفت دوستم داره ولی نداشت
هر موقع بارون رو چترم می‌ریزه
تنهایی دلم می‌گیره
چشم های لعنتیم بازم که خیسه
بازم با گریه نامه می‌نویسه
هر موقع بارون رو چترم می‌ریزه
تنهایی دلم می‌گیره
چشم های لعنتیم بازم که خیسه
بازم با گریه نامه می‌نویسه
سلامتی خودم و قلبم، قلبی که کج نرفت
سلامتی اونی که خبراش میرسه از هر طرف
اونی که دید دارم میمیرم ولی نگفت بمون
سلامتی عشق جدیدت سلامتی جفتتون
ای وای دل گیری دلم چرا انقد پیگیری دلم
اون گذاشت رفت با یکی می‌شینی دلم
کسی که تا آخرم دست از اون کاراش بر نداشت
سلامتی هرکی مثل من موند و ساخت و کم نذاشت
هر موقع بارون رو چترم می‌ریزه
تنهایی دلم می‌گیره
چشم های لعنتیم بازم که خیسه
بازم با گریه نامه می‌نویسه
هر موقع بارون رو چترم می‌ریزه
تنهایی دلم می‌گیره
چشم های لعنتیم بازم که خیسه
بازم با گریه نامه می‌نویسه
سلامتی همه بدا، سلامتی همه بدا

Directed By: Ali Zamani

Radio Javan
Subscribe: http://www.youtube.com/user/radiojavan?sub_confirmation=1
YouTube: https://www.youtube.com/radiojavan
Facebook: https://www.facebook.com/radiojavan
Instagram: https://www.instagram.com/radiojavan
Telegram: https://telegram.me/radiojavan
Twitter: https://twitter.com/radiojavan

#RadioJavan #RJ #Sasy #ساسی",UCVjt1H4u5z3Ya7_hxHGus6w,Radio Javan,2017-12-20T17:35:42Z,10,fa,,PT3M4S,hd,False,True,17173622,43934.0,2304.0,public,True,False,184,likely_release,release_title_pattern | music_category | licensed_content,trusted_music_platform,trusted,top20_manual_audit_2026-07-10; confidence=high,likely_release,v2_release_signal_and_trusted_source
8,ساسی مانکن,rap_hiphop,24,YfJ9TIisS-w,Sasy - &quot;Ostad&quot; OFFICIAL VIDEO  | ساسی - استاد,UCVjt1H4u5z3Ya7_hxHGus6w,Radio Javan,2017-08-02T16:32:34Z,ساسی مانکن,pending_review,,"Sasy - ""Ostad"" OFFICIAL VIDEO  | ساسی - استاد","دانلود آهنگ ساسی به نام استاد در اپ رادیو جوان
https://rj.app/m/elzMLWq9

:متن آهنگ استاد ساسی
گویند، گویند، گویند که روزی
مهر یه دلبری به دلِ یکی افتاد
ای کاش نمی افتاد
گویند که هر شب توی دستَش یه پیاله
با من و نیس اصلا عین خیالش
چرا استاد، آخه چه کاریه استاد
گویند که کشته مرده می‌داد
تار مُژگونش و من
من به قربونشو ای وای
افتاد، افتاد، افتاد به دلم
مهر تو ای کاش نمی افتاد، نمی افتاد
اسفند و دی و خرداد و مرداد
همش مهمونی آخه چه کاریه استاد، استاد
دلا، دلا، دلا استاد
چرا، چرا، چرا
گویم، گویم، گویم
که سودای تو دارد این دلم
آخ این دلم وای، استاد
موهای افشون داره
آره چشمای افسون داره استاد
بس عجب وای عجب یاری
عجب دلبر و دلداری
ولی با ما که نداره کاری
نه پیغومی نه دیداری
تو که شیدایی و استادی
کلید قلبمو داری
افتاد، افتاد، افتاد به دلم
مهر تو ای کاش نمی افتاد، نمی افتاد
اسفند و دی و خرداد و مرداد
همه اش مهمونی آخه چه کاریه استاد، استاد
دلا، دلا، دلا استاد
چرا، چرا، چرا
دلم چند وقته که رد داده
ببین دست کی افتاده
اونم همه جوره استاده
و ای وای وای
به هر حال دل و ببین، قد و بالاشو
وای دل و باز افتادم توی دام تو استاد
دلم چند وقته که رد داده
ببین دست کی افتاده
اونم همه جوره استاده
و ای وای وای

Follow Radio Javan:
Subscribe: http://www.youtube.com/user/radiojavan?sub_confirmation=1
YouTube: https://www.youtube.com/radiojavan
Facebook: https://www.facebook.com/radiojavan
Instagram: https://www.instagram.com/radiojavan
Telegram: https://telegram.me/radiojavan
Twitter: https://twitter.com/radiojavan

 #RadioJavan #RJ #Sasy #ساسی",UCVjt1H4u5z3Ya7_hxHGus6w,Radio Javan,2017-08-02T16:32:34Z,10,fa,,PT3M15S,hd,False,True,8338105,23601.0,1431.0,public,True,False,195,likely_release,release_title_pattern | music_category | licensed_content,trusted_music_platform,trusted,top20_manual_audit_2026-07-10; confidence=high,likely_release,v2_release_signal_and_trusted_source
8,ساسی مانکن,rap_hiphop,25,1VZWoJe5n-M,sasy mankan (tehroono la kon) new ساسی مانکن تهرونو ال‌ای کن,UCzIjGS-HRN9NNK3fkkv9fsw,pedro xavi,2010-02-23T19:36:24Z,ساسی مانکن,pending_review,,sasy mankan (tehroono la kon) new ساسی مانکن تهرونو ال‌ای کن, ,UCzIjGS-HRN9NNK3fkkv9fsw,pedro xavi,2010-02-23T19:36:24Z,10,fa,,PT3M33S,sd,False,False,870533,3686.0,433.0,public,True,False,213,needs_review,insufficient_evidence,third_party_music,pending_review,sources_81_91_manual_audit_2026-07-10; confidence=medium,needs_source_review,pending_source_registry
9,هیچکس,rap_hiphop,2,sqemXVtZg4w,Hichkas - Ekhtelaf,UChysexdHBwnvEMDFuKiCUZw,HichkasVEVO,2017-11-01T13:02:39Z,هیچکس,pending_review,,Hichkas - Ekhtelaf,"Ekhtelaf from Hichkas's LP, Jangale Asfalt (The Asphalt Jungle)

http://vevo.ly/3yUk4L",UChysexdHBwnvEMDFuKiCUZw,HichkasVEVO,2017-11-01T13:02:39Z,10,en,,PT2M53S,sd,False,True,4244255,38370.0,10193.0,public,True,False,173,needs_review,music_category_and_licensed_but_no_release_pattern,vevo,trusted,sources_21_40_manual_audit_2026-07-10; confidence=high,trusted_needs_content_review,trusted_source_but_v2_content_ambiguous
9,هیچکس,rap_hiphop,3,4qw3qTV4608,Hichkas - Ye Mosht Sarbaz,UChysexdHBwnvEMDFuKiCUZw,HichkasVEVO,2019-09-26T14:38:38Z,هیچکس,pending_review,,Hichkas - Ye Mosht Sarbaz,"Ye Mosht Sarbaz by Hichkas

Follow Hichkas:

Website: https://hichkas.me/
Instagram: https://www.instagram.com/hichkasofficial/
Facebook: https://www.facebook.com/HichkasOfficial/
Twitter: https://twitter.com/hichkasofficial
Spotify: https://open.spotify.com/artist/2X90kCLyxyPeJ5nynJGbvT

#Hichkas #YeMoshtSarbaz #Vevo

http://vevo.ly/yGZcBa",UChysexdHBwnvEMDFuKiCUZw,HichkasVEVO,2019-09-26T14:38:38Z,10,en,,PT3M23S,hd,False,True,2670531,26024.0,6430.0,public,True,False,203,needs_review,music_category_and_licensed_but_no_release_pattern,vevo,trusted,sources_21_40_manual_audit_2026-07-10; confidence=high,trusted_needs_content_review,trusted_source_but_v2_content_ambiguous
9,هیچکس,rap_hiphop,4,HtsfwsHP3pk,Hichkas - Oon Mesle Dadasham Bood (With Lyrics) | (هیچکس - اون مثل داداشم بود (متن آهنگ,UCk4z-69inYrGU91ekoiAdGA,FSocietySJ,2022-07-17T16:52:42Z,هیچکس,pending_review,,Hichkas - Oon Mesle Dadasham Bood (With Lyrics) | (هیچکس - اون مثل داداشم بود (متن آهنگ,"Rapper: Hichkas
Producer: Mahdyar
-------------------------------------------
کلام : هیچکس
آهنگساز : مهدیار
اگه خوشتون اومد برای دوستاتون به اشتراک بزارید
 لایک و سابسکرایب بکنید بیشترین حمایت رو کردید دمتون گرم",UCk4z-69inYrGU91ekoiAdGA,FSocietySJ,2022-07-17T16:52:42Z,10,fa,fa,PT3M16S,hd,False,False,315527,2589.0,158.0,public,True,False,196,needs_review,insufficient_evidence,fan_or_reupload,pending_review,sources_61_80_manual_audit_2026-07-10; confidence=medium,needs_source_review,pending_source_registry
9,هیچکس,rap_hiphop,5,olvrvRd6l1A,Hichkas - Man Chizi Ke Mikham,UCAnylXo06Lw_x8swLZhIosg,Hichkas,2024-11-28T12:35:18Z,هیچکس,pending_review,,Hichkas - Man Chizi Ke Mikham,"هیچکس - من چیزی که می‌خوام

کلام: هیچکس

آهنگسازی: چکاو


https://twitter.com/HichkasOfficial
https://www.instagram.com/HichkasOfficial

https://twitter.com/_chakav_
https://www.instagram.com/_chakav_



______________________________________________




همخوان:

من چیزی که می‌خوام درده
من چیزی که می‌خوام تو دستای سرده
من چیزی که می‌خوام واسه‌ش جون میدم و خون داره می‌چیکه از زخمای برده

(×۲)

قسمت ۱:

من چیزی که می‌خوام یه خیال راحته، پک و پاره‌م
کوتاه بیام که چی بشه؟
تو راهم پا می‌ذارم و همه‌ی قانونا هم زیرشه
رفیقم رو حکم دادگاه یادگاری می‌نوشت
«برمی‌گردم ولی بدون دستبند
یه بطری پر، یه دونه فندک
شادیامو تقصیم می‌کنم باهاتون و رو صورت قاضی می‌کشم یه دونه لبخند»
من چیزی که می‌خوام پوله
از بچگی جیبمو زده‌ن
از همه چی بوی رانت میاد
ماشه حساسیت داره، می‌خارونم
همه‌گیره شجاعت
عطسه می‌کنه اسلحه سمت
هرچی کثافته
هرچی تسنیمه
هرچی که بایده
هرچی تکبیره
عافیت‌طلبی هم دیگه جواب نی
دستمال به دست خایه‌مال هم دیگه اینو فهمیده

همخوان:

من چیزی که می‌خوام درده
من چیزی که می‌خوام تو دستای سرده
من چیزی که می‌خوام واسه‌ش جون میدم و خون داره می‌چیکه از زخمای برده

(×۲)

قسمت ۲:

من چیزی که می‌خوام، هیچی جاشو نمی‌گیره
آزادیو می‌خوام، که سیر شیم
مخالفت مجاز، یعنی تو سیرکیم و ازمون می‌خوان که شیر شیم
من می‌درم
دیر نیست روزی که نیست شین
سوزن چشای تیز گیر می‌کنن رو صفحه‌ی روزگار و تکرار می‌کنم
من اینو می‌خوام
اینو می‌خوام
اینو می‌خوام
به کم راضی نیستیم
می‌خوام بدونی که
من چیزی که می‌خوام هزینه داره
میدم، میره زیر خاک مین کینه‌ها
و ریشه میدوونیم تو مسیر پیروزی
دوباره می‌شه ساخت
بیدار شین
یه مارپیچ
هیچی نیستین، مار بیمار
می‌خوام هیچ شکی نمونه
با زغال بخت می‌زنیم پرده‌ها رو آتیش
از پنجره‌ی فرصتا می‌تابیم جای تاریک
من چیزی نمی‌خوام به جز یه زندگی عادی

همخوان:

من چیزی که می‌خوام درده
من چیزی که می‌خوام تو دستای سرده
من چیزی که می‌خوام واسه‌ش جون میدم و خون داره می‌چیکه از زخمای برده

(×۲)

قسمت ۳:

من چیزی که می‌خوام، اگه نباشه میسازم
نگاهم رو به جلو، فقط می‌تازم
مهم نی واسم چی میشه
بگو دیوونه مث منو کی دیده؟
طعم پیروزی میده، انتقاممون شیرینه
من چیزی که می‌خوام همه‌چیه
یعنی همه فرصتا
همه‌ی دریچه‌ها
همه‌ی خنده‌ها
اسلحه روی شقیقه‌ها
هرچی دیده باشم و همه‌ی ندیده‌ها
من چیزی که می‌خوامو می‌گیرم
کسی جلودارم نیست
رود مذاب تو شیب
عقاب تو دیدم
من چیزی که می‌خوام، واسه یه بار هم ثباته
شوخی ندارم وقتی می‌گم باید خون شغالو ریخت
زمان می‌گذره، در حال شمارشیم
دوباره تیک تیک می‌زنه
تق تق
صدای آخرین گلوله تو آخرین خشاب شیر
آویزون میشه فرمانده کل قوا به تیر

همخوان:

من چیزی که می‌خوام درده
من چیزی که می‌خوام تو دستای سرده
من چیزی که می‌خوام واسه‌ش جون میدم و خون داره می‌چیکه از زخمای برده

(×۲)

من چیزی که می‌خوام حبس داره، درده
من چیزی که می‌خوام تو دستای سرده
من چیزی که می‌خوام درده",UCAnylXo06Lw_x8swLZhIosg,Hichkas,2024-11-28T12:35:18Z,10,fa,fa,PT3M51S,hd,False,False,268929,6781.0,4410.0,public,True,False,231,needs_review,insufficient_evidence,official_artist,trusted,top20_manual_audit_2026-07-10; confidence=high,trusted_needs_content_review,trusted_source_but_v2_content_ambiguous
9,هیچکس,rap_hiphop,6,yMYNnZr63pg,معین‌زد آهنگ هیچکس رو تو کنسرت خوند😱🤷‍♂️#رپفارسی #هیچکس #معین_زد #اجرای_زنده #کنسرت #hichkas #rap,UCxGDGm26uFZ9PJ3-JcXaPRA,Farhikhte_HipHop,2025-09-14T13:23:11Z,هیچکس,pending_review,,معین‌زد آهنگ هیچکس رو تو کنسرت خوند😱🤷‍♂️#رپفارسی #هیچکس #معین_زد #اجرای_زنده #کنسرت #hichkas #rap,"🎤 در این ویدیو شاهد یکی از ویژه‌ترین لحظات کنسرت معین‌زد هستید!
معین‌زد در حرکتی غیرمنتظره و سورپرایزکننده، روی استیج یکی از آهنگ‌های هیچکس، پدر رپ فارسی، رو اجرا کرد 😱🔥.

این لحظه برای طرفداران موسیقی رپ و هیپ‌هاپ فارسی بسیار هیجان‌انگیز بود و باعث شد حضار سالن با شور و انرژی بیشتری همراه بشن.
📌 ترکیب صدای معین‌زد با فضای آهنگ هیچکس باعث شد یکی از ماندگارترین اجراهای کنسرت رقم بخوره.


---

✅ حمایت یادت نره 👇
👍 لایک کن
🔔 سابسکرایب کن تا از جدیدترین اتفاقات و حاشیه‌های رپ و موسیقی فارسی باخبر بشی
💬 نظرتو تو کامنت‌ها بگو: اجرای معین‌زد از آهنگ هیچکس رو چطور دیدی؟




هشتگ ها :

#معین_زد #هیچکس #رپ_فارسی #رپفارسی #کنسرت  #اجرای_زنده #هیپ_هاپ #رپر_ایرانی #خواننده #زدبازی #رپ_ایرانی #آهنگ_هیچکس #موزیک #آهنگ #استیج #ترند #کنسرت_رپ #اخبار_رپ #رپ_جدید #موزیک_فارسی #رپرهای_ایرانی #حاشیه_رپ #اجرای_ویژه #رپ_ایران #کنسرت_ایران #فن_رپ #موزیک_رپ #اخبار_موسیقی #موسیقی #hichkas #moein_z #rapfarsi #concert #liveperformance #shorts #farhikhte_hiphop 




کلمات کلیدی :

معین زد, هیچکس, اجرای آهنگ هیچکس, کنسرت معین زد, اجرای معین زد, سورپرایز معین زد, رپ فارسی, هیپ هاپ فارسی, رپ ایران, پدر رپ فارسی, آهنگ هیچکس, اجرای زنده معین زد, موزیک رپ فارسی, اخبار رپ فارسی, حاشیه کنسرت معین زد, اجرای ویژه معین زد, اجرای رپ در کنسرت, موزیک فارسی, بهترین رپر ایران, اخبار موسیقی, رپرهای ایرانی, آهنگ رپ فارسی, کنسرت ایران, فن رپ, طرفداران رپ",UCxGDGm26uFZ9PJ3-JcXaPRA,Farhikhte_HipHop,2025-09-14T13:23:11Z,10,fa,,PT36S,hd,False,False,178227,1558.0,120.0,public,True,False,36,likely_non_release,too_short_under_90_seconds,media_or_news,excluded,sources_81_91_manual_audit_2026-07-10; confidence=high,likely_non_release,excluded_source_registry
9,هیچکس,rap_hiphop,7,nKY6vq97MzI,Hichkas - Rooye Jenazat Miraghsam,UCAnylXo06Lw_x8swLZhIosg,Hichkas,2024-05-24T16:52:44Z,هیچکس,pending_review,,Hichkas - Rooye Jenazat Miraghsam,"هیچکس - روی جنازت می‌رقصم

کلام: هیچکس

https://twitter.com/HichkasOfficial
https://www.instagram.com/HichkasOfficial


______________________________________________


قسمت ۱:

آآآآ
چه حالی میده
می‌کشیمتون بالا، بالا، بالا، بالا، بالاتر
عالی میشه
ماشین پر میاد خالی میره
جا نی دیگه 
ساقی کیه 
همه چی که داره قاطی میشه
خشابامون داره خالی میشه 
جنازه بو قاضی میده
ول ولی
می‌زنیم با زمین یکی بشی
جای لاستیکا روت
بری بری به درک
می‌میرین، س تو جعبه، دلیوری
نمی‌دونی جای ما رو 
می‌کشیم ضامنا رو 
می‌زنیم رو زمین قاسما رو 
آماده‌ایم، می‌چکونیم ماشه‌ها رو


همخوان:

روی جنازت می‌رقصم
حالا، حالا
می‌زنیم و میره سرا بالا
پیکا رو می‌ریم همه بالا

(×۲)



قسمت ۲:



آآآآ
شله، شله، شله، شله، شله
آقازاده شده خود خودت
کتلت و گوجه موجه
زمینای شهر پر سسه
داره آتیش می‌گیره حوزه موزه
انگا همه کنکوری، رشته طنابه، ملت تو رو دوره کنه
مال ماعه شبا
لگد می‌زنیم وا شه درا
زیرت می‌زنیم که بری هوا
چشات سیاهی میرن
چش‌پوشی کن
لباس عزا
می‌بینی، دیر نیست، می‌بینی
می‌ریم و تیغ میغ می‌گیریم
می‌کنیم تیز میز
می‌شینیم
می‌کنیم ریز ریز
می‌میرین


همخوان:

روی جنازت می‌رقصم
حالا، حالا
می‌زنیم و میره سرا بالا
پیکا رو می‌ریم همه بالا

(×۲)




قسمت ۳:


آآآآ
چقد سر حالم
اصن من تک، شما همه با هم
کتلتا چقد تر و تازه‌ن
جمع ما جمع
همه پایه‌ن
سفت می‌کنیم طنابارم
رفیقات هم همه پک و پاره‌ن
فواره کرد رگ پاره‌ت
برو خونی مونی نشه پاچه‌م
می‌کنیم شبا صفا
می‌گیرین شبا عزا
می‌ریزه سرتون بلا ملا
بدنا میشه ا سرا سوا 
دعوا معوا چیه؟ 
ادا مدا 
نوپو موپو، ساس، فتا متا
واجا ماجا، ناجا ماجا، بسیجی و برادرا
می‌رن همه هوا



همخوان:

روی جنازت می‌رقصم
حالا، حالا
می‌زنیم و میره سرا بالا
پیکا رو می‌ریم همه بالا

(×۴)

روی جنازت، روی جنازت می‌رقصم
روی جنازت، روی جنازت، روی جنازت می‌رقصم
روی جنازت، روی جنازت، روی جنازت می‌رقصم",UCAnylXo06Lw_x8swLZhIosg,Hichkas,2024-05-24T16:52:44Z,10,fa,fa,PT3M3S,hd,False,False,687584,10008.0,5169.0,public,True,False,183,needs_review,insufficient_evidence,official_artist,trusted,top20_manual_audit_2026-07-10; confidence=high,trusted_needs_content_review,trusted_source_but_v2_content_ambiguous
9,هیچکس,rap_hiphop,8,Vj7aclXlj2Y,فری استایل هیچکس از ترک اختلاف👀🩸#رپفارس #رپفارسی#شورت #hiphop #rap #هیچکس #اختلاف#edit,UCwjQElxgabbU4OIbAXxhYjA,RAP_FARSI,2024-09-23T06:41:06Z,هیچکس,pending_review,,فری استایل هیچکس از ترک اختلاف👀🩸#رپفارس #رپفارسی#شورت #hiphop #rap #هیچکس #اختلاف#edit,,UCwjQElxgabbU4OIbAXxhYjA,RAP_FARSI,2024-09-23T06:41:06Z,22,fa,,PT20S,hd,False,False,54158,,135.0,public,True,False,20,likely_non_release,too_short_under_90_seconds,fan_or_reupload,excluded,sources_81_91_manual_audit_2026-07-10; confidence=high,likely_non_release,excluded_source_registry
9,هیچکس,rap_hiphop,9,i_bLcFCdSIo,Hichkas - Inyekiam Vase,UCAnylXo06Lw_x8swLZhIosg,Hichkas,2022-10-19T19:46:44Z,هیچکس,pending_review,,Hichkas - Inyekiam Vase,,UCAnylXo06Lw_x8swLZhIosg,Hichkas,2022-10-19T19:46:44Z,10,nl,fa,PT2M2S,hd,False,True,760334,22958.0,9884.0,public,True,False,122,needs_review,music_category_and_licensed_but_no_release_pattern,official_artist,trusted,top20_manual_audit_2026-07-10; confidence=high,trusted_needs_content_review,trusted_source_but_v2_content_ambiguous
9,هیچکس,rap_hiphop,10,qRAXqSI4cjU,HICHKAS &quot;HAMINJOORI&quot; REACTION  - ری اکشن به ترک «همینجوری» از هیچکس,UCoOjmdECYvybtOOKtlwvsAw,RadioActive Zone,2025-01-21T07:00:26Z,هیچکس,pending_review,,"HICHKAS ""HAMINJOORI"" REACTION  - ری اکشن به ترک «همینجوری» از هیچکس","ممنون که این ویدیو رو تماشا کردید. برای ویدیو های جدید و اخبار ترک های جدید حتما کانالمو سابسکرایب کنید

--------------------------------------------
☢️بیاید باهم رفیق باشیم☢️
اینستاگرام: https://www.instagram.com/readioactivezone
-------------------------------------------",UCoOjmdECYvybtOOKtlwvsAw,RadioActive Zone,2025-01-21T07:00:26Z,24,fa,zxx,PT9M30S,hd,False,True,44211,1498.0,278.0,public,True,False,570,likely_non_release,non_release_title_pattern,reaction,excluded,sources_21_40_manual_audit_2026-07-10; confidence=high,likely_non_release,excluded_source_registry
9,هیچکس,rap_hiphop,11,jNCLP_fT8kg,اجراي زنده آهنگ به روز خوب مياد سروش هيچكس در لاهه هلند ye rooze khoob miad  Hichkas holand The Haag,UC-rSD_7jPlK0uD8rlU12B1g,Filimo Medio,2022-12-07T13:08:31Z,هیچکس,pending_review,,اجراي زنده آهنگ به روز خوب مياد سروش هيچكس در لاهه هلند ye rooze khoob miad  Hichkas holand The Haag,"اجراي زنده آهنگ به روز خوب مياد سروش هيچكس در لاهه هلند ، ye rooze khoob miad Soroush Hichkas holand The Haag city Netherlands 

اجراي زنده آهنگ به روز خوب مياد سروش هيچكس در لاهه هلند ، ye rooze khoob miad Soroush Hichkas holand The Haag city Netherlands 

اجراي زنده آهنگ به روز خوب مياد سروش هيچكس در لاهه هلند ، ye rooze khoob miad Soroush Hichkas holand The Haag city Netherlands 

اجراي زنده آهنگ به روز خوب مياد سروش هيچكس در لاهه هلند ، ye rooze khoob miad Soroush Hichkas holand The Haag city Netherlands 

اجراي زنده آهنگ به روز خوب مياد سروش هيچكس در لاهه هلند ، ye rooze khoob miad Soroush Hichkas holand The Haag city Netherlands 

اجراي زنده آهنگ به روز خوب مياد سروش هيچكس در لاهه هلند ، ye rooze khoob miad Soroush Hichkas holand The Haag city Netherlands 

اجراي زنده آهنگ به روز خوب مياد سروش هيچكس در لاهه هلند ، ye rooze khoob miad Soroush Hichkas holand The Haag city Netherlands 

اجراي زنده آهنگ به روز خوب مياد سروش هيچكس در لاهه هلند ، ye rooze khoob miad Soroush Hichkas holand The Haag city Netherlands 

اجراي زنده آهنگ به روز خوب مياد سروش هيچكس در لاهه هلند ، ye rooze khoob miad Soroush Hichkas holand The Haag city Netherlands 

اجراي زنده آهنگ به روز خوب مياد سروش هيچكس در لاهه هلند ، ye rooze khoob miad Soroush Hichkas holand The Haag city Netherlands 

اجراي زنده آهنگ به روز خوب مياد سروش هيچكس در لاهه هلند ، ye rooze khoob miad Soroush Hichkas holand The Haag city Netherlands 

اجراي زنده آهنگ به روز خوب مياد سروش هيچكس در لاهه هلند ، ye rooze khoob miad Soroush Hichkas holand The Haag city Netherlands 

اجراي زنده آهنگ به روز خوب مياد سروش هيچكس در لاهه هلند ، ye rooze khoob miad Soroush Hichkas holand The Haag city Netherlands 

اجراي زنده آهنگ به روز خوب مياد سروش هيچكس در لاهه هلند ، ye rooze khoob miad Soroush Hichkas holand The Haag city Netherlands 

اجراي زنده آهنگ به روز خوب مياد سروش هيچكس در لاهه هلند ، ye rooze khoob miad Soroush Hichkas holand The Haag city Netherlands 

اجراي زنده آهنگ به روز خوب مياد سروش هيچكس در لاهه هلند ، ye rooze khoob miad Soroush Hichkas holand The Haag city Netherlands 

اجراي زنده آهنگ به روز خوب مياد سروش هيچكس در لاهه هلند ، ye rooze khoob miad Soroush Hichkas holand The Haag city Netherlands 

اجراي زنده آهنگ به روز خوب مياد سروش هيچكس در لاهه هلند ، ye rooze khoob miad Soroush Hichkas holand The Haag city Netherlands 

اجراي زنده آهنگ به روز خوب مياد سروش هيچكس در لاهه هلند ، ye rooze khoob miad Soroush Hichkas holand The Haag city Netherlands 

اجراي زنده آهنگ به روز خوب مياد سروش هيچكس در لاهه هلند ، ye rooze khoob miad Soroush Hichkas holand The Haag city Netherlands 

اجراي زنده آهنگ به روز خوب مياد سروش هيچكس در لاهه هلند ، ye rooze khoob miad Soroush Hichkas holand The Haag city Netherlands 

اجراي زنده آهنگ به روز خوب مياد سروش هيچكس در لاهه هلند ، ye rooze khoob miad Soroush Hichkas holand The Haag city Netherlands 

اجراي زنده آهنگ به روز خوب مياد سروش هيچكس در لاهه هلند ، ye rooze khoob miad Soroush Hichkas holand The Haag city Netherlands 

اجراي زنده آهنگ به روز خوب مياد سروش هيچكس در لاهه هلند ، ye rooze khoob miad Soroush Hichkas holand The Haag city Netherlands 

اجراي زنده آهنگ به روز خوب مياد سروش هيچكس در لاهه هلند ، ye rooze khoob miad Soroush Hichkas holand The Haag city Netherlands 

اجراي زنده آهنگ به روز خوب مياد سروش هيچكس در لاهه هلند ، ye rooze khoob miad Soroush Hichkas holand The Haag city Netherlands 

اجراي زنده آهنگ به روز خوب مياد سروش هيچكس در لاهه هلند ، ye rooze khoob miad Soroush Hichkas holand The Haag city Netherlands 

اجراي زنده آهنگ به روز خوب مياد سروش هيچكس در لاهه هلند ، ye rooze khoob miad Soroush Hichkas holand The Haag city Netherlands 

اجراي زنده آهنگ به روز خوب مياد سروش هيچكس در لاهه هلند ، ye rooze khoob miad Soroush Hichkas holand The Haag city Netherlands 

اجراي زنده آهنگ به روز خوب مياد سروش هيچكس در لاهه هلند ، ye rooze khoob miad Soroush Hichkas holand The Haag city Netherlands 

اجراي زنده آهنگ به روز خوب مياد سروش هيچكس در لاهه هلند ، ye rooze khoob miad Soroush Hichkas holand The Haag city Netherlands 

اجراي زنده آهنگ به روز خوب مياد سروش هيچكس در لاهه هلند ، ye rooze khoob miad Soroush Hichkas holand The Haag city Netherlands 

اجراي زنده آهنگ به روز خوب مياد سروش هيچكس در لاهه هلند ، ye rooze khoob miad Soroush Hichkas holand The Haag city Netherlands 

اجراي زنده آهنگ به روز خوب مياد سروش هيچكس در لاهه هلند ، ye rooze khoob miad Soroush Hichkas holand The Haag city Netherlands 

اجراي زنده آهنگ به روز خوب مياد سروش هيچكس در لاهه هلند ، ye rooze khoob miad Soroush Hichkas holand The Haag city Netherlands 

اجراي زنده آهنگ به روز خوب مياد سروش هيچكس در لاهه هلند ، ye rooze khoob miad Soroush Hichkas holand The Haag city Netherlands 

اجراي زنده آهنگ به روز خوب مياد سروش هيچكس در لاهه هلند ، ye rooze khoob miad Soroush Hichkas holand The Haag city Netherlands 

اجراي زنده آهنگ به روز خوب مياد سروش هيچكس در لاهه هلند ، ye rooze khoob miad Soroush Hichkas holand The Haag city Netherlands",UC-rSD_7jPlK0uD8rlU12B1g,Filimo Medio,2022-12-07T13:08:31Z,22,fa,,PT5M9S,sd,False,False,37260,778.0,79.0,public,True,False,309,needs_review,insufficient_evidence,unknown,excluded,sources_41_60_manual_audit_2026-07-10; confidence=medium,likely_non_release,excluded_source_registry
9,هیچکس,rap_hiphop,12,3od69FXVbNA,هیچکس و پیشرو و تتلو ۱۳۸۳ #هیچکس #پیشرو #تتلو #رپفارس #رپر_ایرانی #رپفارسی #رپ #اجرای_زنده,UCM-IfEJlVROv5Ev04-uIbKg,RapFars,2024-11-01T14:30:01Z,هیچکس,pending_review,,هیچکس و پیشرو و تتلو ۱۳۸۳ #هیچکس #پیشرو #تتلو #رپفارس #رپر_ایرانی #رپفارسی #رپ #اجرای_زنده,,UCM-IfEJlVROv5Ev04-uIbKg,RapFars,2024-11-01T14:30:01Z,22,fa,,PT16S,hd,False,False,115298,1373.0,60.0,public,True,False,16,likely_non_release,too_short_under_90_seconds,media_or_news,excluded,sources_61_80_manual_audit_2026-07-10; confidence=high,likely_non_release,excluded_source_registry
9,هیچکس,rap_hiphop,13,C7iAvWNNtkw,Hichkas x Ho3ein x Shayea x Pishro x Sohrab MJ x Khalvat x Fadaei x Quf - Chi Shenidi (Saya Remix),UCqMQlHv2vCC1hUvDGFvJqIw,Ali Fani,2022-06-25T13:42:21Z,هیچکس,pending_review,,Hichkas x Ho3ein x Shayea x Pishro x Sohrab MJ x Khalvat x Fadaei x Quf - Chi Shenidi (Saya Remix),"Hichkas x Ho3ein x Shayea x Pishro x Sohrab MJ x Khalvat x Fadaei x Quf - Chi Shenidi (Saya Remix)
RapCity | رپ‌ سیتی
#Hip-Hop&Rap",UCqMQlHv2vCC1hUvDGFvJqIw,Ali Fani,2022-06-25T13:42:21Z,10,en,fa-IR,PT10M42S,hd,False,False,262922,1643.0,87.0,public,True,False,642,likely_non_release,non_release_title_pattern,remix_channel,excluded,sources_81_91_manual_audit_2026-07-10; confidence=high,likely_non_release,excluded_source_registry
9,هیچکس,rap_hiphop,14,hnctT-Btbck,Hichkas - Har Ye Rooz (feat. Poobon),UCAnylXo06Lw_x8swLZhIosg,Hichkas,2024-03-07T09:09:41Z,هیچکس,pending_review,,Hichkas - Har Ye Rooz (feat. Poobon),"هیچکس × پوبون - هر یه روز

کلام: هیچکس، پوبون

آهنگساز: پوبون

https://twitter.com/HichkasOfficial
https://www.instagram.com/HichkasOfficial

https://x.com/PooBonMusic
https://www.instagram.com/poo_bon",UCAnylXo06Lw_x8swLZhIosg,Hichkas,2024-03-07T09:09:41Z,10,fa,fa,PT4M32S,hd,False,False,662072,8887.0,6690.0,public,True,False,272,needs_review,insufficient_evidence,official_artist,trusted,top20_manual_audit_2026-07-10; confidence=high,trusted_needs_content_review,trusted_source_but_v2_content_ambiguous
9,هیچکس,rap_hiphop,15,VEGMR6Z_Vsc,هیچکس انتظارشو نداشت💀,UCtS_MyKAEqPJgw-WNPxb5cA,SINAVID,2026-07-08T13:14:50Z,هیچکس,pending_review,,هیچکس انتظارشو نداشت💀,"Orginal Video: @Nost009 

اگه خوشت اومد سابسکرایب کن🩸👇
https://www.youtube.com/@SINAVIDOFFICIAL

کانال های اجتماعی 🌀👇
🌐اینستاگرام :
https://www.instagram.com/sinavid1?igsh=MTlhMG5jMmM4MTMzeQ==

🔵 هشتگ ها 🔗:
#gtavi #gtavicecity #gta6 #جی_تی_ای",UCtS_MyKAEqPJgw-WNPxb5cA,SINAVID,2026-07-08T13:14:50Z,20,en,en,PT51S,hd,False,True,30388,891.0,26.0,public,True,False,51,likely_non_release,too_short_under_90_seconds,unknown,pending_review,sources_21_40_manual_audit_2026-07-10; confidence=low,needs_source_review,pending_source_registry
9,هیچکس,rap_hiphop,16,LTxHVuXwViw,HICHKAS &quot;DISHAB YE BASIJI KOSHTAM&quot; REACTION   ری اکشن به ترک «دیشب یه بسیجی کشتم» از هیچکس,UCoOjmdECYvybtOOKtlwvsAw,RadioActive Zone,2024-05-10T03:48:21Z,هیچکس,pending_review,,"HICHKAS ""DISHAB YE BASIJI KOSHTAM"" REACTION   ری اکشن به ترک «دیشب یه بسیجی کشتم» از هیچکس","ممنون که این ویدیو رو تماشا کردید. برای ویدیو های جدید و اخبار ترک های جدید حتما کانالمو سابسکرایب کنید

--------------------------------------------
☢️بیاید باهم رفیق باشیم☢️
اینستاگرام: https://www.instagram.com/readioactivezone
تلگرام: https://t.me/Readioactivezone
توییتر: https://twitter.com/RadioActiveZon4
دیسکورد : https://discord.gg/8xXdmx6sMu
#RAZSQUAD
------------------------------------------------
📣 تجهیزاتی که برای این ویدیو استفاده کردم 📣

میکروفون: https://amzn.to/2W8AL5j
لامپ نئون رعد و برق: https://amzn.to/3BvU74B
سافت لایت (نورپردازی): https://amzn.to/3eOv6Yx
نور نواری (آر جی بی): https://amzn.to/3rwCxZJ
تابلو رادیواکتیو: https://amzn.to/3kPOjNh
مموری کارت دوربین: https://amzn.to/3rvkcfp
پنل های آکوستیک: https://amzn.to/3eOxfn3
چسب پنل های آکوستیک: https://amzn.to/3x1lhNo
تابلو مک میلر: https://amzn.to/2V9rbyt
استار پروژکتور: https://amzn.to/3zrxX1B
نورپردازی بک گراند: https://amzn.to/3y0vWcd
هدفون: https://amzn.to/3ruLP8w
دستگاه بخار: https://amzn.to/3ePeWhM
رم ۳۲ گیگ اضافه: https://amzn.to/3eMtC10
موس و کیبورد پد: https://amzn.to/3zuCS1E
دوربین: https://amzn.to/3hXLO9P
لنز دوربین: https://amzn.to/3BJlRD4
کپچر کارت: https://amzn.to/3eQZl15
کابل مینی اچ دی ام آی (برای اتصال دوربین به مانیتور): https://amzn.to/2W4W5bQ
باتری برقی دوربین: https://amzn.to/3Bxt5d6
صفحه نمایشگر آینه ای دوربین: https://amzn.to/3BroyJ8
کامپیوتر: https://amzn.to/3eNvU03
------------------------------------
♥️واسم یه ساندیس بخر♥️
 https://paypal.me/readioactivezone



0:00 - Intro",UCoOjmdECYvybtOOKtlwvsAw,RadioActive Zone,2024-05-10T03:48:21Z,24,fa,zxx,PT11M56S,hd,False,True,127413,3514.0,1093.0,public,True,False,716,likely_non_release,non_release_title_pattern,reaction,excluded,sources_21_40_manual_audit_2026-07-10; confidence=high,likely_non_release,excluded_source_registry
9,هیچکس,rap_hiphop,17,75PJxS6zVwo,Bazam kalan - Hichkas ft.Pishro (Lyrics) | (بازم کلان - هیچکس فیت پیشرو (بامتن,UC-nWrwyltC2ibR8jp5y9Ucg,Moltafet Therapy,2019-08-11T10:28:09Z,هیچکس,pending_review,,Bazam kalan - Hichkas ft.Pishro (Lyrics) | (بازم کلان - هیچکس فیت پیشرو (بامتن,"🔈 متن ترک بازم کلان از هیچکس و پیشرو با آهنگ سازی مهدیار آقاجانی.
ویدیو از من، صدا از ملتفت
#hichkas #pishro
_______________________________________________
Video by me, sound rights reserved to Moltafet & ُSaamet.
singed by Mehransaber from Gorgan 🔥",UC-nWrwyltC2ibR8jp5y9Ucg,Moltafet Therapy,2019-08-11T10:28:09Z,22,fa,,PT2M22S,hd,False,False,719658,6293.0,414.0,public,True,False,142,needs_review,insufficient_evidence,third_party_music,pending_review,sources_41_60_manual_audit_2026-07-10; confidence=medium,needs_source_review,pending_source_registry
9,هیچکس,rap_hiphop,18,Ai9Sq7nMxU8,ROOYE JENAZAT MIRAGHSAM - TRUMP &amp; HICHKAS :) فیت ترامپ و هیچکس SOHEIL KHODABANDEH - CLUB VERSION,UCWTApkr82_QxpEr9Pa2m1CQ,Soheil Khodabandeh ,2026-03-07T06:56:04Z,هیچکس,pending_review,,ROOYE JENAZAT MIRAGHSAM - TRUMP & HICHKAS :) فیت ترامپ و هیچکس SOHEIL KHODABANDEH - CLUB VERSION,"This revolutionary song, originally performed by the Iranian rapper Soroush Hichkas, has been remixed by me in a club style and combined with the announcement of the death of the leader of the Islamic Republic in the voice of President Trump.

I hope you enjoy it.

Victory is near.",UCWTApkr82_QxpEr9Pa2m1CQ,Soheil Khodabandeh ,2026-03-07T06:56:04Z,10,en,,PT2M18S,hd,False,False,5050,146.0,13.0,public,True,False,138,needs_review,insufficient_evidence,remix_channel,excluded,sources_61_80_manual_audit_2026-07-10; confidence=high,likely_non_release,excluded_source_registry
9,هیچکس,rap_hiphop,19,s3ICyx96IM4,هیچکس &quot;یه روز خوب میاد&quot; hichkas,UCd26HBP85gdHjA_BXfDJS0Q,siavash1994,2010-03-28T18:40:58Z,هیچکس,pending_review,,"هیچکس ""یه روز خوب میاد"" hichkas","یه روز خوب میاد... که ما هم رو نکشیم به هم، نگاه بد نکنیم با هم دوست باشیم و دست بندازیم رو شونه های هم... ( آها ) مثل بچگی ها تو دبستان هیچ کدوممون هم نیستیم بیکار، در حال ساخت و ساز ایران واسه اینکه خسته نشی این بار، من خشت می ذارم، تو سیمان بعدِ این همه بارونِ خون بالاخره پیداش می شه رنگین کمون دیگه از سنگ، ابر نمی شه آسمون به سرخیِ لاله نمی شه آب جوب مؤذّن! اذان بگو



برای دانلود آهنگ به rapsun بروید.
... ( فریاد اعتراض )

تا جایی که یادمه این خاک همیشه ندا می داد
یه روز خوب میاد که هرج و مرج نیست و
تو شلوغی ها به جای فحش به هم شیرینی می دیم و زولبیا
بامیه
همه شنگولیم و همه چی عالیه
فقط جای رفیقامون که نیستن خالیه
خون می مونه تو رگ و آشنا، نمی شه با آسمون و آسفالت
دیگه فواره نمی کنه، لخته نمی شه
هیچ مادری سر خاک بچه نمی ره
خونه پناه گاه نیست و بیرون جنگ
وای از تو مثل بم ویرووونم
یا اصلاً مثل هیروشیما بعدِ بمب
نمـــــی دونم دارم آتیش می گیرم و این رو می خونم
پیش خودت شاید فکر کنی دیوونم
ولی یه روز خوب میاد این رو می دونم!
ولی یه روز خوب میاد این رو می دونم فریاد اعتراض ) ... )

راستی وقتی یه روز خوب میاد، شاید از ما چیزی نمونه جز خوبی ها
نااامن و خراب نیست، همه چی امن و امان
کرما هم قلقلکمون میدن و میشیم شادروان!
هه هه...
آسمون، بَه چه قشنگه
کنار قبر سبزه چمنه
هیچ مغزی نمی خواد در ره
فقط اگه صبر داشته باشی حلّه
دست اجنبی کوتاست از خاک
نگو اووووه! کو تا فردا
اگه نبودم می خوام یه قول بدی بهم
که هر سربازی دیدی گل بدی بهش
دیگه هیچ مرغی پشت میله نیست
هیچ زن آزاده ای بیوه نیست
دخترم بابات داره میاد خونه
آره...
برو واسه شام میز بچین!",UCd26HBP85gdHjA_BXfDJS0Q,siavash1994,2010-03-28T18:40:58Z,10,fa,,PT4M5S,sd,False,False,387014,3824.0,797.0,public,True,False,245,needs_review,insufficient_evidence,third_party_music,pending_review,sources_61_80_manual_audit_2026-07-10; confidence=medium,needs_source_review,pending_source_registry
9,هیچکس,rap_hiphop,20,U0llynq--ig,Reza Pishro X Putak | هیچکس یا فدایی؟ | EP06,UCa20QQoV4gaLv9XRki-ynWQ,PUTAK,2023-08-06T17:09:17Z,هیچکس,pending_review,,Reza Pishro X Putak | هیچکس یا فدایی؟ | EP06,"Stream [MY NEW SONGS] 👇

🎵Spotify: https://spoti.fi/3xyffGv
🎵SoundCloud: https://soundcloud.com/pooriaputak
🎵Apple Music: https://apple.co/3IAV2WY
🎵Last Music Video: https://bit.ly/3YPnnic

▬▬▬▬▬▬▬▬▬▬▬▬▬▬
⚡️Subscribe Channel:
⚡️https://bit.ly/4168uJN

⚡️ LETS HIT 1M SUBS ❤️🙏🏼❤️

درود به همگی
هرشب ویدئو جدید داریم با انواع سبک ها و ایده‌ های مختلف، لطفا سابسکرایب کنید و نوتیفیکیشن را روشن کنید تا به محض آپلود جدید اولین نفر بفهمید
▬▬▬▬▬▬▬▬▬▬▬▬▬▬
⏮ ویدیو روز قبل:
https://www.youtube.com/watch?v=5GQaB2l2NX0
▬▬▬▬▬▬▬▬▬▬▬▬▬▬
With King:
@rezapishrorail 
▬▬▬▬▬▬▬▬▬▬▬▬▬▬
Follow Putak:

📷 IG: https://www.instagram.com/braveputak
📩 Telegram: https://t.me/putakk
🎥 Tiktok: https://tiktok.com/@lilputi13
🌎 Twitter: https://www.twitter.com/putak1313
🎮 Twitch:  https://www.twitch.tv/pooriaputak
📖 Facebook: https://www.facebook.com/pooriaputak
🗣 Discord: https://discord.gg/putak
▬▬▬▬▬▬▬▬▬▬▬▬▬▬
Music In This Video: 

Audio Library Youtube ❤️


#pishro  #پیشرو #pootak",UCa20QQoV4gaLv9XRki-ynWQ,PUTAK,2023-08-06T17:09:17Z,22,fa,en,PT20M33S,hd,False,True,891706,27284.0,5841.0,public,True,False,1233,likely_non_release,too_long_over_15_minutes,unknown,pending_review,sources_21_40_manual_audit_2026-07-10; confidence=low,needs_source_review,pending_source_registry
9,هیچکس,rap_hiphop,21,ncyctpN4zMc,دیس های شدید تتلو به هیچکس🔴#تتلو #هیچکس #rapnews #rapfars #پوتک #فوری #رپر #rap #tataloo #Hichkas,UC70ecBCkLFaSAC5UCLPJHPA,RapFars,2023-08-11T11:09:51Z,هیچکس,pending_review,,دیس های شدید تتلو به هیچکس🔴#تتلو #هیچکس #rapnews #rapfars #پوتک #فوری #رپر #rap #tataloo #Hichkas,,UC70ecBCkLFaSAC5UCLPJHPA,RapFars,2023-08-11T11:09:51Z,22,fa,fa,PT49S,hd,False,False,63775,1225.0,569.0,public,True,False,49,likely_non_release,too_short_under_90_seconds,media_or_news,excluded,sources_41_60_manual_audit_2026-07-10; confidence=high,likely_non_release,excluded_source_registry
9,هیچکس,rap_hiphop,22,N_DwOWb3IPE,Hichkas - Tigham Rooye Raget (Visual),UCAnylXo06Lw_x8swLZhIosg,Hichkas,2024-01-25T08:43:07Z,هیچکس,pending_review,,Hichkas - Tigham Rooye Raget (Visual),"هیچکس - تیغم روی رگت

کلام: هیچکس

https://twitter.com/HichkasOfficial
https://www.instagram.com/HichkasOfficial

آهنگساز: عرف

https://www.instagram.com/orphorphe
https://x.com/orphorpheh

تصویر: عیرضا

https://www.instagram.com/airezv_
https://x.com/aiirezaxxi



********

نشستیم توی کمین
امشب شبیخون می‌زنیم
شما هموطن نیستین، ما دشمن همیم
همه زنگ خطرها رو هم زدیم

(شما اشغال‌گرها ۵۷ زدین با شریک‌هااتون یه ملتو بدبخت کردین.
دشمنای ایران و آزادی و رفاه.
تف تو کمونیست و مجاهد و اسلامگرا. ۵۷ی.)

بیا

گفت


قسمت ۱:

کبابت می‌کنیم، بلال
گوله می‌کاریم توی جمجمه، نهال
می‌رسه بهار
جونتو به لب می‌رسونیم، با یه پس‌گردنی از دهنت درآد
ببین،
چرا نمی‌میری؟ بمیر
کار داریم، باس زود بریم
چهارپایه رو باید از زیرت کشید
همه آویزون می‌شید
پیام به دستت رسید؟
صداتو بیرون نمی‌شه شنید
می‌گی یه پارچه آقایی
مثل روسری بسوزونیمت، یا با دستامون جرت بدیم؟
کابوس می‌بینی ما خرسیم
شرتت می‌شه رنگ قبر خمینی
وزنی نداری بگیم شعری
ولیکن بیت رهبرتو دو شقه می‌کنیم بشه دوبیتی
کاری می‌کنیم موهاتو دونه دونه بکنی شب‌ها
دیگه در نیاد
تو دروازه‌ی شهر نفهمن این سر روی نیزه‌است یا آبنبات
تنهایی، مثل یه جزیره
بهتت زده، کیش و مات
بچه‌ها می‌گن «بیایین نصفش کنیم، ۲ تا شه، از تنهایی درآد»


همخوان:

تیغم روی رگت
سرت بالا داره جای سر ما
دیگه داره تنگ میشه طناب‌ها
هرچی داری و نداری می‌شه برا ما
×۲


قسمت ۲:

فکر نکن شهادت دوره
رفیقت داره می‌سوزه
نمی‌بینی، چون توی چشمت دوده
یه جوری می‌خوابونیمت که زخم بستر بگیری
به سیخ می‌کشیمت جوجه
سگ‌های رهبری زوزه
بگو گه خوردی توله
با زنت کار نداریم
باجناقت دستمونه
گفتن شرایط بده
گفتی اربابم و اربعین ارجحیت دارن
کشیدی عربده
فقط عر عر شنیدیم همه
امنیت نداری خره
یهو از یه جا فرو می‌ره قمه
وایتکس می‌ریزیم تو حلقت واسه پاک‌سازی، اگه دلت واسه شهادت لک زده
یه لیست داریم همه آقازاده‌ان
آره این خون‌های رو دیوار تازه‌ان
انگشت‌هامون روی ماشه‌ان
رفیق‌هات پاره‌ان
مخبرها آهسته میان، آهسته می‌رن
انگار در حال تمرین باله‌ان
تو هم میگی موسیقی حرومه، ولی ۲ بار بندری می‌زنی واسه‌م
یه بار از ترس
یه بار موقع جون دادن


همخوان:

تیغم روی رگت
سرت بالا داره جای سر ما
دیگه داره تنگ میشه طناب‌ها
هرچی داری و نداری می‌شه برا ما
×۲


قسمت ۳:

اینجا هر شب شب ضربته
یقه جر میدیم، یقه
ازمون بپرسی «چرا این همه؟»
یه دلیل محکم میاریم، بشکنه سرت
بچه‌ها دنبال ریشه‌ان
فصل انتقامه، پر کینه‌ان
نمی‌فهمی، سر دربیاری هم سرتو چیده‌ان
نافمونو با گیوتین بریده‌ان
از منبر می‌کشیمت پایین
می‌ندازیمت توی صندوق ماشین
همه‌ی جاده‌ها خلوت و تاریک
ایست بازرسی می‌ره زیر آتیش
دنبال حامی
زنگ بزن فامیل
بگو همه چی رو بکنن واریز
لپ‌های گل‌انداخته‌اتو می‌چینیم
شخم می‌زنیم، زیر چشم بادمجون بکاریم
چپ و راستت می‌کنیم، فکر کنی می‌خوای از خیابون رد شی
شک توش نیست
یه چک می‌زنیم تو گوشت همه فکر کنن جغدی، سرگردون شی
خون‌خورها همیشه نمی‌مونن
این ملت اونقدرها هم صبور نی
نموندن، نموند، نموندی
صرفت می‌کنیم، تموم شی",UCAnylXo06Lw_x8swLZhIosg,Hichkas,2024-01-25T08:43:07Z,10,fa,fa,PT3M24S,hd,False,False,320973,5473.0,6338.0,public,True,False,204,needs_review,insufficient_evidence,official_artist,trusted,top20_manual_audit_2026-07-10; confidence=high,trusted_needs_content_review,trusted_source_but_v2_content_ambiguous
9,هیچکس,rap_hiphop,23,is0xNeQBO78,حرفای عجیب و جنجالی سامان ویلسون به هیچکس♨️#رپ #هیچکس #رپفارسی #سامان_ویلسون #مصاحبه #رپفارسی #رپر,UClp7AB4tDx0ioD1WSJNCBlQ,AA trap,2025-07-20T19:23:07Z,هیچکس,pending_review,,حرفای عجیب و جنجالی سامان ویلسون به هیچکس♨️#رپ #هیچکس #رپفارسی #سامان_ویلسون #مصاحبه #رپفارسی #رپر,,UClp7AB4tDx0ioD1WSJNCBlQ,AA trap,2025-07-20T19:23:07Z,22,fa,,PT26S,hd,False,False,33811,81.0,83.0,public,True,False,26,likely_non_release,too_short_under_90_seconds,media_or_news,excluded,sources_81_91_manual_audit_2026-07-10; confidence=high,likely_non_release,excluded_source_registry
9,هیچکس,rap_hiphop,24,w1hkTux7uc8,هیچکس و زد بازی رو با خاک یکسان کرد🤣💀                              #shorts #امیرحسین_قیاسی #رپفارسی,UCXx7IRnRe5w3iCS3b5ji-3g,Amyr IQ,2025-10-26T12:31:13Z,هیچکس,pending_review,,هیچکس و زد بازی رو با خاک یکسان کرد🤣💀                              #shorts #امیرحسین_قیاسی #رپفارسی,"خوش اومدید به چنل Amyr IQ ❤️
به هدف نزدیکیم🎯

اگه شما از ویدیو های جالب و طنز و همچنین اخبار و فناوری و سیاست خوشتون میاد پس جای درستی اومدید✅ 

📌پیشنهاد میدم سابسکرایب کنی تا هم خنده رو لبات بیاد و هم تبدیل به آدم شاد و باسواد تری بشی

عاشق همتونم با حمایتاتون بهم انرژی بدید❤️🍻

#Shorts
#AmyrIQ
#Entertainment",UCXx7IRnRe5w3iCS3b5ji-3g,Amyr IQ,2025-10-26T12:31:13Z,24,fa-IR,fa-IR,PT1M,hd,False,False,1304938,20275.0,800.0,public,True,False,60,likely_non_release,too_short_under_90_seconds,media_or_news,excluded,sources_61_80_manual_audit_2026-07-10; confidence=high,likely_non_release,excluded_source_registry
9,هیچکس,rap_hiphop,25,my0kbHIpCMw,Rooye Jenazat Miraghsam Hichkasروی جنازت میرقصم هیچکس,UCObiBmofF-Cz-zmaA4AwUiQ,زن زندگی آزادی ,2025-05-30T18:14:04Z,هیچکس,pending_review,,Rooye Jenazat Miraghsam Hichkasروی جنازت میرقصم هیچکس,,UCObiBmofF-Cz-zmaA4AwUiQ,زن زندگی آزادی ,2025-05-30T18:14:04Z,22,fa,,PT4M39S,hd,False,False,29139,467.0,28.0,public,True,False,279,needs_review,insufficient_evidence,fan_or_reupload,pending_review,sources_61_80_manual_audit_2026-07-10; confidence=low,needs_source_review,pending_source_registry
