artist_id,artist_name_fa,category,candidate_rank,video_id,video_title,channel_id,channel_title,published_at,source_query,manual_status,notes,api_video_title,api_video_description,api_channel_id,api_channel_title,api_published_at,category_id,default_language,default_audio_language,duration,definition,caption,licensed_content,view_count,like_count,comment_count,privacy_status,embeddable,made_for_kids,duration_seconds,screening_status_v2,screening_reason_v2,source_type,source_status,source_notes,screening_status_v3,screening_reason_v3,content_review_status_v2,content_review_reason_v2,content_review_decision_source,final_screening_status_v4,final_screening_reason_v4,proposed_final_status,proposed_final_reason,final_review_confidence,final_screening_status_v5,final_screening_reason_v5,final_screening_decision_source_v5,final_review_confidence_v5,record_id,published_datetime,snapshot_datetime,video_age_days,video_age_years,views_per_day,likes_per_1000_views,comments_per_1000_views,engagement_count,engagement_rate,duration_minutes,log_view_count,log_like_count,log_comment_count,log_views_per_day,category_robust_z_log_views_per_day,category_robust_z_engagement_rate,category_robust_z_likes_per_1000_views,category_robust_z_comments_per_1000_views,pi_view_component_clipped,pi_engagement_component_clipped,pi_comment_component_clipped,performance_index_raw,performance_percentile_category,performance_tier,pi_raw_A_60_25_15,pi_pct_A_60_25_15,pi_raw_B_70_20_10,pi_pct_B_70_20_10,pi_raw_C_65_25_10,pi_pct_C_65_25_10,performance_index_raw_final,performance_percentile_final,performance_tier_final,performance_index_version,performance_index_view_weight,performance_index_engagement_weight,performance_index_comment_weight,performance_index_clip_lower,performance_index_clip_upper,rz_global_video_age_years,rz_category_video_age_years,rz_global_duration_minutes,rz_category_duration_minutes,rz_global_log_views_per_day,rz_category_log_views_per_day,rz_global_likes_per_1000_views,rz_category_likes_per_1000_views,rz_global_comments_per_1000_views,rz_category_comments_per_1000_views,rz_global_engagement_rate,rz_category_engagement_rate,category_classic_fusion,category_pop,category_rap_hiphop,is_top_performer,is_high_or_top,feature_matrix_version
1,همایون شجریان,classic_fusion,3,f3_y_O1qFJc,Homayoun Shajarian - Havaye Geryeh (همایون شجریان - تصنیف هوای گریه),UCjibqVppvIlLK4lbXRsbhhw,Melodifa,2019-07-10T18:55:08Z,همایون شجریان,pending_review,,Homayoun Shajarian - Havaye Geryeh (همایون شجریان - تصنیف هوای گریه),"Homayoun Shajarian - Havaye Geryeh with lyrics now on Melodifa.
همایون شجریان - تصنیف هوای گریه رو همراه با متن شعر در کانال ملودیفا ببینید و بشنوید

#homayoun #shajarian  #melodifa

آواز خوب شد همایون شجریان:    https://www.youtube.com/watch?v=DtHwreZyIh4
آلبوم ایران من همایون شجریان:   https://www.youtube.com/watch?v=u2WtwKd5laU

متن آهنگ هوای گریه همایون شجریان:
نه بسته ام به کس دل نه بسته کس به من دل
چو تخته پاره بر موج رها رها رها من
ز من هر آن که او دور چو دل به سینه نزدیک
به من هر آنکه نزدیک از او جدا جدا من
نه چشم دل به سویی نه باده در سبویی
که تر کنم گلویی به یاد آشنا من
ستاره ها نهفته در آسمان ابری
دلم گرفته ای دوست هوای گریه با من
هوای گریه با من
نه بسته ام به کس دل نه بسته کس به من دل
چو تخته پاره بر موج رها رها رها من
ز من هر آن که او دور چو دل به سینه نزدیک
به من هر آنکه نزدیک از او جدا جدا من

Homayoun Shajarian (Persian: همايون شجريان‎) (born 21 May 1975) is a Persian classical music and Persian classical crossover vocalist, and a Tombak player. ""Hava-ye Geryeh"" is one of his most famous songs. He has one daughter, Yasmine Shajarian.

He was born in Tehran in a music-dedicated family. He is the son of Mohammad Reza Shajarian, the grand master vocalist of Persian traditional music.

همایون شجریان (۳۱ اردیبهشت ۱۳۵۴ تهران) خوانندهٔ موسیقی سنتی ایرانی و نوازندهٔ تنبک و کمانچه است. وی پسر محمدرضا شجریان و برادر مژگان شجریان و برادر زن پرویز مشکاتیان است

همایون شجریان در ۳۱ اردیبهشت ۱۳۵۴ در تهران در خانواده‌ای سرشار از موسیقی متولد شد. وی فرزند محمدرضا شجریان است و از کودکی علاقه به موسیقی و ریتم در او نمایان بود تا آن که با تشخیص پدر نزد ناصر فرهنگ‌فر به فراگیری تکنیک و شناخت ریتم که اساس موسیقی است پرداخت و چند سالی هم آموختن را نزد جمشید محبی ادامه داد. از ده‌سالگی به همراه خواهرانش نزد پدر آواز را شروع کرد و در دوران بلوغ روزانه تکنیک آواز و صداسازی را به‌صورت فشرده فراگرفت. در همان زمان به هنرستان موسیقی رفت و کمانچه را به عنوان ساز تخصصی خود انتخاب کرد و در خارج از هنرستان به ادامهٔ فراگیری آن نزد اردشیر کامکار و آشنایی با تار و سنتور به صورت گوشی پرداخت.

او از سال ۱۳۷۰ به‌همراه محمدرضا شجریان در کنسرت‌های آمریکا، اروپا و ایران (با تنبک) همراهی کرد و از ۱۳۷۸ به بعد در صحنهٔ کنسرت‌ها به هم‌خوانی با پدرش پرداخت. اولین اثر با حضور او یاد ایام نام دارد که در آن اثر همایون شجریان تنبک نوازی را بر عهده داشته‌است. همایون شجریان کنسرت‌های بسیاری را با بزرگان موسیقی اجرا کرده و آثار زیادی را به همراه آنان در ایران و جهان منتشر کرده‌است که می‌توان به آلبوم کنسرت‌های «بی تو بسر نمی‌شود» و «فریاد» اشاره کرد که هردو اثر در سال‌های ۲۰۰۳ و ۲۰۰۵ نامزد دریافت جایزه گرمی شدند

#ملودیفا
#همایون_شجریان
#نسیم_وصل",UCjibqVppvIlLK4lbXRsbhhw,Melodifa,2019-07-10T18:55:08Z,10,fa,en-US,PT7M15S,hd,False,True,5831771,25304.0,2828.0,public,True,False,435,needs_review,music_category_and_licensed_but_no_release_pattern,trusted_music_platform,trusted,top20_manual_audit_2026-07-10; confidence=medium_high,trusted_needs_content_review,trusted_source_but_v2_content_ambiguous,likely_release,trusted_music_source_and_music_duration_signal,rule_based_content_review_v1,final_likely_release,accepted_after_trusted_content_review,,,,final_likely_release,accepted_after_trusted_content_review,final_screening_v4,,1_f3_y_O1qFJc,2019-07-10 18:55:08+00:00,2026-07-10 23:59:59+00:00,2557.2117013888887,7.001264069510989,2280.519441089923,4.338990677103062,0.4849298780764882,28132.0,0.0048239205551795,7.25,15.578831457256207,10.13875728364818,7.947678571301568,7.732596921518933,0.5552790464249578,-0.6540378103439551,-0.67448975,0.67448975,0.5552790464249578,-0.6540378103439551,0.67448975,0.2708314377689859,76.47,high,0.2708314377689859,76.47,0.3253367454286794,76.47,0.2648709025902338,76.47,0.2648709025902338,76.47,high,PI_V2_FINAL_65_25_10,0.65,0.25,0.1,-3.0,3.0,0.8447594975795616,0.6830848712061348,4.312646583333332,1.5699330387931034,0.6165228152736492,0.5552790464249578,-0.17837504033914192,-0.67448975,0.48828959912008535,0.67448975,-0.09291844126625659,-0.6540378103439551,1,0,0,0,1,FM_V1
1,همایون شجریان,classic_fusion,4,Nc23hVqxbzY,Homayoun Shajarian - Mastam Ze Negahe To (همایون شجریان - مستم ز نگاه تو),UCX7iFtn4OnJYNLXyKQsnHGg,MELODIFA CLASSIC,2020-08-17T13:00:06Z,همایون شجریان,pending_review,,Homayoun Shajarian - Mastam Ze Negahe To (همایون شجریان - مستم ز نگاه تو),"Homayoun Shajarian - Mastam Ze Negahe To with lyrics now on melodifa.
همایون شجریان - مستم ز نگاه تو رو همراه با متن ترانه در کانال ملودیفا ببینید و بشنوید

#homayoun #MastamZeNegaheTo  #melodifa


متن آهنگ مستم ز نگاه تو همایون شجریان:

لب خندان تو برق چشمان تو برده قرار از دل عاشق زارم
با من بي نوا بيش از اينم جفا دگر مکن يارم
 
اي گل ارغوان همچو سرو چمان 
اي در شب تار من روشنايي
بت چين و ختن روح و جاني به تن 
دل مي ربايي 


آتش زده اي بر دل واي از من و آه از دل
زندگي بي تو شده بي حاصل 
دل شده مجنون چه کنم با دل


مستم زنگاه تو زان چشم سياه تو
همه دم افتاده به چاه تو
صنما سرگشته ی راه تو


از عشقت آرام جان 
شده ام شيداي زمان
من ز سودای وصلِ تو گشته‌ام رسوای جهان


رفت از دستم اختیاربردی از من صبر و قرار
در شب و روز تارِ من مه و خورشیدی ای نگار


آتش زده ای بر دل وای از من و آه از دل
زندگی بی تو شده بی حاصل
 دل شده مجنون
چه کنم با دل
مستم ز نگاه تو
زان چشمِ سیاهِ تو حبیبم افتاده به چاهِ تو
صنما؛ سرگشته ی راهِ تو


Homayoun Shajarian (Persian: همايون شجريان‎) (born 21 May 1975) is a Persian classical music and Persian classical crossover vocalist, and a Tombak player. ""Hava-ye Geryeh"" is one of his most famous songs. He has one daughter, Yasmine Shajarian.


He was born in Tehran in a music-dedicated family. He is the son of Mohammad Reza Shajarian, the grand master vocalist of Persian traditional music.


همایون شجریان (۳۱ اردیبهشت ۱۳۵۴ تهران) خوانندهٔ موسیقی سنتی ایرانی و نوازندهٔ تنبک و کمانچه است. وی پسر محمدرضا شجریان و برادر مژگان شجریان و برادر زن پرویز مشکاتیان است


همایون شجریان در ۳۱ اردیبهشت ۱۳۵۴ در تهران در خانواده‌ای سرشار از موسیقی متولد شد. وی فرزند محمدرضا شجریان است و از کودکی علاقه به موسیقی و ریتم در او نمایان بود تا آن که با تشخیص پدر نزد ناصر فرهنگ‌فر به فراگیری تکنیک و شناخت ریتم که اساس موسیقی است پرداخت و چند سالی هم آموختن را نزد جمشید محبی ادامه داد. از ده‌سالگی به همراه خواهرانش نزد پدر آواز را شروع کرد و در دوران بلوغ روزانه تکنیک آواز و صداسازی را به‌صورت فشرده فراگرفت. در همان زمان به هنرستان موسیقی رفت و کمانچه را به عنوان ساز تخصصی خود انتخاب کرد و در خارج از هنرستان به ادامهٔ فراگیری آن نزد اردشیر کامکار و آشنایی با تار و سنتور به صورت گوشی پرداخت.


او از سال ۱۳۷۰ به‌همراه محمدرضا شجریان در کنسرت‌های آمریکا، اروپا و ایران (با تنبک) همراهی کرد و از ۱۳۷۸ به بعد در صحنهٔ کنسرت‌ها به هم‌خوانی با پدرش پرداخت. اولین اثر با حضور او یاد ایام نام دارد که در آن اثر همایون شجریان تنبک نوازی را بر عهده داشته‌است. همایون شجریان کنسرت‌های بسیاری را با بزرگان موسیقی اجرا کرده و آثار زیادی را به همراه آنان در ایران و جهان منتشر کرده‌است که می‌توان به آلبوم کنسرت‌های «بی تو بسر نمی‌شود» و «فریاد» اشاره کرد که هردو اثر در سال‌های ۲۰۰۳ و ۲۰۰۵ نامزد دریافت جایزه گرمی شدند




#ملودیفا
#همایون_شجریان",UCX7iFtn4OnJYNLXyKQsnHGg,MELODIFA CLASSIC,2020-08-17T13:00:06Z,10,fa,fa-IR,PT5M43S,hd,False,True,3839913,12909.0,1177.0,public,True,False,343,needs_review,music_category_and_licensed_but_no_release_pattern,trusted_music_platform,trusted,sources_21_40_manual_audit_2026-07-10; confidence=high,trusted_needs_content_review,trusted_source_but_v2_content_ambiguous,likely_release,trusted_music_source_and_music_duration_signal,rule_based_content_review_v1,final_likely_release,accepted_after_trusted_content_review,,,,final_likely_release,accepted_after_trusted_content_review,final_screening_v4,,1_Nc23hVqxbzY,2020-08-17 13:00:06+00:00,2026-07-10 23:59:59+00:00,2153.4582523148147,5.8958473711562345,1783.1378880330583,3.3617949156660583,0.3065173612006314,14086.0,0.0036683122768666,5.716666666666667,15.160960528479784,9.465757483840688,7.071573364211532,7.486690601651472,0.3219525185326661,-1.2852300223917352,-1.1789985184378442,-0.3636166485431628,0.3219525185326661,-1.2852300223917352,-0.3636166485431628,-0.1826784917598085,23.53,low,-0.1826784917598085,23.53,-0.0680409063597971,35.29,-0.1484000334060171,29.41,-0.1484000334060171,29.41,below_median,PI_V2_FINAL_65_25_10,0.65,0.25,0.1,-3.0,3.0,0.5001351061263518,0.299201040212029,2.4322509166666655,0.5000527456896552,0.41428564171172194,0.3219525185326661,-0.5738571469977162,-1.1789985184378442,-0.10915920659227145,-0.36361664854316283,-0.5334715357801145,-1.2852300223917352,1,0,0,0,0,FM_V1
1,همایون شجریان,classic_fusion,7,qhKcG8m70FE,Homayoun Shajarian - Zolf Bar Bad Made ( همایون شجریان - زلف بر باد مده ),UCmBIX3tItWTCmbkcARiyZkg,Homayoun Shajarian,2022-03-14T16:30:06Z,همایون شجریان,pending_review,,Homayoun Shajarian - Zolf Bar Bad Made ( همایون شجریان - زلف بر باد مده ),"Subscribe For More Videos :
https://www.youtube.com/c/HomayounShajarianChannel

Official Music By Homayoun Shajarian Performing "" Zolf Bar Bad Made ""
 شنونده آهنگ "" زلف بر باد مده "" از همایون شجریان باشید

در آستانه بهار دلکش، این قطعه با حمایت پی پاد تقدیم دوستداران می شود.

تصنیف: زلف بر باد مده

آواز : همایون شجریان
آهنگساز : سعید فرجپوری
تنظیم : غلامرضا صادقی
 شعر : حافظ

نوازندگان:
کمانچه: سعید فرجپوری
تار و عود: آزاد میرزاپور
سنتور: مهیار طریحی
دف و دایره: حسین رضایی نیا
تمبک: آئین مشکاتیان
ضبط و میکس: غلامرضا صادقی


متن آهنگ :
زلف بر باد مده تا ندهی بر بادم
ناز بنیاد مکن تا نکنی بنیادم
می مخور با همه کس تا نخورم خون جگر
سر مکش تا نکشد سر به فلک فریادم
زلف را حلقه مکن تا نکنی در بندم
طره را تاب مده تا ندهی بر بادم
شهره شهر مشو تا ننهم سر در کوه
شور شیرین منما تا نکنی فرهادم
رحم کن بر من مسکین و به فریادم رس
تا به خاک در آصف نرسد فریادم

#همایون¬شجریان #پرداختالکترونیکپاسارگاد#پی¬پاد#آرپا#سعیدفرجپوری#رضا صادقی
‏paypod #pepcoir #homayounshajarian #rezasadeghi#saeedfarajpoori #HomayounShajarian
#PersianClassicalMusic
#IranianMusic",UCmBIX3tItWTCmbkcARiyZkg,Homayoun Shajarian,2022-03-14T16:30:06Z,10,fa,fa-IR,PT5M20S,hd,False,True,2005367,11369.0,740.0,public,True,False,320,needs_review,music_category_and_licensed_but_no_release_pattern,official_artist,trusted,top20_manual_audit_2026-07-10; confidence=high,trusted_needs_content_review,trusted_source_but_v2_content_ambiguous,likely_release,trusted_music_source_and_music_duration_signal,rule_based_content_review_v1,final_likely_release,accepted_after_trusted_content_review,,,,final_likely_release,accepted_after_trusted_content_review,final_screening_v4,,1_qhKcG8m70FE,2022-03-14 16:30:06+00:00,2026-07-10 23:59:59+00:00,1579.3124189814814,4.323921749435952,1269.7721970003165,5.669286469758403,0.3690097623028602,12109.0,0.0060382962320612,5.333333333333333,14.511338143028324,9.33873358674458,6.608000625296087,7.147380023811926,0.0,0.0092531024444323,0.0123182760844008,0.0,0.0,0.0092531024444323,0.0,0.002313275611108,41.18,below_median,0.002313275611108,41.18,0.0018506204888864,47.06,0.002313275611108,41.18,0.002313275611108,41.18,below_median,PI_V2_FINAL_65_25_10,0.65,0.25,0.1,-3.0,3.0,0.010072027107068846,-0.24668978141378708,1.9621519999999986,0.23258267241379285,0.13523135689740873,0.0,0.3600106171924767,0.012318276084400826,0.10010868031615304,0.0,0.3700385766028508,0.00925310244443233,1,0,0,0,0,FM_V1
1,همایون شجریان,classic_fusion,15,qgFBMyxJ4eg,Homayoun Shajarian - Yek Nafas Arezouye To ( همایون شجریان - یک نفس آرزوی تو ),UCmBIX3tItWTCmbkcARiyZkg,Homayoun Shajarian,2021-06-28T05:30:08Z,همایون شجریان,pending_review,,Homayoun Shajarian - Yek Nafas Arezouye To ( همایون شجریان - یک نفس آرزوی تو ),"Subscribe For More Videos :
https://www.youtube.com/c/HomayounShajarianChannel

Official Music Video By Homayoun Shajarian Performing "" Yek Nafas Arezouye To ""
 بیننده موزیک ویدیو آهنگ "" یک نفس آرزوی تو "" از همایون شجریان باشید

موزیک ویدیو #یک_نفس_آرزوی_تو 
آواز: همایون شجریان
آهنگ : سعید فرج پوری 
@saeed_farajpoori
تنظیم: غلامرضا صادقی
@rezasadeghi_musician
شعر: کمال جعفری امام زاده
@kamal_jafari_emamzadeh
نوازندگان:
سه تار : همایون شجریان
سنتور: مهیار طریحی
گیتار : نوید زمردی
اجرای سازهای الکترونیک، ضبط، میکس و مسترینگ : غلامرضا صادقی
تدوین : مسعود رفیع زاده
سریال #می_خواهم_زنده_بمانم، به کارگردانی شهرام شاه‌حسینی و تهیه‌کنندگی محمد شایسته.
متن شعر :

ای که همه نگاه من خورده گره به روی تو
تا نرود نفس ز تن پا نکشم‌ز کوی تو
گر چه به شعله می کشی قلب مرا به عشوه ات
بر دو‌جهان نمی دهم یک سر تار موی تو
مستی هر نگاه تو به ز شراب و‌جام می
کی ز سرم برون شود یک نفس آرزوی تو
در قفس خیال تو تکیه زنم به انتظار
تا که تو بشکنی قفس پر بکشم بسوی تو #HomayounShajarian
#PersianClassicalMusic
#IranianMusic",UCmBIX3tItWTCmbkcARiyZkg,Homayoun Shajarian,2021-06-28T05:30:08Z,10,fa,fa-IR,PT4M10S,hd,True,True,6253706,21588.0,1325.0,public,True,False,250,needs_review,music_category_and_licensed_but_no_release_pattern,official_artist,trusted,top20_manual_audit_2026-07-10; confidence=high,trusted_needs_content_review,trusted_source_but_v2_content_ambiguous,likely_release,trusted_music_source_and_music_duration_signal,rule_based_content_review_v1,final_likely_release,accepted_after_trusted_content_review,,,,final_likely_release,accepted_after_trusted_content_review,final_screening_v4,,1_qgFBMyxJ4eg,2021-06-28 05:30:08+00:00,2026-07-10 23:59:59+00:00,1838.7707291666663,5.034279888204426,3401.025424651059,3.4520330824634224,0.2118743669753583,22913.0,0.0036639074494387,4.166666666666667,15.648684965886437,9.97993920469646,7.189922170745808,8.132126246370285,0.9343697107436372,-1.2876359352084588,-1.1324101600007597,-0.9143038962932952,0.9343697107436372,-1.2876359352084588,-0.9143038962932952,0.1015672582000733,52.94,above_median,0.1015672582000733,52.94,0.3051012208495247,70.59,0.1940009385519199,70.59,0.1940009385519199,70.59,above_median,PI_V2_FINAL_65_25_10,0.65,0.25,0.1,-3.0,3.0,0.23153307582406218,0.0,0.5314161666666667,-0.5814566810344826,0.9451019321364935,0.9343697107436373,-0.5373367467725357,-1.1324101600007597,-0.4260895703305715,-0.9143038962932951,-0.5351507902390682,-1.2876359352084588,1,0,0,0,0,FM_V1
1,همایون شجریان,classic_fusion,18,DtHwreZyIh4,Homayoun Shajarian - Khoob Shod (همایون شجریان و سهراب پورناظری - خوب شد),UCjibqVppvIlLK4lbXRsbhhw,Melodifa,2019-01-14T19:09:46Z,همایون شجریان,pending_review,,Homayoun Shajarian - Khoob Shod (همایون شجریان و سهراب پورناظری - خوب شد),"Homayoun Shajarian - Khoob shod  with lyrics on Melodifa
تصنیف خوب شد دردم دوا شد از آلبوم ایران من همایون شجریان را در کانال ملودیفا بشنوید و با لیریک فارسی ببینید.

#Shajarian #Homayoun #Melodifa
https://www.youtube.com/playlist?list=PLCcZ6mYwtCt6_Wb7yE0boEPq31gc5Akid

آواز: همایون شجریان
آهنگساز: سهراب پورناظری
ترانه : اهورا ایمان بر اساس مضمونی از داستان زال و رودابه
آلبوم: ایران من
تاریخ انتشار: شهریور ۹۷

#Homayounshajarian
#Iraneman
#Melodifa

Homayoun Shajarian - hümayun şeceryan sings “khoob shod” . This Persian music is presented here with lyrics. This music is a love song in Persian classic music.

تصنیف خوب شد همایون شجریان یک آهنگ ایرانی عاشقانه است در آواز دشتی که ملودی آن کاملا فضای موسیقی دستگاهی ایرانی را دنبال می کند اما در تنظیم فضایی تلفیقی را می شنویم.


راه امشب میبرد سویت مرا
میکشد در بند گیسویت مرا
گاه لیلا گاه مجنون میکند
گرگ و میشِ چشم آهویت مرا
من تو را بر شانه هایم میکشم
یا تو میخوانی به گیسویت مرا
زخم ها زد راه بر جانم ولی
زخمِ عشق آورده تا کویت مرا
خوب شد دردم دوا شد خوب شد
دل به عشقت به عشقت مبتلا شد خوب شد
خوب شد دردم دوا شد خوب شد
دل به عشقت به عشقت مبتلا شد خوب شد
راه امشب میبرد سویت مرا
میکشد در بند گیسویت مرا
گاه لیلا گاه مجنون میکند
گرگ و میشِ چشم آهویت مرا
من تو را بر شانه هایم میکشم
یا تو میخوانی به گیسویت مرا
زخم ها زد راه بر جانم ولی
زخمِ عشق آورده تا کویت مرا
خوب شد دردم دوا شد خوب شد
دل به عشقت به عشقت مبتلا شد خوب شد
خوب شد دردم دوا شد خوب شد
دل به عشقت به عشقت مبتلا شد خوب شد


Homayoun Shajarian - hümayun şeceryan (Persian: همايون شجريان‎) (born 21 May 1975) is Persian classical music and Persian classical crossover vocalist, and a Tombak player. ""Hava-ye Geryeh"" is one of his most famous songs. He has one daughter, Yasmine Shajarian.

He was born in Tehran in a music-dedicated family. He is the son of Mohammad Reza Shajarian, the grand master vocalist of Persian traditional music.

همایون شجریان (۳۱ اردیبهشت ۱۳۵۴ تهران) خوانندهٔ موسیقی سنتی ایرانی و نوازندهٔ تنبک و کمانچه است. وی پسر محمدرضا شجریان و برادر مژگان شجریان و برادر زن پرویز مشکاتیان است

همایون شجریان در ۳۱ اردیبهشت ۱۳۵۴ در تهران در خانواده‌ای سرشار از موسیقی متولد شد. وی فرزند محمدرضا شجریان است و از کودکی علاقه به موسیقی و ریتم در او نمایان بود تا آن که با تشخیص پدر نزد ناصر فرهنگ‌فر به فراگیری تکنیک و شناخت ریتم که اساس موسیقی است پرداخت و چند سالی هم آموختن را نزد جمشید محبی ادامه داد. از ده‌سالگی به همراه خواهرانش نزد پدر آواز را شروع کرد و در دوران بلوغ روزانه تکنیک آواز و صداسازی را به‌صورت فشرده فراگرفت. در همان زمان به هنرستان موسیقی رفت و کمانچه را به عنوان ساز تخصصی خود انتخاب کرد و در خارج از هنرستان به ادامهٔ فراگیری آن نزد اردشیر کامکار و آشنایی با تار و سنتور به صورت گوشی پرداخت.


آلبوم ایران من به عنوان جدیدترین اثر همایون شجریان و سهراب پورناظری یکی از بهترین آلبومهای موسیقی سنتی در سال ۹۷ بوده و باعث تحسین بسیاری از منتقدین موسیقی سنتی شده است
https://www.youtube.com/watch?v=u2WtwKd5laU",UCjibqVppvIlLK4lbXRsbhhw,Melodifa,2019-01-14T19:09:46Z,22,fa,fa,PT4M30S,hd,True,True,4661135,22279.0,1334.0,public,True,False,270,needs_review,insufficient_evidence,trusted_music_platform,trusted,top20_manual_audit_2026-07-10; confidence=medium_high,trusted_needs_content_review,trusted_source_but_v2_content_ambiguous,likely_release,manual_audit_full_track_licensed_trusted_platform,manual_audit_2026-07-10; confidence=high,final_likely_release,accepted_after_trusted_content_review,,,,final_likely_release,accepted_after_trusted_content_review,final_screening_v4,,1_DtHwreZyIh4,2019-01-14 19:09:46+00:00,2026-07-10 23:59:59+00:00,2734.201539351852,7.485835836692271,1704.7518015460307,4.779737124112475,0.2861963877896692,23613.0,0.0050659335119021,4.5,15.354769753217122,10.01144469404122,7.19668657083435,7.441761231855627,0.2793215936320631,-0.5218505489988094,-0.4469402088035824,-0.4818557322797815,0.2793215936320631,-0.5218505489988094,-0.4818557322797815,-0.0351480409124317,35.29,below_median,-0.0351480409124317,35.29,0.0429694325147041,52.94,0.0029108253831605,47.06,0.0029108253831605,47.06,below_median,PI_V2_FINAL_65_25_10,0.65,0.25,0.1,-3.0,3.0,0.9958294521304589,0.8513646399612079,0.9401978333333327,-0.3488740086206896,0.37733503075415176,0.27932159363206316,0.0,-0.4469402088035824,-0.17720791476525066,-0.4818557322797815,-0.00065572647137307,-0.5218505489988094,1,0,0,0,0,FM_V1
1,همایون شجریان,classic_fusion,20,FgJhzDxnA9o,Homayoun Shajarian - Ba Man Sanama (همایون شجریان - با من صنما - آرایش غلیظ),UCjibqVppvIlLK4lbXRsbhhw,Melodifa,2021-02-10T15:30:03Z,همایون شجریان,pending_review,,Homayoun Shajarian - Ba Man Sanama (همایون شجریان - با من صنما - آرایش غلیظ),"Homayoun Shajarian - Ba Man Sanama  now on melodifa.
همایون شجریان - با من صنما- آرایش غلیظ رو در کانال ملودیفا ببینید و بشنوید


#homayoun #BaManSanama  #melodifa

متن آهنگ با من صنما- آرایش غلیظ همایون شجریان:
با من صنما دل یک دله کن
گر سر ننهم آنگه گله کن
 با من صنما دل یک دله کن  
ای مطرب دل زآن نغمه ی خوش 
این مغز مرا پرمشغله کن
ای مطرب دل زآن نغمه ی خوش
این مغز مرا پرمشغله کن


Homayoun Shajarian (Persian: همايون شجريان‎) (born 21 May 1975) is a Persian classical music and Persian classical crossover vocalist, and a Tombak player. ""Hava-ye Geryeh"" is one of his most famous songs. He has one daughter, Yasmine Shajarian.

He was born in Tehran in a music-dedicated family. He is the son of Mohammad Reza Shajarian, the grand master vocalist of Persian traditional music.

همایون شجریان (۳۱ اردیبهشت ۱۳۵۴ تهران) خوانندهٔ موسیقی سنتی ایرانی و نوازندهٔ تنبک و کمانچه است. وی پسر محمدرضا شجریان و برادر مژگان شجریان و برادر زن پرویز مشکاتیان است

همایون شجریان در ۳۱ اردیبهشت ۱۳۵۴ در تهران در خانواده‌ای سرشار از موسیقی متولد شد. وی فرزند محمدرضا شجریان است و از کودکی علاقه به موسیقی و ریتم در او نمایان بود تا آن که با تشخیص پدر نزد ناصر فرهنگ‌فر به فراگیری تکنیک و شناخت ریتم که اساس موسیقی است پرداخت و چند سالی هم آموختن را نزد جمشید محبی ادامه داد. از ده‌سالگی به همراه خواهرانش نزد پدر آواز را شروع کرد و در دوران بلوغ روزانه تکنیک آواز و صداسازی را به‌صورت فشرده فراگرفت. در همان زمان به هنرستان موسیقی رفت و کمانچه را به عنوان ساز تخصصی خود انتخاب کرد و در خارج از هنرستان به ادامهٔ فراگیری آن نزد اردشیر کامکار و آشنایی با تار و سنتور به صورت گوشی پرداخت.

او از سال ۱۳۷۰ به‌همراه محمدرضا شجریان در کنسرت‌های آمریکا، اروپا و ایران (با تنبک) همراهی کرد و از ۱۳۷۸ به بعد در صحنهٔ کنسرت‌ها به هم‌خوانی با پدرش پرداخت. اولین اثر با حضور او یاد ایام نام دارد که در آن اثر همایون شجریان تنبک نوازی را بر عهده داشته‌است. همایون شجریان کنسرت‌های بسیاری را با بزرگان موسیقی اجرا کرده و آثار زیادی را به همراه آنان در ایران و جهان منتشر کرده‌است که می‌توان به آلبوم کنسرت‌های «بی تو بسر نمی‌شود» و «فریاد» اشاره کرد که هردو اثر در سال‌های ۲۰۰۳ و ۲۰۰۵ نامزد دریافت جایزه گرمی شدند


#ملودیفا
#همایون_شجریان",UCjibqVppvIlLK4lbXRsbhhw,Melodifa,2021-02-10T15:30:03Z,10,fa,fa,PT2M31S,hd,False,True,613547,5406.0,411.0,public,True,False,151,needs_review,music_category_and_licensed_but_no_release_pattern,trusted_music_platform,trusted,top20_manual_audit_2026-07-10; confidence=medium_high,trusted_needs_content_review,trusted_source_but_v2_content_ambiguous,likely_release,trusted_music_source_and_music_duration_signal,rule_based_content_review_v1,final_likely_release,accepted_after_trusted_content_review,,,,final_likely_release,accepted_after_trusted_content_review,final_screening_v4,,1_FgJhzDxnA9o,2021-02-10 15:30:03+00:00,2026-07-10 23:59:59+00:00,1976.3541203703703,5.4109626841077905,310.4438590615637,8.811060929317557,0.6698753314741983,5817.0,0.0094809362607917,2.5166666666666666,13.327013779681346,8.595449689382004,6.021023349349527,5.741219094252801,-1.3342261700661648,1.8896200189838357,1.634360476687872,1.7506085219089351,-1.3342261700661648,1.8896200189838357,1.7506085219089351,-0.0655394190073997,29.41,below_median,-0.0655394190073997,29.41,-0.3809734630586546,23.53,-0.2197811536061547,23.53,-0.2197811536061547,23.53,low,PI_V2_FINAL_65_25_10,0.65,0.25,0.1,-3.0,3.0,0.34896759576780756,0.1308126021401461,-1.4920530833333328,-1.7327409094827586,-1.0212172131130077,-1.3342261700661648,1.6315220491346196,1.6343604766878719,1.1076152058053905,1.7506085219089353,1.682477874951175,1.8896200189838357,1,0,0,0,0,FM_V1
1,همایون شجریان,classic_fusion,21,UAuuh3c4Jyc,Homayoun Shajarian - Gholab  (همایون شجریان و سهراب پورناظری - تصنیف قلاب),UCjibqVppvIlLK4lbXRsbhhw,Melodifa,2019-01-14T18:52:29Z,همایون شجریان,pending_review,,Homayoun Shajarian - Gholab  (همایون شجریان و سهراب پورناظری - تصنیف قلاب),"Homayoun Shajarian - Gholab
تصنیف قلاب از آلبوم ایران من همایون شجریان را در کانال ملودیفا بشنوید و با لیریک فارسی ببینید

#Shajarian #Melodifa #Gholab
https://www.youtube.com/playlist?list=PLCcZ6mYwtCt6_Wb7yE0boEPq31gc5Akid

آواز: همایون شجریان
آهنگساز: سهراب پورناظری
ترانه بر اساس شعری از سعدی
آلبوم: ایران من
تاریخ انتشار: شهریور ۹۷

#Homayounshajarian
#iraneman
#melodifa

Homayoun Shajarian (hümayun şeceryan) sings Gholab, a poem from Saadi on a music created by Sohrab Pournazeri. In this persian music, homayoun presents Gholab, a story of love and distance. The Iranian music is created by persian instruments.

همایون شجریان در این تصنیف که آهنگساز آن سهراب پورناظری است شاهکاری از موسیقی ایرانی را عرضه می کند.
ز اندازه بیرون تشنه ام ساقی بیار آن آب را
اول مرا سیراب کن، وانگه بده اصحاب را
سعدی چو جورش میبری نزدیک او دیگر مرو. 
من میروم ای بی بصر؟ او می کشد قلاب را

Homayoun Shajarian - Gholab 
همایون شجریان - تصنیف قلاب
از آلبوم ایران من همایون شجریان وسهراب پورناظری

او می کشد قلاب را
او می کشد قلاب را
او می کشد قلاب را

ز اندازه بیرون تشنه ام ساقی بیار آن آب را
اول مرا سیراب کن وآن گه بده اصحاب را
من نیز چشم از خواب خوش بر می نکردم پیش از این
روز فراق دوستان شب خوش بگفتم خواب را
من نیز چشم از خواب خوش بر می نکردم پیش از این
روز فراق دوستان شب خوش
شب خوش
شب خوش بگفتم خواب را
مقدار یار همنفس چون من نداند هیچ کس
مقدار یار همنفس چون من نداند هیچ کس
ماهی که بر خشک اوفتد قیمت بداند آب را
سعدی چو جورش می بری نزدیک او دیگر مرو
سعدی چو جورش می بری نزدیک او دیگر مرو
ای بی بصر من می روم؟
ای بی بصر من می روم؟
او می کشد قلاب را
(او می کشد قلاب را)
او می کشد قلاب را
(او می کشد قلاب را)
او می کشد قلاب را
(او می کشد قلاب را)
او می کشد قلاب را

برای مشاهده آلبوم ایران من میتوانید بر لینک زیر کلیک کنید :
https://www.youtube.com/watch?v=u2WtwKd5laU

Homayoun Shajarian (Persian: همايون شجريان‎) (born 21 May 1975) is a Persian classical music and Persian classical crossover vocalist, and a Tombak player. ""Hava-ye Geryeh"" is one of his most famous songs. He has one daughter, Yasmine Shajarian. He was born in Tehran in a music-dedicated family. He is the son of Mohammad Reza Shajarian, the grand master vocalist of Persian traditional music.

همایون شجریان (۳۱ اردیبهشت ۱۳۵۴ تهران) خوانندهٔ موسیقی سنتی ایرانی و نوازندهٔ تنبک و کمانچه است. وی پسر محمدرضا شجریان و برادر مژگان شجریان و برادر زن پرویز مشکاتیان است

همایون شجریان در ۳۱ اردیبهشت ۱۳۵۴ در تهران در خانواده‌ای سرشار از موسیقی متولد شد. وی فرزند محمدرضا شجریان است و از کودکی علاقه به موسیقی و ریتم در او نمایان بود تا آن که با تشخیص پدر نزد ناصر فرهنگ‌فر به فراگیری تکنیک و شناخت ریتم که اساس موسیقی است پرداخت و چند سالی هم آموختن را نزد جمشید محبی ادامه داد. از ده‌سالگی به همراه خواهرانش نزد پدر آواز را شروع کرد و در دوران بلوغ روزانه تکنیک آواز و صداسازی را به‌صورت فشرده فراگرفت. در همان زمان به هنرستان موسیقی رفت و کمانچه را به عنوان ساز تخصصی خود انتخاب کرد و در خارج از هنرستان به ادامهٔ فراگیری آن نزد اردشیر کامکار و آشنایی با تار و سنتور به صورت گوشی پرداخت.

او از سال ۱۳۷۰ به‌همراه محمدرضا شجریان در کنسرت‌های آمریکا، اروپا و ایران (با تنبک) همراهی کرد و از ۱۳۷۸ به بعد در صحنهٔ کنسرت‌ها به هم‌خوانی با پدرش پرداخت. اولین اثر با حضور او یاد ایام نام دارد که در آن اثر همایون شجریان تنبک نوازی را بر عهده داشته‌است. همایون شجریان کنسرت‌های بسیاری را با بزرگان موسیقی اجرا کرده و آثار زیادی را به همراه آنان در ایران و جهان منتشر کرده‌است که می‌توان به آلبوم کنسرت‌های «بی تو بسر نمی‌شود» و «فریاد» اشاره کرد که هردو اثر در سال‌های ۲۰۰۳ و ۲۰۰۵ نامزد دریافت جایزه گرمی شدند

آلبوم ایران من بعنوان جدیدترین اثر همایون شجریان و سهراب پورناظری یکی از بهترین آلبومهای موسیقی سنتی در سال ۹۷ بوده و باعث تحسین بسیاری از منتقدین موسیقی سنتی شده است

حرکت اخیر و تحسین برانگیز همایون شجریان و همخوانی با تکتم، خواننده گروه سرود آوای همدم در موسسه خیریه توانبخشی همدم که ۴۰۰ دختر کم‌توان ذهنی را تحت پوشش داردبار دیگر نشان داد که همایون شجریان در ایران یک خواننده و هنرمند واقعا مردمی محسوب میشود",UCjibqVppvIlLK4lbXRsbhhw,Melodifa,2019-01-14T18:52:29Z,22,fa,fa,PT7M25S,hd,True,True,3157280,20058.0,1528.0,public,True,False,445,needs_review,insufficient_evidence,trusted_music_platform,trusted,top20_manual_audit_2026-07-10; confidence=medium_high,trusted_needs_content_review,trusted_source_but_v2_content_ambiguous,likely_release,manual_audit_full_track_licensed_trusted_platform,manual_audit_2026-07-10; confidence=high,final_likely_release,accepted_after_trusted_content_review,,,,final_likely_release,accepted_after_trusted_content_review,final_screening_v4,,1_UAuuh3c4Jyc,2019-01-14 18:52:29+00:00,2026-07-10 23:59:59+00:00,2734.2135416666665,7.485868697239334,1154.7305840916322,6.352936705011909,0.483960877717529,21586.0,0.0068368975827294,7.416666666666667,14.965221772131526,9.906433209824698,7.332369205929062,7.0524879633256505,-0.09003768186902,0.4454484486810575,0.3652747171999341,0.6688515498869098,-0.09003768186902,0.4454484486810575,0.6688515498869098,0.1576672355318888,64.71,above_median,0.1576672355318888,64.71,0.0929484674165884,58.82,0.1197227739440923,52.94,0.1197227739440923,52.94,above_median,PI_V2_FINAL_65_25_10,0.65,0.25,0.1,-3.0,3.0,0.9958396967251454,0.8513760516150339,4.517037416666665,1.6862243749999999,0.05719065376885484,-0.09003768186902004,0.6366915504561399,0.3652747171999341,0.48504471407876376,0.6688515498869098,0.67448975,0.44544844868105754,1,0,0,0,0,FM_V1
1,همایون شجریان,classic_fusion,22,Cs0uWFNy4Tw,Homayoun Shajarian - Abr Mibarad (همایون شجریان - ابر میبارد),UCX7iFtn4OnJYNLXyKQsnHGg,MELODIFA CLASSIC,2021-03-10T16:00:12Z,همایون شجریان,pending_review,,Homayoun Shajarian - Abr Mibarad (همایون شجریان - ابر میبارد),"Homayoun Shajarian - Abr Mibarad with lyrics now on melodifa.
همایون شجریان - ابر میبارد رو همراه با متن ترانه در کانال ملودیفا ببینید و بشنوید


#homayoun #AbrMibarad  #melodifa

متن آهنگ ابر میبارد همایون شجریان:
ابر می بارد و من میشوم از یار جدا
چون کنم دل به چنین روز ز دلدار جدا
ابر و باران و من و یار ستاده به وداع
من جدا گریه کنان ، ابر جدا ، یار جدا ای
مرا در سر هر موی به زلفت بندی
مرا در سر هر موی به زلفت بندی
چه کنی بند ز بندم همه یکبار جدا
همه یکبار جدا
دیده از بهر تو خونبار شد ، ای مَردمِ چشم
دیده از بهر تو خونبار شد ، ای مَردمِ چشم
مردمی کن ، مشو از




Homayoun Shajarian (Persian: همايون شجريان‎) (born 21 May 1975) is a Persian classical music and Persian classical crossover vocalist, and a Tombak player. ""Hava-ye Geryeh"" is one of his most famous songs. He has one daughter, Yasmine Shajarian.

He was born in Tehran in a music-dedicated family. He is the son of Mohammad Reza Shajarian, the grand master vocalist of Persian traditional music.

همایون شجریان (۳۱ اردیبهشت ۱۳۵۴ تهران) خوانندهٔ موسیقی سنتی ایرانی و نوازندهٔ تنبک و کمانچه است. وی پسر محمدرضا شجریان و برادر مژگان شجریان و برادر زن پرویز مشکاتیان است

همایون شجریان در ۳۱ اردیبهشت ۱۳۵۴ در تهران در خانواده‌ای سرشار از موسیقی متولد شد. وی فرزند محمدرضا شجریان است و از کودکی علاقه به موسیقی و ریتم در او نمایان بود تا آن که با تشخیص پدر نزد ناصر فرهنگ‌فر به فراگیری تکنیک و شناخت ریتم که اساس موسیقی است پرداخت و چند سالی هم آموختن را نزد جمشید محبی ادامه داد. از ده‌سالگی به همراه خواهرانش نزد پدر آواز را شروع کرد و در دوران بلوغ روزانه تکنیک آواز و صداسازی را به‌صورت فشرده فراگرفت. در همان زمان به هنرستان موسیقی رفت و کمانچه را به عنوان ساز تخصصی خود انتخاب کرد و در خارج از هنرستان به ادامهٔ فراگیری آن نزد اردشیر کامکار و آشنایی با تار و سنتور به صورت گوشی پرداخت.

او از سال ۱۳۷۰ به‌همراه محمدرضا شجریان در کنسرت‌های آمریکا، اروپا و ایران (با تنبک) همراهی کرد و از ۱۳۷۸ به بعد در صحنهٔ کنسرت‌ها به هم‌خوانی با پدرش پرداخت. اولین اثر با حضور او یاد ایام نام دارد که در آن اثر همایون شجریان تنبک نوازی را بر عهده داشته‌است. همایون شجریان کنسرت‌های بسیاری را با بزرگان موسیقی اجرا کرده و آثار زیادی را به همراه آنان در ایران و جهان منتشر کرده‌است که می‌توان به آلبوم کنسرت‌های «بی تو بسر نمی‌شود» و «فریاد» اشاره کرد که هردو اثر در سال‌های ۲۰۰۳ و ۲۰۰۵ نامزد دریافت جایزه گرمی شدند


#ملودیفا
#همایون_شجریان",UCX7iFtn4OnJYNLXyKQsnHGg,MELODIFA CLASSIC,2021-03-10T16:00:12Z,10,fa,fa-IR,PT4M2S,hd,False,True,923048,5211.0,347.0,public,True,False,242,needs_review,music_category_and_licensed_but_no_release_pattern,trusted_music_platform,trusted,sources_21_40_manual_audit_2026-07-10; confidence=high,trusted_needs_content_review,trusted_source_but_v2_content_ambiguous,likely_release,trusted_music_source_and_music_duration_signal,rule_based_content_review_v1,final_likely_release,accepted_after_trusted_content_review,,,,final_likely_release,accepted_after_trusted_content_review,final_screening_v4,,1_Cs0uWFNy4Tw,2021-03-10 16:00:12+00:00,2026-07-10 23:59:59+00:00,1948.3331828703704,5.334245538317235,473.7629108385481,5.645426890042555,0.3759284457579671,5558.0,0.0060213553358005,4.033333333333333,13.735437599833196,8.558718938244736,5.8522024797744745,6.162815544348522,-0.9341972650523784,0.0,0.0,0.0402568703699123,-0.9341972650523784,0.0,0.0402568703699123,-0.5544798284759401,17.65,low,-0.5544798284759401,17.65,-0.6499123984996736,17.65,-0.6032025352470548,17.65,-0.6032025352470548,17.65,low,PI_V2_FINAL_65_25_10,0.65,0.25,0.1,-3.0,3.0,0.32505028049525275,0.10417063818859351,0.3679034999999996,-0.67448975,-0.67448975,-0.9341972650523785,0.3503543771407025,0.0,0.12327722947255368,0.04025687036991235,0.36358019065014224,0.0,1,0,0,0,0,FM_V1
2,علیرضا قربانی,classic_fusion,2,pTxdcjGYVuU,Alireza Ghorbani - Parishani | علیرضا قربانی - پریشانی,UCregxQqAisNcggQriK9f3Qw,Alireza Ghorbani,2023-06-07T15:07:32Z,علیرضا قربانی,pending_review,,Alireza Ghorbani - Parishani | علیرضا قربانی - پریشانی,"موزیک ویدیو «پریشانی» با صدای «علیرضا قربانی»

موسیقی: حسام ناصری
ترانه: احمد امیرخلیلی
میکس و مستر: آرش پاکزاد
با حمایت: رایان کارت
کارگردان ویدیو: سینا پاکدل
ناشر: آهنگ اشتیاق و شهر آفتاب
گرافیک: محمد یعقوبخانی
عکس: محمدرضا دهداری 
تهیه کننده: محسن خباز 

این آهنگ برای اولین بار در تور کنسرت های علیرضا قربانی در شهرهای مختلف ایران اجرا شد و بازخورد و استقبال بی نظیر مخاطبان را به دنبال داشت و اکنون برای اولین بار نسخه اصلی اجرای کنسرتی آن منتشر می شود. کنسرت های علیرضا قربانی به زودی در کاخ سعدآباد تهران برگزار می شود.",UCregxQqAisNcggQriK9f3Qw,Alireza Ghorbani,2023-06-07T15:07:32Z,10,fa,fa-IR,PT5M15S,hd,False,False,2349608,10873.0,814.0,public,True,False,315,needs_review,insufficient_evidence,official_artist,trusted,top20_manual_audit_2026-07-10; confidence=high,trusted_needs_content_review,trusted_source_but_v2_content_ambiguous,likely_release,trusted_music_source_and_music_duration_signal,rule_based_content_review_v1,final_likely_release,accepted_after_trusted_content_review,,,,final_likely_release,accepted_after_trusted_content_review,final_screening_v4,,2_pTxdcjGYVuU,2023-06-07 15:07:32+00:00,2026-07-10 23:59:59+00:00,1129.3697569444444,3.092045878013537,2080.4594647168165,4.627580430437758,0.3464407679919374,11687.0,0.0049740211984296,5.25,14.669759489298436,9.294129897705869,6.703188113240863,7.640824592372296,0.4682015002768373,-0.57205297273,-0.5254959999405809,-0.1313193592754235,0.4682015002768373,-0.57205297273,-0.1313193592754235,0.1182097530922888,58.82,above_median,0.1182097530922888,58.82,0.2001985197202437,64.71,0.1481857960699019,58.82,0.1481857960699019,58.82,above_median,PI_V2_FINAL_65_25_10,0.65,0.25,0.1,-3.0,3.0,-0.3739772397139386,-0.67448975,1.8599565833333322,0.1744370043103448,0.541047827612437,0.4682015002768373,-0.06157952391053173,-0.5254959999405809,0.024532039543958068,-0.1313193592754235,-0.035695501526768904,-0.57205297273,1,0,0,0,0,FM_V1
2,علیرضا قربانی,classic_fusion,3,KSZvwbbFa5g,Alireza Ghorbani - Parvaze Ghooha علیرضا قربانی - آهنگ پرواز قوها تیتراژ سریال تاسیان,UCregxQqAisNcggQriK9f3Qw,Alireza Ghorbani,2025-03-24T11:40:51Z,علیرضا قربانی,pending_review,,Alireza Ghorbani - Parvaze Ghooha علیرضا قربانی - آهنگ پرواز قوها تیتراژ سریال تاسیان,"آهنگ پرواز قوها تیتراژ سریال تاسیان با صدای علیرضا قربانی منتشر شد 

علیرضا قربانی تیتراژ سریال تاسیان را اجرا کرد. آهنگ پرواز قوها با صدای علیرضا قربانی تیتراژ سریال تاسیان به کارگردانی تینا پاکروان است که هر هفته پخش می شود.
آهنگ پرواز قوها با صدای علیرضا قربانی و آهنگسازی علیرضا افکاری و شعر حسین غیاثی تولید شده است.

آهنگ پرواز قوها
خواننده: علیرضا قربانی
آهنگساز: علیرضا افکاری
شاعر: حسین غیاثی
تیتراژ سریال تاسیان
پخش از فیلیمو

Alireza Ghorbani
Parvaze Ghooha
Music: Alireza Afkari
Lyrics: Hossein Ghiasi

متن شعر آهنگ پرواز قوها تیتراژ سریال تاسیان با صدای علیرضا قربانی:

من اون شهر دورم که دریا نداره
که بی تو غروبم  تماشا نداره

من اون شهر دورم پر از جای خالی
پر از آرزوی یه جشن خیالی

چه قدر فکر کردم به دلبستگی هام 
به یه خواب راحت واسه خستگی هام

با یه بالشِ پَر ، پُر از آرزوها
چقدر فکر کردم به پرواز قوها

خدا رو چه دیدی، شاید پر گرفتیم
شاید خنده هامونو از سر گرفتیم

نگو چی گذشت و نگو چی کشیدیم
شاید شب تموم شد، خدارو چه دیدی

خدا رو چه دیدی، شاید جون گرفتم
شاید دستتو زیر بارون گرفتم 
 
تو شاید دوباره به دادم رسیدی 
شاید خنده برگشت، خدا رو چه دیدی

من اون شهر دورم که بغضش شکسته
که دلتنگی، راه نفس هاشو بسته 

خیابون خیابون، پر از انتظارم 
تو نیستیو راهی به جایی ندارم 

چقدر غم شمردیم،چقدر دل سپردیم 
پریدیم و هر بار به دیوار خوردیم

خوشی دورمون زد، بلا دورمون گشت 
غمامو بغل کن، شاید خنده برگشت

خدا رو چه دیدی، شاید پر گرفتیم
شاید خنده هامونو از سر گرفتیم

نگو چی گذشت و نگو چی کشیدیم
شاید شب تموم شد، خدارو چه دیدی

خدا رو چه دیدی، شاید جون گرفتم
شاید دستتو زیر بارون گرفتم
 
تو شاید دوباره به دادم رسیدی 
شاید خنده برگشت، خدا رو چه دیدی",UCregxQqAisNcggQriK9f3Qw,Alireza Ghorbani,2025-03-24T11:40:51Z,10,fa,fa-IR,PT3M31S,hd,False,False,2001796,7719.0,640.0,public,True,False,211,needs_review,insufficient_evidence,official_artist,trusted,top20_manual_audit_2026-07-10; confidence=high,trusted_needs_content_review,trusted_source_but_v2_content_ambiguous,likely_release,trusted_music_source_and_music_duration_signal,rule_based_content_review_v1,final_likely_release,accepted_after_trusted_content_review,,,,final_likely_release,accepted_after_trusted_content_review,final_screening_v4,,2_KSZvwbbFa5g,2025-03-24 11:40:51+00:00,2026-07-10 23:59:59+00:00,473.51328703703706,1.2964087256318606,4227.539236598918,3.8560372785238854,0.3197128978177596,8359.0,0.0041757501763416,3.5166666666666666,14.50955583511472,8.951569643018821,6.46302945692067,8.349611878261388,1.1407294634452465,-1.0080678937904202,-0.9238299886147776,-0.2868374447388525,1.1407294634452465,-1.0080678937904202,-0.2868374447388525,0.3893950879087149,82.35,high,0.3893950879087149,82.35,0.5682133011797033,88.24,0.46077343331792,88.24,0.46077343331792,88.24,high,PI_V2_FINAL_65_25_10,0.65,0.25,0.1,-3.0,3.0,-0.9337845610899682,-1.2980700434382733,-0.26570808333333334,-1.0349928922413794,1.1239654908595582,1.1407294634452465,-0.3738317083123421,-0.9238299886147776,-0.06497140110257857,-0.2868374447388525,-0.34002074360190854,-1.0080678937904202,1,0,0,0,1,FM_V1
2,علیرضا قربانی,classic_fusion,7,u5g5JeGq3kM,Mara Bebakhsh | مرا ببخش,UCregxQqAisNcggQriK9f3Qw,Alireza Ghorbani,2023-08-23T17:17:37Z,علیرضا قربانی,pending_review,,Mara Bebakhsh | مرا ببخش,"مرا ببخش، تقدیم به شما عزیزان
نسخه‌های بی‌کیفیتی از این قطعه پیش از این در شبکه‌های اجتماعی دست به دست شده بود. بنابر این تصمیم گرفتیم تا برای احترام به شما عزیزان نسخه اصلی و باکیفیت را نهایی و همراه با ویدیو کلیپ آن خدمتتان تقدیم کنیم. امیدواریم این قطعه عاشقانه در این روزهای پرتلاطم کمی آرامش برایتان به ارمغان داشته باشد.
این قطعه و ویدیو هم اکنون در تمام پلت‌فرم‌های معتبر موسیقی در دسترس است.

مرا ببخش
خواننده: علیرضا قربانی 
آهنگساز: حسام ناصری
شاعر: حسین غیاثی
کارگردان: وحید امینی
بازیگران: 
محسن کیایی
سارا توکلی
گیتار : نوید زمردی
ویلنسل : مسعود فیروزی
خواننده سوپرانو : نگین گودرزی
پیانو : حسام ناصری

میکس و مسترینگ : آرش پاکزاد

طراحی کاور: محمد یعقوب خانی
تهیه کننده: محسن خباز

حامی مالی: مگاگشت

#alirezaghorbani",UCregxQqAisNcggQriK9f3Qw,Alireza Ghorbani,2023-08-23T17:17:37Z,10,fa,fa-IR,PT6M19S,hd,False,False,2941830,13066.0,1015.0,public,True,False,379,needs_review,insufficient_evidence,official_artist,trusted,top20_manual_audit_2026-07-10; confidence=high,trusted_needs_content_review,trusted_source_but_v2_content_ambiguous,likely_release,trusted_music_source_and_music_duration_signal,rule_based_content_review_v1,final_likely_release,accepted_after_trusted_content_review,,,,final_likely_release,accepted_after_trusted_content_review,final_screening_v4,,2_u5g5JeGq3kM,2023-08-23 17:17:37+00:00,2026-07-10 23:59:59+00:00,1052.2794212962965,2.880984041878977,2795.6737920199735,4.441453109119154,0.345023335814782,14081.0,0.0047864764449339,6.316666666666666,14.89454273457785,9.477845246989146,6.923628628138427,7.936186058592033,0.7484532051674303,-0.67448975,-0.6215902211363383,-0.1395667930226299,0.7484532051674303,-0.67448975,-0.1395667930226299,0.2595144666470637,70.59,above_median,0.2595144666470637,70.59,0.3750626143149381,82.35,0.3039154665565667,82.35,0.3039154665565667,82.35,high,PI_V2_FINAL_65_25_10,0.65,0.25,0.1,-3.0,3.0,-0.4397778169488655,-0.7477862963183033,3.168057916666665,0.9187015560344824,0.7839576810053108,0.7484532051674303,-0.1369073426001592,-0.6215902211363383,0.019785493862922644,-0.13956679302262998,-0.1071932772548844,-0.67448975,1,0,0,0,1,FM_V1
2,علیرضا قربانی,classic_fusion,12,n_ZKTif5tTY,Chera Chera ( Nadan Nadan ) - Alim Qasimov &amp; Alireza Ghorbani,UCregxQqAisNcggQriK9f3Qw,Alireza Ghorbani,2022-02-14T15:25:18Z,علیرضا قربانی,pending_review,,Chera Chera ( Nadan Nadan ) - Alim Qasimov & Alireza Ghorbani,"18th International Mystic Music Festival 
30 September 2021 - Konya, Turkey

Poem : Molana Jalaledin ( Mevlana - Rumi )

Azerbaijan Singer : Alim Qasimov
Iranian Singer : Alireza Ghorbani

Musicians
Hesam Naseri : Moshtagh & Composer
Rauf Islamov : Kamanche
Saman Samimi : Kamanche
Milad Mohammadi : Tar
Pouya Saraei : Santour
Dara Daraee : Bass Guitar 
Zakariya Yousefi : Saf & Bendir
Shayan Riyahi : Percussion 

Arash Pakzad : Audio Mix & Mastering

Publisher : AERECORDS.NET

علیرضا قربانی در ادامه تور جهانی کنسرت‌هایش این بار در دبی روی صحنه می‌رود

سالن باشکوه اپرا دبی - هجدهم خرداد (هفتم جون)

خرید بلیت از سایت:

www.dubaiopera.com

@alireza_ghorbani",UCregxQqAisNcggQriK9f3Qw,Alireza Ghorbani,2022-02-14T15:25:18Z,10,fa,fa-IR,PT5M27S,hd,False,True,3051824,32092.0,2989.0,public,True,False,327,needs_review,music_category_and_licensed_but_no_release_pattern,official_artist,trusted,top20_manual_audit_2026-07-10; confidence=high,trusted_needs_content_review,trusted_source_but_v2_content_ambiguous,likely_release,trusted_music_source_and_music_duration_signal,rule_based_content_review_v1,final_likely_release,accepted_after_trusted_content_review,,,,final_likely_release,accepted_after_trusted_content_review,final_screening_v4,,2_n_ZKTif5tTY,2022-02-14 15:25:18+00:00,2026-07-10 23:59:59+00:00,1607.3574189814815,4.4007047747610715,1898.6592303370956,10.515678492599834,0.9794142781497228,35081.0,0.0114950927707495,5.45,14.931250330292974,10.376393216801882,8.003028666384733,7.549429796614797,0.3814821741000391,2.989750510249207,2.5144241665307394,3.5516837310309732,0.3814821741000391,2.989750510249207,3.0,1.426326932022325,100.0,top_performer,1.426326932022325,100.0,1.1649876239198689,100.0,1.295401040727327,100.0,1.295401040727327,100.0,top_performer,PI_V2_FINAL_65_25_10,0.65,0.25,0.1,-3.0,3.0,0.0340098809643422,-0.22002493913214383,2.1052255833333327,0.31398660775862075,0.4658833292692124,0.3814821741000391,2.32139993397391,2.5144241665307394,2.144166212713912,3.5516837310309732,2.450335720857743,2.989750510249207,1,0,0,1,1,FM_V1
2,علیرضا قربانی,classic_fusion,14,EZijFtVqz_4,Alireza Ghorbani - Savushun علیرضا قربانی - تیتراژ سریال سو و شون,UCregxQqAisNcggQriK9f3Qw,Alireza Ghorbani,2025-07-25T04:49:03Z,علیرضا قربانی,pending_review,,Alireza Ghorbani - Savushun علیرضا قربانی - تیتراژ سریال سو و شون,"آهنگ تیتراژ سریال سو و شون با صدای علیرضا قربانی

Alireza Ghorbani - Savushushun

Music: Alireza Afkari

آهنگ تیتراژ سریال سو و شون با صدای علیرضا قربانی و آهنگسازی علیرضا افکاری و شعر محمد سلمانی منتشر شد

ناشر: آهنگ اشتیاق و شهرآفتاب
پخش سریال: نماوا
گرافیک و موشن ویدیو: محمد یعقوبخانی

آهنگ سووشون با صدای علیرضا قربانی هر هفته در قالب تیتراژ سریالی به همین نام شنیده خواهد شد. آهنگ جدید علیرضا قربانی به نام سووشون تازه ترین اثر این خواننده سرشناس است.

متن ترانه آهنگ سووشون با صدای علیرضا قربانی:

مرا به سنگ ببند و به آب‌ها بسپار
هوایی ام کن و دستِ حباب‌ها بسپار
مرا به دردِ زمین خوردن آفریده خدا
ببر، مرا به بزرگِ شهاب‌ها بسپار

کلاغ‌ها پیِ تسخیرِ آشیانِ من‌اند
مرا به قلعه‌ی امنِ عقاب‌ها بسپار
کسی بپرسد اگر ""حصر"" و ""قصر"" یعنی چه؟
بگیر عکسِ مرا و به قاب‌ها بسپار

من آن کبوترِ صلحم، مرا ز سر وا کن
به دستِ تلخ‌ترین انتخاب‌ها بسپار
مرا که آتشِ سودابه‌ها حریفم نیست
به شرطِ صلح، به افراسیاب‌ها بسپار

شراب، رمزِ شبِ چهره‌ ارغوانی‌هاست
بگو شراب و به عالی‌جناب‌ها بسپار
پُر از بهانه‌ام امشب، بگیر گوش مرا
به لالای دل‌انگیزِ خواب‌ها بسپار

من آن کبوترِ صلحم، مرا ز سر وا کن
ولی به دستِ تلخ‌ترین انتخاب‌ها بسپار
مرا که آتشِ سودابه‌ها حریفم نیست
به شرطِ صلح، به افراسیاب‌ها بسپار",UCregxQqAisNcggQriK9f3Qw,Alireza Ghorbani,2025-07-25T04:49:03Z,10,fa,fa-IR,PT4M34S,hd,False,False,218630,1320.0,173.0,public,True,False,274,needs_review,insufficient_evidence,official_artist,trusted,top20_manual_audit_2026-07-10; confidence=high,trusted_needs_content_review,trusted_source_but_v2_content_ambiguous,likely_release,trusted_music_source_and_music_duration_signal,rule_based_content_review_v1,final_likely_release,accepted_after_trusted_content_review,,,,final_likely_release,accepted_after_trusted_content_review,final_screening_v4,,2_EZijFtVqz_4,2025-07-25 04:49:03+00:00,2026-07-10 23:59:59+00:00,350.79925925925926,0.9604360280883212,623.2339271800481,6.037597767918401,0.791291222613548,1493.0,0.0068288889905319,4.566666666666666,12.295140656198177,7.186144304522325,5.159055299214529,6.436525181419599,-0.67448975,0.4410741627578827,0.2024708399506152,2.4570758465321405,-0.67448975,0.4410741627578827,2.4570758465321405,0.0741360676692917,47.06,below_median,0.0741360676692917,47.06,-0.1382204077952094,29.41,-0.0824422121573152,35.29,-0.0824422121573152,35.29,below_median,PI_V2_FINAL_65_25_10,0.65,0.25,0.1,-3.0,3.0,-1.0385273124959886,-1.4147450370713501,1.0219541666666658,-0.3023574741379312,-0.44938669690339644,-0.67448975,0.5090703387453728,0.2024708399506152,1.5141997909339144,2.4570758465321405,0.6714366305809708,0.4410741627578827,1,0,0,0,0,FM_V1
2,علیرضا قربانی,classic_fusion,16,VLiQGtaeM0Q,Alireza Ghorbani - Roozhaye Bi Gharar Clip کلیپ  آهنگ روزهای بی قرار با صدای علیرضا قربانی,UCregxQqAisNcggQriK9f3Qw,Alireza Ghorbani,2025-04-16T09:20:27Z,علیرضا قربانی,pending_review,,Alireza Ghorbani - Roozhaye Bi Gharar Clip کلیپ  آهنگ روزهای بی قرار با صدای علیرضا قربانی,"کلیپ آهنگ روزهای بی قرار با صدای علیرضا قربانی

Alireza Ghorbani - Roozhaye Bi Gharar

آهنگ روزهای بی قرار با صدای علیرضا قربانی یکی از آهنگ های محبوب علیرضا قربانی است که چندی پیش منتشر شده بود. 

روزهای بی قرار 
علیرضا قربانی
موسیقی: حسام ناصری
شاعر: حسین غیاثی

متن ترانه روزهای بی قرار با صدای علیرضا قربانی:

ای داغ از قلب پریشانم چه میخواهی ای جای زخم کهنه از جانم چه میخواهی
دریاچه ای خشکیده در آغوش خود دارم باران سرخ از ابر چشمانم چه میخواهی
ای وای از این ای وای از این از دست دادن ها ای مرگ از جان رفیقانم چه میخواهی
آرامشم کو خنده ام کو اعتمادم کو بی هیچم و دیگر نمیدانم چه میخواهی
ما ما وارثان دردهای بی شماریم ما گریه های چشم های انتظاریم
ما ما سرزمینی دور و تنها در غباریم ما چیزی به غیر از غم به غیر از هم نداریم
ما حسرت یک خنده ی دنباله داریم ما خسته از این روزهای بی قراریم
دنیا بگو غم بیشتر از این نخواهد ماند دنیای بی رویای ما غمگین نخواهد ماند
چیزی بگو آرام کن آشفتگی ها را در سینه ها این بغض سر‌سنگین نخواهد ماند
ای چرخ بازیگر بگو بالانشینان را جای من و ما تا ابد پایین نخواهد ماند
فریاد این غم خانه خاموشی نخواهد داشت فرهاد این افسانه بی شیرین نخواهد ماند
فرهاد این افسانه بی شیرین نخواهد ماند ...
ما ما وارثان دردهای بی شماریم ما گریه های چشم های انتظاریم
ما ما سرزمینی دور و تنها در غباریم ما چیزی به غیر از غم به غیر از هم نداریم
ما حسرت یک خنده ی دنباله داریم ما خسته از این روزهای بی قراریم",UCregxQqAisNcggQriK9f3Qw,Alireza Ghorbani,2025-04-16T09:20:27Z,10,fa,fa-IR,PT5M,hd,False,False,141517,1981.0,182.0,public,True,False,300,needs_review,insufficient_evidence,official_artist,trusted,top20_manual_audit_2026-07-10; confidence=high,trusted_needs_content_review,trusted_source_but_v2_content_ambiguous,likely_release,trusted_music_source_and_music_duration_signal,rule_based_content_review_v1,final_likely_release,accepted_after_trusted_content_review,,,,final_likely_release,accepted_after_trusted_content_review,final_screening_v4,,2_VLiQGtaeM0Q,2025-04-16 09:20:27+00:00,2026-07-10 23:59:59+00:00,450.610787037037,1.2337050979795674,314.0559526560297,13.998318223252332,1.286064571747564,2163.0,0.0152843827949998,5.0,11.860182196455682,7.591861714889934,5.209486152841421,5.7527502505312,-1.3232849113849228,5.0594573455004515,4.3124490360209915,5.335951099001367,-1.3232849113849228,3.0,3.0,0.4060290531690463,88.24,high,0.4060290531690463,88.24,-0.0262994379694457,41.18,0.1898648075998001,64.71,0.1898648075998001,64.71,above_median,PI_V2_FINAL_65_25_10,0.65,0.25,0.1,-3.0,3.0,-0.9533330259844668,-1.3198454597461835,1.5533703333333324,0.0,-1.0117338112431367,-1.3232849113849228,3.7308633718687854,4.3124490360209915,3.1710440063210377,5.335951099001367,3.8949285621543916,5.0594573455004515,1,0,0,0,0,FM_V1
2,علیرضا قربانی,classic_fusion,17,8_fXOF1v0iQ,Alireza Ghorbani - Khiale Khosh | علیرضا قربانی - موزیک ویدیو خیال خوش,UCyGYNC7IQWWmyb_4h8OxElg,Raharecords - رهارکورد,2020-07-19T15:36:35Z,علیرضا قربانی,pending_review,,Alireza Ghorbani - Khiale Khosh | علیرضا قربانی - موزیک ویدیو خیال خوش,"Subscribe for more videos: https://www.youtube.com/Raharecords?sub_confirmation=1

 Alireza Ghorbani - Khiale Khosh | علیرضا قربانی - موزیک ویدیو خیال خوش

Alireza Afkari - Avay-e Maad 

موسیقی: علیرضا افکاری
شعر: حسین غیاثی
(ضبط: استودیو تم( مازیار مرتاضیه
کمانچه: شروین مهاجر
تار: میلاد محمدی
میکس و مستر: آرش پاکزاد
تدوین ویدیو: محمد واحد
مشاور رسانه: وحید لشکری

متن  آهنگ خیال خوش علیرضا قربانی

تو آه منی اشتباه منی چگونه هنوز از تو میگویم
تو همسفر نیمه راه منی چگونه هنوز از تو میگویم

پناه منی تکیه گاه منی که زمزمه ات مانده در گوشم
گناه منی بی گناه منی که بار غمت مانده بر دوشم

بهانه ی من بغض خانه ی من گرفته دلم گریه میخواهم
خیال خوش عاشقانه ی من همیشه تویی آخرین راهم

بهانه ی من بغض خانه ی من گرفته دلم گریه میخواهم
خیال خوش عاشقانه ی من همیشه تویی آخرین راهم

صدای توام پا به پای توام تو میبری ام رو به خاموشی
غریبه ترین آشنای توام که میکُشدم این فراموشی

تمام منی نا تمام منی چه بغضی بدی در گلو دارم
بیا و بگو فکر حال منی ببین که هنوز آرزو دارم

بهانه ی من بغض خانه ی من گرفته دلم گریه میخواهم
خیال خوش عاشقانه ی من همیشه تویی آخرین راهم

بهانه ی من بغض خانه ی من گرفته دلم گریه میخواهم
خیال خوش عاشقانه ی من همیشه تویی آخرین راهم .
We have fully licensed this video and have the right to publish it on YouTube.",UCyGYNC7IQWWmyb_4h8OxElg,Raharecords - رهارکورد,2020-07-19T15:36:35Z,10,fa,fa,PT3M33S,hd,False,True,1191761,4606.0,205.0,public,True,False,213,needs_review,music_category_and_licensed_but_no_release_pattern,label_or_distributor,trusted,sources_41_60_manual_audit_2026-07-10; confidence=high,trusted_needs_content_review,trusted_source_but_v2_content_ambiguous,likely_release,trusted_music_source_and_music_duration_signal,rule_based_content_review_v1,final_likely_release,accepted_after_trusted_content_review,,,,final_likely_release,accepted_after_trusted_content_review,final_screening_v4,,2_8_fXOF1v0iQ,2020-07-19 15:36:35+00:00,2026-07-10 23:59:59+00:00,2182.349583333333,5.97494752452658,546.0907863256708,3.864868878911124,0.1720143552272645,4811.0,0.0040368832341383,3.55,13.990943442242306,8.435332164935916,5.327876168789581,6.3046147599951805,-0.7996520501814569,-1.0839168939010608,-0.9192703906196444,-1.1462323168227482,-0.7996520501814569,-1.0839168939010608,-1.1462323168227482,-0.9227053011075516,5.88,low,-0.9227053011075516,5.88,-0.8911630455895068,5.88,-0.905376287775487,5.88,-0.905376287775487,5.88,low,PI_V2_FINAL_65_25_10,0.65,0.25,0.1,-3.0,3.0,0.5247953471555338,0.3266705636534819,-0.22482991666666685,-1.0117346249999999,-0.5578718745377719,-0.7996520501814569,-0.37025746038357954,-0.9192703906196443,-0.5595685259082772,-1.1462323168227482,-0.3929610541391925,-1.0839168939010608,1,0,0,0,0,FM_V1
2,علیرضا قربانی,classic_fusion,19,hQCnAVXjHWE,Alireza Ghorbani - Gisooye Baran علیرضا قربانی - گیسوی باران,UCregxQqAisNcggQriK9f3Qw,Alireza Ghorbani,2025-10-30T08:20:00Z,علیرضا قربانی,pending_review,,Alireza Ghorbani - Gisooye Baran علیرضا قربانی - گیسوی باران,"آهنگ گیسوی باران با صدای علیرضا قربانی

Alireza Ghorbani - Gisooye Baran

آهنگ جدید علیرضا قربانی به نام گیسوی باران منتشر شد. علیرضا قربانی آهنگ گیسوی باران را برای دانلود و شنیدن در تمامی پلتفرم های معتبر موسیقی ایران و جهان منتشر کرده است. 

گیسوی باران
علیرضا قربانی
آهنگساز: علیرضا فکاری
تنظیم: حسام ناصری
شاعر: امیرعلی سلیمانی
میکس و مستر: آرش پاکزاد
دستیار آهنگساز: محمد رجبیان
ناشر: آهنگ اشتیاق و شهرآفتاب
گرافیک: محمد یعقوبخانی
مدیر تبلیغات: وحید لشکری

Gisooye Baran
Alireza Ghorbani
Music: Alireza Afkari
Arrangement: Hesam Naseri
Lyrics: Ahange Eshtiagh & Shahre Aftab
Graphic: Mohammad Yaghoubkhani

متن ترانه گیسوی باران با صدای علیرضا قربانی:

تویی تنها ولی زیبا
منم تنها ولی عاشق
در این باران تاریکی تویی تنها شب روشن 
تو تنها چاره ام بودی میان بی قراری ها
تو تنها دلخوشی بودی برای زندگی کردن

کنار تو جهان کوچکم لبریز زیباییست
بدون تو ولی مانند هر پاییز غمگینم، غمگینم
نپرس اینکه چرا دور از تو من هر روز می میرم
برای امتحان دوری تو مرگ، تمرین است، تمرین است

شباهت های ما باران که می بارد تماشاییست
که تو گیسوی تر داری و من چشمان تر دارم 
فراموشم نکن حتی اگر دوری یا نزدیکی
من از دلتنگی فردای تو امشب خبر دارم 

کنار تو جهان کوچکم لبریز زیباییست
بدون تو ولی مانند هر پاییز غمگینم، غمگینم
نپرس اینکه چرا دور از تو من هر روز می میرم
برای امتحان دوری تو مرگ، تمرین است، تمرین است",UCregxQqAisNcggQriK9f3Qw,Alireza Ghorbani,2025-10-30T08:20:00Z,10,fa,fa-IR,PT3M35S,hd,False,False,314519,2760.0,391.0,public,True,False,215,needs_review,insufficient_evidence,official_artist,trusted,top20_manual_audit_2026-07-10; confidence=high,trusted_needs_content_review,trusted_source_but_v2_content_ambiguous,likely_release,trusted_music_source_and_music_duration_signal,rule_based_content_review_v1,final_likely_release,accepted_after_trusted_content_review,,,,final_likely_release,accepted_after_trusted_content_review,final_screening_v4,,2_hQCnAVXjHWE,2025-10-30 08:20:00+00:00,2026-07-10 23:59:59+00:00,253.6527662037037,0.6944634256090451,1239.958880430327,8.775304512604961,1.243168139285703,3151.0,0.0100184726518906,3.5833333333333335,12.658802946105451,7.923348211930154,5.971261839790462,7.123639650433519,-0.0225258907304039,2.183221916894459,1.6159000755366275,5.086355040422594,-0.0225258907304039,2.183221916894459,3.0,0.9822899447853723,94.12,top_performer,0.9822899447853723,94.12,0.7208762598676092,94.12,0.8311636502488523,94.12,0.8311636502488523,94.12,top_performer,PI_V2_FINAL_65_25_10,0.65,0.25,0.1,-3.0,3.0,-1.1214468544289717,-1.5071107320451833,-0.1839517499999998,-0.9884763577586204,0.11570690541547243,-0.022525890730403928,1.6170510254502104,1.6159000755366277,3.0273970089442086,5.086355040422594,1.8874031294311453,2.183221916894459,1,0,0,1,1,FM_V1
2,علیرضا قربانی,classic_fusion,24,shjoCUSf3og,The Strange Times,UC_xcDPW-ARj59n1qhYaLOqQ,Alireza Ghorbani - Topic,2020-08-09T10:06:53Z,علیرضا قربانی,pending_review,,The Strange Times,"Provided to YouTube by CDBaby

The Strange Times · Alireza Ghorbani · Hesam Naseri

Sing With Me

℗ 2020 Aerecords

Released on: 2020-08-10

Auto-generated by YouTube.",UC_xcDPW-ARj59n1qhYaLOqQ,Alireza Ghorbani - Topic,2020-08-09T10:06:53Z,10,en,,PT6M32S,hd,False,True,984469,6508.0,188.0,public,True,False,392,needs_review,music_category_and_licensed_but_no_release_pattern,topic,trusted,sources_21_40_manual_audit_2026-07-10; confidence=high,trusted_needs_content_review,trusted_source_but_v2_content_ambiguous,likely_release,topic_or_vevo_music_duration_signal,rule_based_content_review_v1,final_likely_release,accepted_after_trusted_content_review,,,,final_likely_release,accepted_after_trusted_content_review,final_screening_v4,,2_shjoCUSf3og,2020-08-09 10:06:53+00:00,2026-07-10 23:59:59+00:00,2161.5785416666668,5.918079511749943,455.4398468634563,6.610670320751593,0.1909658912571142,6696.0,0.0068016362120087,6.533333333333333,13.799858704276051,8.780941113572387,5.241747015059643,6.123456921064399,-0.9715424252680852,0.4261887194088439,0.4983379929458789,-1.0359614055699369,-0.9715424252680852,0.4261887194088439,-1.0359614055699369,-0.6317724861441307,11.76,low,-0.6317724861441307,11.76,-0.6984380943628846,11.76,-0.6285515371290382,11.76,-0.6285515371290382,11.76,low,PI_V2_FINAL_65_25_10,0.65,0.25,0.1,-3.0,3.0,0.5070661918736654,0.30692171180584055,3.433765999999998,1.0698802931034481,-0.7068588925765709,-0.9715424252680852,0.7409992412299632,0.49833799294587894,-0.4961056435628256,-1.0359614055699369,0.6610470408403842,0.4261887194088439,1,0,0,0,0,FM_V1
3,محسن چاووشی,pop,2,H_GGwkKa6mM,Mohsen Chavoshi - Ya Mola [ Lyric Video ] ( محسن چاوشی - یامولا ),UCO7rnnjVkPeDutLWuROEzKw,MohsenChavoshiVEVO,2026-01-04T13:30:16Z,محسن چاووشی,pending_review,,Mohsen Chavoshi - Ya Mola [ Lyric Video ] ( محسن چاوشی - یامولا ),"Powered by: https://ng-network.com

Please take a moment and subscribe to NG Network official channel: https://bit.ly/NGNetworkMusic

Mohsen Chavoshi best songs:
https://bit.ly/MohsenChavoshiSongs

Best Persian Hits:
https://bit.ly/BestPersianHits

Get Connected With “Mohsen Chavoshi”

Audio Available on:
YouTube Music: https://bit.ly/Chavoshi_YouTubeMusic
Spotify: https://bit.ly/Chavoshi_Spotify
Apple Music: https://bit.ly/Chavoshi_AppleMusic

FOLLOW  NG Network👇
https://www.instagram.com/ng.networkco/

Please take a moment and share this video with your friends. Thank you",UCO7rnnjVkPeDutLWuROEzKw,MohsenChavoshiVEVO,2026-01-04T13:30:16Z,10,en,,PT3M50S,hd,False,True,597009,5537.0,1321.0,public,True,False,230,likely_release,release_title_pattern | music_category | licensed_content,vevo,trusted,top20_manual_audit_2026-07-10; confidence=high,likely_release,v2_release_signal_and_trusted_source,,,,final_likely_release,accepted_from_v3_likely_release,,,,final_likely_release,accepted_from_v3_likely_release,final_screening_v4,,3_H_GGwkKa6mM,2026-01-04 13:30:16+00:00,2026-07-10 23:59:59+00:00,187.43730324074073,0.5131753682155804,3185.113046751497,9.274567050077971,2.2126969610173384,6858.0,0.0114872640110953,3.8333333333333335,13.299689142653213,8.619388703730907,7.186901020411631,8.066556972185612,0.8990962313127479,2.3530998655364868,1.7854209147081488,7.969991206903135,0.8990962313127479,2.3530998655364868,3.0,1.5777327051717702,97.37,top_performer,1.5777327051717702,97.37,1.3999873350262209,97.37,1.4726875167374078,97.37,1.4726875167374078,97.37,top_performer,PI_V2_FINAL_65_25_10,0.65,0.25,0.1,-3.0,3.0,-1.177965166980197,-0.8389325289588397,0.12263450000000006,0.12792046982758637,0.8911767435087163,0.8990962313127479,1.8191081852205049,1.7854209147081488,6.274051710028461,7.969991206903135,2.4473511590848744,2.3530998655364868,0,1,0,1,1,FM_V1
3,محسن چاووشی,pop,3,JxwGTSxGCUM,Hasbi Allah,UCw5LO6ba1yNC3cps4Zu_1Hg,Mohsen Chavoshi - Topic,2026-03-14T11:43:26Z,محسن چاووشی,pending_review,,Hasbi Allah,"Provided to YouTube by NG Network

Hasbi Allah · Mohsen Chavoshi

Hasbi Allah

℗ Mohsen Chavoshi

Released on: 2026-03-14

Music Publisher: Copyright Control
Composer: Mohsen Chavoshi
Lyricist: Mehdi Abbasi

Auto-generated by YouTube.",UCw5LO6ba1yNC3cps4Zu_1Hg,Mohsen Chavoshi - Topic,2026-03-14T11:43:26Z,10,en,,PT4M28S,hd,False,True,430046,6951.0,1539.0,public,True,False,268,needs_review,music_category_and_licensed_but_no_release_pattern,topic,trusted,sources_41_60_manual_audit_2026-07-10; confidence=high,trusted_needs_content_review,trusted_source_but_v2_content_ambiguous,likely_release,topic_or_vevo_music_duration_signal,rule_based_content_review_v1,final_likely_release,accepted_after_trusted_content_review,,,,final_likely_release,accepted_after_trusted_content_review,final_screening_v4,,3_JxwGTSxGCUM,2026-03-14 11:43:26+00:00,2026-07-10 23:59:59+00:00,118.51149305555556,0.3244667845463533,3628.7282263704496,16.16338717253503,3.578686931165503,8490.0,0.0197420741037005,4.466666666666667,12.971649784022263,8.846784666945227,7.339537695407675,8.196913055687618,0.99433315459424,5.4778123004288215,4.588059258472245,13.627096206306287,0.99433315459424,3.0,3.0,1.796599892756544,100.0,top_performer,1.796599892756544,100.0,1.596033208215968,98.68,1.696316550486256,98.68,1.696316550486256,98.68,top_performer,PI_V2_FINAL_65_25_10,0.65,0.25,0.1,-3.0,3.0,-1.2367969006656,-0.8982648748310875,0.8993196666666663,1.0117346249999999,0.9983836095146709,0.99433315459424,4.60709110730661,4.588059258472245,10.848333215445177,13.627096206306287,5.594336343572063,5.4778123004288215,0,1,0,1,1,FM_V1
3,محسن چاووشی,pop,4,_38Wou0AVcs,Mohsen Chavoshi - Ajab Oumadi [ Official Video ] (محسن چاوشی - عجب اومدی ),UCO7rnnjVkPeDutLWuROEzKw,MohsenChavoshiVEVO,2025-12-15T19:10:06Z,محسن چاووشی,pending_review,,Mohsen Chavoshi - Ajab Oumadi [ Official Video ] (محسن چاوشی - عجب اومدی ),"Powered by: https://ng-network.com

Please take a moment and subscribe to NG Network official channel: https://bit.ly/NGNetworkMusic

Mohsen Chavoshi best songs:
https://bit.ly/MohsenChavoshiSongs

Best Persian Hits:
https://bit.ly/BestPersianHits

Get Connected With “Mohsen Chavoshi”

Audio Available on:
YouTube Music: https://bit.ly/Chavoshi_YouTubeMusic
Spotify: https://bit.ly/Chavoshi_Spotify
Apple Music: https://bit.ly/Chavoshi_AppleMusic

FOLLOW  NG Network👇
https://www.instagram.com/ng.networkco/

Please take a moment and share this video with your friends. Thank you",UCO7rnnjVkPeDutLWuROEzKw,MohsenChavoshiVEVO,2025-12-15T19:10:06Z,10,en,,PT4M34S,hd,False,True,1189319,8454.0,916.0,public,True,False,274,likely_release,release_title_pattern | music_category | licensed_content,vevo,trusted,top20_manual_audit_2026-07-10; confidence=high,likely_release,v2_release_signal_and_trusted_source,,,,final_likely_release,accepted_from_v3_likely_release,,,,final_likely_release,accepted_from_v3_likely_release,final_screening_v4,,3__38Wou0AVcs,2025-12-15 19:10:06+00:00,2026-07-10 23:59:59+00:00,207.20130787037036,0.5672862638476943,5739.92033266539,7.108269522306462,0.7701886541794085,9370.0,0.0078784581764858,4.566666666666666,13.988892273188757,9.04251326133268,6.821107472256465,8.655374813162345,1.3292809840405473,0.9870502120601482,0.9040873325549964,1.995993496357502,1.3292809840405473,0.9870502120601482,1.995993496357502,1.3437301678929907,93.42,top_performer,1.3437301678929907,93.42,1.3275060808761627,96.05,1.310394542277143,94.74,1.310394542277143,94.74,top_performer,PI_V2_FINAL_65_25_10,0.65,0.25,0.1,-3.0,3.0,-1.1610955697450909,-0.8219193846032594,1.0219541666666658,1.1512842284482754,1.3754296735113003,1.3292809840405473,0.942383230261142,0.9040873325549965,1.4435337607180376,1.995993496357502,1.071564391394035,0.9870502120601482,0,1,0,1,1,FM_V1
3,محسن چاووشی,pop,6,GHXE50UFijM,Mohsen Chavoshi - Doset Dashtam [ Alternative Version ] محسن چاوشی - دوست داشتم,UCO7rnnjVkPeDutLWuROEzKw,MohsenChavoshiVEVO,2024-01-09T15:38:33Z,محسن چاووشی,pending_review,,Mohsen Chavoshi - Doset Dashtam [ Alternative Version ] محسن چاوشی - دوست داشتم,"Powered by: https://ng-network.com

Please take a moment and subscribe to NG Network official channel: https://bit.ly/NGNetworkMusic

Mohsen Chavoshi best songs:
https://bit.ly/MohsenChavoshiSongs

Best Persian Hits:
https://bit.ly/BestPersianHits

Get Connected With “Mohsen Chavoshi”

Audio Available on:
YouTube Music: https://bit.ly/Chavoshi_YouTubeMusic
Spotify: https://bit.ly/Chavoshi_Spotify
Apple Music: https://bit.ly/Chavoshi_AppleMusic

FOLLOW  NG Network👇
https://www.instagram.com/ng.networkco/

Please take a moment and share this video with your friends. Thank you",UCO7rnnjVkPeDutLWuROEzKw,MohsenChavoshiVEVO,2024-01-09T15:38:33Z,10,en,,PT4M5S,hd,False,True,2488988,10486.0,614.0,public,True,False,245,needs_review,music_category_and_licensed_but_no_release_pattern,vevo,trusted,top20_manual_audit_2026-07-10; confidence=high,trusted_needs_content_review,trusted_source_but_v2_content_ambiguous,likely_release,topic_or_vevo_music_duration_signal,rule_based_content_review_v1,final_likely_release,accepted_after_trusted_content_review,,,,final_likely_release,accepted_after_trusted_content_review,final_screening_v4,,3_GHXE50UFijM,2024-01-09 15:38:33+00:00,2026-07-10 23:59:59+00:00,913.3482175925926,2.5006111364615813,2725.1249327014466,4.21295723402443,0.2466866051584017,11100.0,0.0044596438391828,4.083333333333333,14.727387161894402,9.257891673834406,6.421622267806518,7.910636441250864,0.7851821642150382,-0.3070815187144609,-0.2738376374783848,-0.1720356425338379,0.7851821642150382,-0.3070815187144609,-0.1720356425338379,0.3685335724703319,61.84,above_median,0.3685335724703319,61.84,0.4710076469542507,68.42,0.4163944628077758,64.47,0.4163944628077758,64.47,above_median,PI_V2_FINAL_65_25_10,0.65,0.25,0.1,-3.0,3.0,-0.5583627643717338,-0.21405779296304753,0.4292207499999994,0.4767944784482753,0.7629452792116043,0.7851821642150382,-0.22938219115288824,-0.2738376374783848,-0.3095140604345621,-0.17203564253383796,-0.23179182725998224,-0.30708151871446093,0,1,0,0,0,FM_V1
3,محسن چاووشی,pop,8,iX1tw6ozWO4,Mohsen Chavoshi - Bad Az To [Official Video] (محسن چاوشی - بعد از تو ),UCO7rnnjVkPeDutLWuROEzKw,MohsenChavoshiVEVO,2025-05-14T18:25:01Z,محسن چاووشی,pending_review,,Mohsen Chavoshi - Bad Az To [Official Video] (محسن چاوشی - بعد از تو ),"Powered by: https://ng-network.com

Please take a moment and subscribe to NG Network official channel: https://bit.ly/NGNetworkMusic

Mohsen Chavoshi best songs:
https://bit.ly/MohsenChavoshiSongs

Best Persian Hits:
https://bit.ly/BestPersianHits

Get Connected With “Mohsen Chavoshi”

Audio Available on:
YouTube Music: https://bit.ly/Chavoshi_YouTubeMusic
Spotify: https://bit.ly/Chavoshi_Spotify
Apple Music: https://bit.ly/Chavoshi_AppleMusic

FOLLOW  NG Network👇
https://www.instagram.com/ng.networkco/

Please take a moment and share this video with your friends. Thank you",UCO7rnnjVkPeDutLWuROEzKw,MohsenChavoshiVEVO,2025-05-14T18:25:01Z,10,en,,PT4M11S,sd,False,True,621328,3838.0,549.0,public,True,False,251,likely_release,release_title_pattern | music_category | licensed_content,vevo,trusted,top20_manual_audit_2026-07-10; confidence=high,likely_release,v2_release_signal_and_trusted_source,,,,final_likely_release,accepted_from_v3_likely_release,,,,final_likely_release,accepted_from_v3_likely_release,final_screening_v4,,3_iX1tw6ozWO4,2025-05-14 18:25:01+00:00,2026-07-10 23:59:59+00:00,422.2326157407407,1.1560098993586332,1471.53009226911,6.177091648855355,0.883591275461592,4387.0,0.0070606829243169,4.183333333333334,13.339616011286315,8.252967195000798,6.309918278226516,7.294737351492892,0.3352121069332998,0.6774958466982526,0.525248174817205,2.465638625399905,0.3352121069332998,0.6774958466982526,2.465638625399905,0.7403470196445288,75.0,above_median,0.7403470196445288,75.0,0.6167115067329509,73.68,0.6338256937211986,73.68,0.6338256937211986,73.68,above_median,PI_V2_FINAL_65_25_10,0.65,0.25,0.1,-3.0,3.0,-0.9775552587256832,-0.63681728863009,0.5518552499999999,0.616344081896552,0.2564203099503421,0.33521210693329984,0.5655250800326265,0.525248174817205,1.8232843625036435,2.465638625399905,0.7598035423926496,0.6774958466982526,0,1,0,0,0,FM_V1
3,محسن چاووشی,pop,9,LGRg9gERUjU,Mohsen Chavoshi - Man Bayad Miraftam ( Official Video ),UCO7rnnjVkPeDutLWuROEzKw,MohsenChavoshiVEVO,2023-06-02T09:10:59Z,محسن چاووشی,pending_review,,Mohsen Chavoshi - Man Bayad Miraftam ( Official Video ),"Powered by: https://ng-network.com

Please take a moment and subscribe to NG Network official channel: https://bit.ly/NGNetworkMusic

Mohsen Chavoshi best songs:
https://bit.ly/MohsenChavoshiSongs

Best Persian Hits:
https://bit.ly/BestPersianHits

Get Connected With “Mohsen Chavoshi”

Audio Available on:
YouTube Music: https://bit.ly/Chavoshi_YouTubeMusic
Spotify: https://bit.ly/Chavoshi_Spotify
Apple Music: https://bit.ly/Chavoshi_AppleMusic

FOLLOW  NG Network👇
https://www.instagram.com/ng.networkco/

Please take a moment and share this video with your friends. Thank you",UCO7rnnjVkPeDutLWuROEzKw,MohsenChavoshiVEVO,2023-06-02T09:10:59Z,10,en,,PT3M44S,hd,False,True,17923489,47108.0,2607.0,public,True,False,224,likely_release,release_title_pattern | music_category | licensed_content,vevo,trusted,top20_manual_audit_2026-07-10; confidence=high,likely_release,v2_release_signal_and_trusted_source,,,,final_likely_release,accepted_from_v3_likely_release,,,,final_likely_release,accepted_from_v3_likely_release,final_screening_v4,,3_LGRg9gERUjU,2023-06-02 09:10:59+00:00,2026-07-10 23:59:59+00:00,1134.6173611111112,3.1064130352118036,15796.945837712052,2.6282829196927007,0.1454515914842249,49715.0,0.0027737345111769,3.7333333333333334,16.701622701013154,10.760219344553065,7.866338923046544,9.6676352002916,2.068828861209156,-0.9452526919120324,-0.9185444111747924,-0.5912898936530564,2.068828861209156,-0.9452526919120324,-0.5912898936530564,0.9162906596995268,82.89,high,0.9162906596995268,82.89,1.2000006750986971,92.11,1.0492965974426376,89.47,1.0492965974426376,89.47,high,PI_V2_FINAL_65_25_10,0.65,0.25,0.1,-3.0,3.0,-0.3694981389244043,-0.023586076797155024,0.0,-0.011629133620689612,2.2079283246726913,2.068828861209156,-0.8707176951854092,-0.9185444111747924,-0.6485190757496938,-0.5912898936530564,-0.8745118436024667,-0.9452526919120324,0,1,0,0,1,FM_V1
3,محسن چاووشی,pop,10,gc_3dNm0fOU,Mohsen Chavoshi - Gandom Goon (Lyric Video),UCFnc_tL9if9l5As18rnAyGA,Mohsen Chavoshi,2022-06-07T16:50:35Z,محسن چاووشی,pending_review,,Mohsen Chavoshi - Gandom Goon (Lyric Video),"محسن چاووشی - گندمگون ( با شعر)

شاعر و آهنگساز : محسن چاوشی
تنظیم کننده : اشکان عرب 
گیتار باس : مجید برومند
گیتار آکوستیک : بهروز میرزایی 
دودوک : امیرحسین کیانپور 
کاخن : اشکان پور فرخی
میکس و مستر : مهدی کریمی

وقتی می خندیدی گریه های خشکم 
زود می خشکیدن با تو می خندیدن 

وقتی قلب نابت و سخت می رنجوندم 
چشمای معصومت منو می بخشیدن 

مهربونی خوبی نابی محبوبی 
خنده هات می خندی شکل مرواریدن 

عشق گندمگونم از چشات ممنونم 
که چشات بی وقفه خبر خوش میدن

 مهربونی خوبی نابی محبوبی 
خنده هات می خندن شکل مرواریدن 

دستمو می گیری ذوب میشم آنی 
عشقم انگار دستات دستای خورشیدن 

هر کی می بینه تو رو دوس داره مثل تو شه 
حرکاتت حرفات مرجع تقلیدن 

لبای سرخ تو هر میوه ی سرخی بود 
داغ ِ داغ از روی هر درختی چیدن 

ماه و خورشید منی دورت می گردم 
دوتا چشمات عشقم قابل تمجیدن",UCFnc_tL9if9l5As18rnAyGA,Mohsen Chavoshi,2022-06-07T16:50:35Z,10,fa,,PT4M13S,hd,False,True,1105988,5025.0,196.0,public,True,False,253,likely_release,release_title_pattern | music_category | licensed_content,official_artist,trusted,top20_manual_audit_2026-07-10; confidence=high,likely_release,v2_release_signal_and_trusted_source,,,,final_likely_release,accepted_from_v3_likely_release,,,,final_likely_release,accepted_from_v3_likely_release,final_screening_v4,,3_gc_3dNm0fOU,2022-06-07 16:50:35+00:00,2026-07-10 23:59:59+00:00,1494.2981944444443,4.0911654878698,740.1387514967776,4.543448934346485,0.1772171126630668,5221.0,0.0047206660470095,4.216666666666667,13.916250515264506,8.522379718103538,5.2832037287379885,6.60818785675069,-0.1663744688762137,-0.2082761762015197,-0.1393808371623366,-0.4597363005838615,-0.1663744688762137,-0.2082761762015197,-0.4597363005838615,-0.2208541704636873,26.32,below_median,-0.2208541704636873,26.32,-0.2040909935120396,27.63,-0.2061860788783049,27.63,-0.2061860788783049,27.63,below_median,PI_V2_FINAL_65_25_10,0.65,0.25,0.1,-3.0,3.0,-0.06249199795112406,0.28603244708547837,0.5927334166666665,0.6628606163793104,-0.3082086487598994,-0.16637446887621377,-0.09562848587244795,-0.1393808371623366,-0.5421460867719354,-0.4597363005838615,-0.1322822066100033,-0.20827617620151978,0,1,0,0,0,FM_V1
3,محسن چاووشی,pop,11,1RE2DZhrTkQ,Mohsen Chavoshi - Ali (Lyric Video),UCFnc_tL9if9l5As18rnAyGA,Mohsen Chavoshi,2022-05-15T13:30:12Z,محسن چاووشی,pending_review,,Mohsen Chavoshi - Ali (Lyric Video),"محسن چاوشی - علی (با شعر)

«علی»

شاعر و آهنگساز : محسن چاوشی
تنظیم و میکس و مستر : امیر جمالفرد
گیتار نایلون : کیان دارات
  فلوت کوئنا : امیر حسین کیان پور

کشان‌کشان تو مرا کی بکشانی به نور
نشان بده تو مرا تا که نخفتم به گور 
مگو روم مگو تا جان بنیفتد شمار
بیا بتا که شوم از نفست چون بهار
امان بده که نفس تازه کنم جانِ جان
جوان بده که رود پیر ز جانم دوان
روح دَمَم که شَوَم از تن خاکم جدا
نوح شوم ، و به کشتی تو‌ آیم علا
خزان خزان بشدم زرد ز شیطانیان
بمان بمان تو بمان در بر زندانیان
خبر خبر خبری شد خبری عاقبت
بیا بیا که مریض است اینجانبت
علی علی تو به والله‌ِ تمام منی
دل ببری همه شب ماهِ تمام منی
قسم قسم به رهت جان بدهم مرتضا
رسم رسم به دو چشمان سیاهت شها
کمان کمان بشدست این کمرم توامان
فغان فغان ز رخ دور تو شاهنشهان
جهان جهان بنخواهم چو به من ننگری
هر دو جهان بنخواهم تو به من ننگری
دوان دوان به تو آیم اگرت نامدی
مردترین‌ مردجهان اسد سرمدی 
تکان تکان بده‌ام خاک مرا در کشید
جامه‌دران دیده نمناک مرا سر کشید
لحد لحد شده‌ام زنده به تاریک گور 
مگر مگر به نجاتم تو بیایی به گور
ببین ببین کفنم سوخته از دور تو
خوش آمدی به شب عاشق مهجور تو
دست کشان همچو یتیمان به سرم یا علی
غم برهان خود ز دو‌ چشمان ترم یا علی
خشک دهان خون به گلویم به رهت العطش 
صبح بیا ! ز کرم تیغ به فرقم بکش
زهر به‌ زهر شده‌ام شیر خدا یا علی
زخم چکان بنده به شمشیر خدا یا علی 
کوی به کوی ز تو دنبال خدا یا علی
کفر شود هر که شود از تو‌ جدا یا علی",UCFnc_tL9if9l5As18rnAyGA,Mohsen Chavoshi,2022-05-15T13:30:12Z,10,fa,fa,PT4M30S,hd,False,True,949666,5511.0,414.0,public,True,False,270,likely_release,release_title_pattern | music_category | licensed_content,official_artist,trusted,top20_manual_audit_2026-07-10; confidence=high,likely_release,v2_release_signal_and_trusted_source,,,,final_likely_release,accepted_from_v3_likely_release,,,,final_likely_release,accepted_from_v3_likely_release,final_screening_v4,,3_1RE2DZhrTkQ,2022-05-15 13:30:12+00:00,2026-07-10 23:59:59+00:00,1517.437349537037,4.154517041853627,625.835392999743,5.803092876864076,0.4359427419745468,5925.0,0.0062390356188386,4.5,13.763866675812226,8.614682812693495,6.028278520230698,6.440683975064711,-0.2887512226180845,0.3664757840048954,0.3730910157869609,0.6117489101698781,-0.2887512226180845,0.3664757840048954,0.6117489101698781,0.0101305489558548,46.05,below_median,0.0101305489558548,46.05,-0.0676558080146922,39.47,-0.0348944576835432,40.79,-0.0348944576835432,40.79,below_median,PI_V2_FINAL_65_25_10,0.65,0.25,0.1,-3.0,3.0,-0.04274153573014818,0.30595097034195773,0.9401978333333327,1.0582511594827584,-0.4459664404713209,-0.2887512226180845,0.41416357390275566,0.3730910157869609,0.3242467030729522,0.6117489101698781,0.44656654866333806,0.36647578400489544,0,1,0,0,0,FM_V1
3,محسن چاووشی,pop,12,tmh17LnO0OU,Mohsen Chavoshi - Ajab Oumadi [ Lyric Video ] (محسن چاوشی - عجب اومدی ),UCO7rnnjVkPeDutLWuROEzKw,MohsenChavoshiVEVO,2025-12-16T16:00:10Z,محسن چاووشی,pending_review,,Mohsen Chavoshi - Ajab Oumadi [ Lyric Video ] (محسن چاوشی - عجب اومدی ),"Powered by: https://ng-network.com

Please take a moment and subscribe to NG Network official channel: https://bit.ly/NGNetworkMusic

Mohsen Chavoshi best songs:
https://bit.ly/MohsenChavoshiSongs

Best Persian Hits:
https://bit.ly/BestPersianHits

Get Connected With “Mohsen Chavoshi”

Audio Available on:
YouTube Music: https://bit.ly/Chavoshi_YouTubeMusic
Spotify: https://bit.ly/Chavoshi_Spotify
Apple Music: https://bit.ly/Chavoshi_AppleMusic

FOLLOW  NG Network👇
https://www.instagram.com/ng.networkco/

Please take a moment and share this video with your friends. Thank you",UCO7rnnjVkPeDutLWuROEzKw,MohsenChavoshiVEVO,2025-12-16T16:00:10Z,10,en,fa,PT4M39S,hd,False,True,503138,3510.0,296.0,public,True,False,279,likely_release,release_title_pattern | music_category | licensed_content,vevo,trusted,top20_manual_audit_2026-07-10; confidence=high,likely_release,v2_release_signal_and_trusted_source,,,,final_likely_release,accepted_from_v3_likely_release,,,,final_likely_release,accepted_from_v3_likely_release,final_screening_v4,,3_tmh17LnO0OU,2025-12-16 16:00:10+00:00,2026-07-10 23:59:59+00:00,206.33320601851852,0.5649095305092909,2438.4732332169697,6.97621726047327,0.5883077803703954,3806.0,0.0075645250408436,4.65,13.128621752854784,8.163656176168432,5.6937321388027,7.799537406954241,0.704014259183644,0.8682163731636393,0.8503633673743701,1.2427528262161405,0.704014259183644,0.8682163731636393,1.2427528262161405,0.8258755727335173,78.95,high,0.8258755727335173,78.95,0.7907285386828926,81.58,0.7989386443818924,80.26,0.7989386443818924,80.26,high,PI_V2_FINAL_65_25_10,0.65,0.25,0.1,-3.0,3.0,-1.1618365394460306,-0.8226666593786741,1.1241495833333333,1.2675755646551727,0.6715757093131217,0.704014259183644,0.8889401958562212,0.8503633673743701,0.8344704912685864,1.2427528262161405,0.9518835125243169,0.8682163731636393,0,1,0,0,1,FM_V1
3,محسن چاووشی,pop,13,kVmxQRyj-WA,Mohsen Chavoshi - Marize Takhte Akhari [ Official Video ] ( محسن چاوشی - مریض تخت آخری ),UCO7rnnjVkPeDutLWuROEzKw,MohsenChavoshiVEVO,2026-06-01T19:37:53Z,محسن چاووشی,pending_review,,Mohsen Chavoshi - Marize Takhte Akhari [ Official Video ] ( محسن چاوشی - مریض تخت آخری ),"Powered by: https://ng-network.com

Please take a moment and subscribe to NG Network official channel: https://bit.ly/NGNetworkMusic

Mohsen Chavoshi best songs:
https://bit.ly/MohsenChavoshiSongs

Best Persian Hits:
https://bit.ly/BestPersianHits

Get Connected With “Mohsen Chavoshi”

Audio Available on:
YouTube Music: https://bit.ly/Chavoshi_YouTubeMusic
Spotify: https://bit.ly/Chavoshi_Spotify
Apple Music: https://bit.ly/Chavoshi_AppleMusic

FOLLOW  NG Network👇
https://www.instagram.com/ng.networkco/

Please take a moment and share this video with your friends. Thank you",UCO7rnnjVkPeDutLWuROEzKw,MohsenChavoshiVEVO,2026-06-01T19:37:53Z,10,en,,PT4M8S,hd,False,True,65627,1262.0,545.0,public,True,False,248,likely_release,release_title_pattern | music_category | licensed_content,vevo,trusted,top20_manual_audit_2026-07-10; confidence=high,likely_release,v2_release_signal_and_trusted_source,,,,final_likely_release,accepted_from_v3_likely_release,,,,final_likely_release,accepted_from_v3_likely_release,final_screening_v4,,3_kVmxQRyj-WA,2026-06-01 19:37:53+00:00,2026-07-10 23:59:59+00:00,39.18201388888889,0.1072745075671153,1674.9266688053085,19.229890136681547,8.304508814969449,1807.0,0.0275343989516509,4.133333333333334,11.091757713134774,7.141245122350491,6.302618975744905,7.42412152638869,0.4297389629676073,8.427459121610472,5.835631213583466,33.19859467218179,0.4297389629676073,3.0,3.0,1.4578433777805644,96.05,top_performer,1.4578433777805644,96.05,1.200817274077325,93.42,1.3293303259289448,96.05,1.3293303259289448,96.05,top_performer,PI_V2_FINAL_65_25_10,0.65,0.25,0.1,-3.0,3.0,-1.3045087023723316,-0.9665528511803826,0.49053800000000025,0.5465692801724142,0.3628278632359649,0.42973896296760733,5.848139319132699,5.835631213583466,26.673661448736084,33.19859467218179,8.565008057895184,8.427459121610472,0,1,0,1,1,FM_V1
3,محسن چاووشی,pop,14,46TdUtNAopg,Mohsen Chavoshi - Be Rasme Yadegar [Official Video] ( محسن چاوشی - به رسم یادگار ),UCO7rnnjVkPeDutLWuROEzKw,MohsenChavoshiVEVO,2025-05-09T16:21:22Z,محسن چاووشی,pending_review,,Mohsen Chavoshi - Be Rasme Yadegar [Official Video] ( محسن چاوشی - به رسم یادگار ),"Powered by: https://ng-network.com

Please take a moment and subscribe to NG Network official channel: https://bit.ly/NGNetworkMusic

Mohsen Chavoshi best songs:
https://bit.ly/MohsenChavoshiSongs

Best Persian Hits:
https://bit.ly/BestPersianHits

Get Connected With “Mohsen Chavoshi”

Audio Available on:
YouTube Music: https://bit.ly/Chavoshi_YouTubeMusic
Spotify: https://bit.ly/Chavoshi_Spotify
Apple Music: https://bit.ly/Chavoshi_AppleMusic

FOLLOW  NG Network👇
https://www.instagram.com/ng.networkco/

Please take a moment and share this video with your friends. Thank you",UCO7rnnjVkPeDutLWuROEzKw,MohsenChavoshiVEVO,2025-05-09T16:21:22Z,10,en,,PT5M46S,hd,False,True,213806,2593.0,319.0,public,True,False,346,likely_release,release_title_pattern | music_category | licensed_content,vevo,trusted,top20_manual_audit_2026-07-10; confidence=high,likely_release,v2_release_signal_and_trusted_source,,,,final_likely_release,accepted_from_v3_likely_release,,,,final_likely_release,accepted_from_v3_likely_release,final_screening_v4,,3_46TdUtNAopg,2025-05-09 16:21:22+00:00,2026-07-10 23:59:59+00:00,427.3184837962963,1.1699342472177858,500.3434396297302,12.127816805889452,1.4920067724946915,2912.0,0.0136198235783841,5.766666666666667,12.272829017916438,7.860956364876389,5.768320995793772,6.217291374474387,-0.4519597464745584,3.1603425910869305,2.946233220418435,4.9853279534313355,-0.4519597464745584,3.0,3.0,0.9288241521152648,84.21,high,0.9288241521152648,84.21,0.5836281774678093,71.05,0.7562261647915371,77.63,0.7562261647915371,77.63,high,PI_V2_FINAL_65_25_10,0.65,0.25,0.1,-3.0,3.0,-0.9732142080481553,-0.6324392989956976,2.4935681666666656,2.8258794698275858,-0.6296879819200556,-0.4519597464745584,2.9738504270329518,2.946233220418435,3.860681280861363,4.9853279534313355,3.2603478589491406,3.1603425910869305,0,1,0,0,1,FM_V1
3,محسن چاووشی,pop,15,CAPkrogfXJk,Mohsen Chavoshi - Be Rasme Yadegar | محسن چاوشی -  به رسم یادگار  (Official Music Video),UCN73foROjDkwZEKS05z6KHQ,The ZiCord,2025-07-01T10:39:35Z,محسن چاووشی,pending_review,,Mohsen Chavoshi - Be Rasme Yadegar | محسن چاوشی -  به رسم یادگار  (Official Music Video),"🎬 Watch all music videos from Shahrzad in this playlist: 
https://youtube.com/playlist?list=PLoYXKV2IegK4EiXVYHLLuBmTypIR6E7pE&si=a3gfjcf2u0XVAxMr

Mohsen Chavoshi - Be Rasme Yadegar | محسن چاوشی -  به رسم یادگار

Artist: Mohsen Chavoshi
Lyrics: Hossein Safa
Label: The Zicord & Lotus Play
Release Date: July 23, 2018



📲 Follow ZiCord on Social Networks and Streaming Platforms
Spotify: https://open.spotify.com/user/31cqec5erd6tn562leotaxzkrxh4?si=dedb5cd1232540df
Instagram: https://www.instagram.com/theZiCord
Twitter: https://twitter.com/thezicord
Linkedin: https://www.linkedin.com/company/zicord
Website: https://zicord.com
TikTok: https://www.tiktok.com/@thezicord


Lyric:
نشد با شاخه هام بغل کنم تورو نشد نشد نشد برو برو برو
اراده داشتم بدون کاشتن که عادتت بدم به ریشه داشتن
که عادتت بدم یه گوشه بند شی به مبتلا شدن علاقه مند شی
نشد که از دلم جدا کنم تورو نشد نشد گلم برو برو برو
نشد که بی دهن صدا کنم تورو تمام حرف من برو برو برو
قدیما هر گلی شناسنامه داشت تموم میشدو بازم ادامه داشت
تو شیشه ی گلاب تو شعر شاعرا تو گل فروشیا تو جیب عابرا
همون کسا که از تو باغچه چیدنت توی خیالشون ادامه میدنت
نشد که از دلم جدا کنم تورو نشد نشد گلم برو برو برو
نشد که بی دهن صدا کنم تورو تمام حرف من برو برو برو
تو داری از خودت فرار میکنی داری با ریشه هات چیکار میکنی
برو برو ولی به رسم یادگار شناسنامه تو تو خونه جا بذار
برو برو ولی به رسم یادگار شناسنامه تو تو خونه جا بذار
برو به رسم یادگار شناسنامه تو تو خونه جا بذار



#ZiCord #mohsenchavoshi  #BeRasmeYadegar #شهرزاد #محسن_چاووشی #به_رسم_یادگار",UCN73foROjDkwZEKS05z6KHQ,The ZiCord,2025-07-01T10:39:35Z,10,fa,zxx,PT5M19S,hd,False,True,740233,1370.0,40.0,public,True,False,319,likely_release,release_title_pattern | music_category | licensed_content,label_or_distributor,trusted,top20_manual_audit_2026-07-10; confidence=high,likely_release,v2_release_signal_and_trusted_source,,,,final_likely_release,accepted_from_v3_likely_release,,,,final_likely_release,accepted_from_v3_likely_release,final_screening_v4,,3_CAPkrogfXJk,2025-07-01 10:39:35+00:00,2026-07-10 23:59:59+00:00,374.55583333333334,1.0254779831165868,1976.2954788671916,1.8507686093432745,0.0540370396888547,1410.0,0.0019048056490321,5.316666666666666,13.514721631410758,7.223295679562314,3.713572066704308,7.589485270205782,0.5505521521979074,-1.2741703520545695,-1.234867290895068,-0.9698737260978104,0.5505521521979074,-1.2741703520545695,-0.9698737260978104,-0.1336923556095695,35.53,below_median,-0.1336923556095695,35.53,0.0335650635178401,44.74,-0.0576710616947835,39.47,-0.0576710616947835,39.47,below_median,PI_V2_FINAL_65_25_10,0.65,0.25,0.1,-3.0,3.0,-1.0182498513323346,-0.677858160493214,1.9417129166666656,2.197906254310344,0.49882557235223407,0.5505521521979074,-1.1853864745116716,-1.234867290895068,-0.9546383758483352,-0.9698737260978104,-1.2057740077063526,-1.2741703520545697,0,1,0,0,0,FM_V1
3,محسن چاووشی,pop,16,MLBoUSr9vZI,Mohsen Chavoshi - Alaj [ Lyric Video ] ( محسن چاوشی - علاج ),UCO7rnnjVkPeDutLWuROEzKw,MohsenChavoshiVEVO,2025-06-23T14:50:00Z,محسن چاووشی,pending_review,,Mohsen Chavoshi - Alaj [ Lyric Video ] ( محسن چاوشی - علاج ),"Powered by: https://ng-network.com

Please take a moment and subscribe to NG Network official channel: https://bit.ly/NGNetworkMusic

Mohsen Chavoshi best songs:
https://bit.ly/MohsenChavoshiSongs

Best Persian Hits:
https://bit.ly/BestPersianHits

Get Connected With “Mohsen Chavoshi”

Audio Available on:
YouTube Music: https://bit.ly/Chavoshi_YouTubeMusic
Spotify: https://bit.ly/Chavoshi_Spotify
Apple Music: https://bit.ly/Chavoshi_AppleMusic

FOLLOW  NG Network👇
https://www.instagram.com/ng.networkco/

Please take a moment and share this video with your friends. Thank you",UCO7rnnjVkPeDutLWuROEzKw,MohsenChavoshiVEVO,2025-06-23T14:50:00Z,10,en,fa,PT4M16S,hd,False,True,451550,7087.0,3308.0,public,True,False,256,likely_release,release_title_pattern | music_category | licensed_content,vevo,trusted,top20_manual_audit_2026-07-10; confidence=high,likely_release,v2_release_signal_and_trusted_source,,,,final_likely_release,accepted_from_v3_likely_release,,,,final_likely_release,accepted_from_v3_likely_release,final_screening_v4,,3_MLBoUSr9vZI,2025-06-23 14:50:00+00:00,2026-07-10 23:59:59+00:00,382.3819328703703,1.0469046758942375,1180.88738296398,15.694828922599935,7.325877532942089,10395.0,0.023020706455542,4.266666666666667,13.020443602270667,8.866158492284917,8.104401307921613,7.074867916746713,0.1745775747632328,6.7188806186953896,4.397431648197712,29.14569528117909,0.1745775747632328,3.0,3.0,1.3047465448579396,92.11,top_performer,1.3047465448579396,92.11,1.022204302334263,86.84,1.1634754235961011,92.11,1.1634754235961011,92.11,top_performer,PI_V2_FINAL_65_25_10,0.65,0.25,0.1,-3.0,3.0,-1.0115698717641384,-0.6711213395067859,0.6540506666666661,0.7326354181034481,0.07559627476616239,0.17457757476323288,4.41746031776646,4.397431648197712,23.396525399549397,29.14569528117909,6.84425091712094,6.7188806186953896,0,1,0,1,1,FM_V1
3,محسن چاووشی,pop,17,AJ19i4EK1i0,Mohsen Chavoshi - Kojaei [Lyric Video ] ( محسن چاوشی - کجایی ),UCO7rnnjVkPeDutLWuROEzKw,MohsenChavoshiVEVO,2023-12-28T20:32:33Z,محسن چاووشی,pending_review,,Mohsen Chavoshi - Kojaei [Lyric Video ] ( محسن چاوشی - کجایی ),"Powered by: https://ng-network.com

Please take a moment and subscribe to NG Network official channel: https://bit.ly/NGNetworkMusic

Mohsen Chavoshi best songs:
https://bit.ly/MohsenChavoshiSongs

Best Persian Hits:
https://bit.ly/BestPersianHits

Get Connected With “Mohsen Chavoshi”

Audio Available on:
YouTube Music: https://bit.ly/Chavoshi_YouTubeMusic
Spotify: https://bit.ly/Chavoshi_Spotify
Apple Music: https://bit.ly/Chavoshi_AppleMusic

FOLLOW  NG Network👇
https://www.instagram.com/ng.networkco/

Please take a moment and share this video with your friends. Thank you",UCO7rnnjVkPeDutLWuROEzKw,MohsenChavoshiVEVO,2023-12-28T20:32:33Z,10,en,,PT3M50S,hd,False,True,6825294,23638.0,875.0,public,True,False,230,likely_release,release_title_pattern | music_category | licensed_content,vevo,trusted,top20_manual_audit_2026-07-10; confidence=high,likely_release,v2_release_signal_and_trusted_source,,,,final_likely_release,accepted_from_v3_likely_release,,,,final_likely_release,accepted_from_v3_likely_release,final_screening_v4,,3_AJ19i4EK1i0,2023-12-28 20:32:33+00:00,2026-07-10 23:59:59+00:00,925.144050925926,2.532906368038127,7377.547305383348,3.463294035392468,0.1281996057605723,24513.0,0.003591493641153,3.8333333333333335,15.736146121544415,10.07065316944088,6.775366090936392,8.906332056129594,1.512627975245901,-0.6357044293212184,-0.5788296082435314,-0.6627371932817068,1.512627975245901,-0.6357044293212184,-0.6627371932817068,0.6492400988249799,72.37,above_median,0.6492400988249799,72.37,0.8654249774797163,84.21,0.7580083572513604,78.95,0.7580083572513604,78.95,high,PI_V2_FINAL_65_25_10,0.65,0.25,0.1,-3.0,3.0,-0.5482944122783807,-0.20390376704294083,0.12263450000000006,0.12792046982758637,1.5818208046133608,1.5126279752459013,-0.5327793125683463,-0.5788296082435314,-0.7062906853163862,-0.6627371932817068,-0.5627571408723235,-0.6357044293212184,0,1,0,0,1,FM_V1
3,محسن چاووشی,pop,18,XFBlfv-gEAo,Mohsen Chavoshi - Saat Divari ( Official Video ) محسن چاوشی- ساعت دیواری,UCO7rnnjVkPeDutLWuROEzKw,MohsenChavoshiVEVO,2025-02-05T16:27:19Z,محسن چاووشی,pending_review,,Mohsen Chavoshi - Saat Divari ( Official Video ) محسن چاوشی- ساعت دیواری,"Powered by: https://ng-network.com

Please take a moment and subscribe to NG Network official channel: https://bit.ly/NGNetworkMusic

Best Persian Hits:

https://bit.ly/BestPersianHits

Mohsen Chavoshi best songs:
https://bit.ly/MohsenChavoshiSongs


Get Connected With “Mohsen Chavoshi”

Audio Available on:
YouTube Music: https://bit.ly/Chavoshi_YouTubeMusic
Spotify: https://bit.ly/Chavoshi_Spotify
Apple Music: https://bit.ly/Chavoshi_AppleMusic

FOLLOW  NG Network👇
https://www.instagram.com/ng.networkco/

Please take a moment and share this video with your friends. Thank you",UCO7rnnjVkPeDutLWuROEzKw,MohsenChavoshiVEVO,2025-02-05T16:27:19Z,10,en,,PT3M35S,hd,False,True,6553126,24638.0,1713.0,public,True,False,215,likely_release,release_title_pattern | music_category | licensed_content,vevo,trusted,top20_manual_audit_2026-07-10; confidence=high,likely_release,v2_release_signal_and_trusted_source,,,,final_likely_release,accepted_from_v3_likely_release,,,,final_likely_release,accepted_from_v3_likely_release,final_screening_v4,,3_XFBlfv-gEAo,2025-02-05 16:27:19+00:00,2026-07-10 23:59:59+00:00,520.3143518518518,1.4245430577737217,12594.551691062828,3.759732378104739,0.261401962971565,26351.0,0.0040211343410763,3.5833333333333335,15.695452898270275,10.112085832408304,7.446585099157725,9.4410989902143,1.9033236459555856,-0.4730715374041991,-0.4582270302869792,-0.1110935228462221,1.9033236459555856,-0.4730715374041991,-0.1110935228462221,1.007062274795368,86.84,high,1.007062274795368,86.84,1.2266028924034478,94.74,1.1077831332354586,90.79,1.1077831332354586,90.79,top_performer,PI_V2_FINAL_65_25_10,0.65,0.25,0.1,-3.0,3.0,-0.8938374386117435,-0.5523870951356681,-0.1839517499999998,-0.22095353879310325,2.02162142999769,1.9033236459555856,-0.41280738381394266,-0.4582270302869792,-0.26023683983898116,-0.11109352284622215,-0.39896501214454794,-0.4730715374041991,0,1,0,1,1,FM_V1
3,محسن چاووشی,pop,19,z-GvlJJq7So,Mohsen Chavoshi - Hamkhaab [Official Video] (محسن چاوشی - همخواب ),UCO7rnnjVkPeDutLWuROEzKw,MohsenChavoshiVEVO,2025-05-27T13:48:28Z,محسن چاووشی,pending_review,,Mohsen Chavoshi - Hamkhaab [Official Video] (محسن چاوشی - همخواب ),"Powered by: https://ng-network.com

Please take a moment and subscribe to NG Network official channel: https://bit.ly/NGNetworkMusic

Mohsen Chavoshi best songs:
https://bit.ly/MohsenChavoshiSongs

Best Persian Hits:
https://bit.ly/BestPersianHits

Get Connected With “Mohsen Chavoshi”

Audio Available on:
YouTube Music: https://bit.ly/Chavoshi_YouTubeMusic
Spotify: https://bit.ly/Chavoshi_Spotify
Apple Music: https://bit.ly/Chavoshi_AppleMusic

FOLLOW  NG Network👇
https://www.instagram.com/ng.networkco/

Please take a moment and share this video with your friends. Thank you",UCO7rnnjVkPeDutLWuROEzKw,MohsenChavoshiVEVO,2025-05-27T13:48:28Z,10,en,,PT2M56S,hd,False,True,953992,4331.0,253.0,public,True,False,176,likely_release,release_title_pattern | music_category | licensed_content,vevo,trusted,top20_manual_audit_2026-07-10; confidence=high,likely_release,v2_release_signal_and_trusted_source,,,,final_likely_release,accepted_from_v3_likely_release,,,,final_likely_release,accepted_from_v3_likely_release,final_screening_v4,,3_z-GvlJJq7So,2025-05-27 13:48:28+00:00,2026-07-10 23:59:59+00:00,409.42466435185185,1.120943639567014,2330.0794579882886,4.539870355306962,0.2652013853365646,4584.0,0.0048050717406435,2.933333333333333,13.768411612877298,8.37378460812088,5.537334267018537,7.754086725965855,0.6708084209742142,-0.1763258929708808,-0.1408367414614868,-0.0953586113713214,0.6708084209742142,-0.1763258929708808,-0.0953586113713214,0.3440997876361101,60.53,above_median,0.3440997876361101,60.53,0.4247648549506416,65.79,0.3824081392533869,61.84,0.3824081392533869,61.84,above_median,PI_V2_FINAL_65_25_10,0.65,0.25,0.1,-3.0,3.0,-0.9884875057771462,-0.6478425605808842,-0.9810759999999998,-1.1280259612068968,0.6341963639408259,0.6708084209742142,-0.09707677702683608,-0.14083674146148684,-0.24751373949762265,-0.09535861137132144,-0.10010418381205753,-0.1763258929708808,0,1,0,0,0,FM_V1
3,محسن چاووشی,pop,20,UhSnIS0P-cg,Mohsen Chavoshi - Havam Dobare Pase | محسن چاوشی -  هوام دوباره پسه  (Official Music Video),UCN73foROjDkwZEKS05z6KHQ,The ZiCord,2025-06-01T08:38:42Z,محسن چاووشی,pending_review,,Mohsen Chavoshi - Havam Dobare Pase | محسن چاوشی -  هوام دوباره پسه  (Official Music Video),"🎬 Watch all music videos from Shahrzad in this playlist: 
https://youtube.com/playlist?list=PLoYXKV2IegK4EiXVYHLLuBmTypIR6E7pE&si=a3gfjcf2u0XVAxMr

Mohsen Chavoshi - Havam Dobare Pase | محسن چاوشی -  هوام دوباره پسه (Official Music Video)

Artist: Mohsen Chavoshi
Lyrics: Hossein Safa
Label: The Zicord & Lotus Play
Release Date: July 24, 2017



📲 Follow ZiCord on Social Networks and Streaming Platforms
Spotify: https://open.spotify.com/user/31cqec5erd6tn562leotaxzkrxh4?si=dedb5cd1232540df
Instagram: https://www.instagram.com/theZiCord
Twitter: https://twitter.com/thezicord
Linkedin: https://www.linkedin.com/company/zicord
Website: https://zicord.com
TikTok: https://www.tiktok.com/@thezicord


Lyric:
دو روز دنیا برام، قفس تر از قفسه
بهم نفس برسون، هوام دوباره پسه
هوامو داشته باش می گن تو مومنی و
دم مسیحاییت، نفس تر از نفسه
همیشه می لنگه یه جای زندگیم
الهی من بمیرم برای زندگیم
همیشه می لنگه یه جای زندگیم
الهی من بمیرم برای زندگیم
من که یادم رفته چی دردمه چی دوامه
برام مهمم نیست کی نیستش و کی باهامه
همیشه می لنگه یه جای زندگیم
یه مرگ تازه می خوام به جای زندگیم
نزار که کشته ی این زهر گزنده بشم
می خوام تو این بازی یه بار برنده بشم
همیشه می لنگه یه جای زندگیم
الهی من بمیرم برای زندگیم
همیشه می لنگه یه جای زندگیم
الهی من بمیرم برای زندگیم


#ZiCord #mohsenchavoshi #هوام_دوباره_پسه #Shahrzad #شهرزاد",UCN73foROjDkwZEKS05z6KHQ,The ZiCord,2025-06-01T08:38:42Z,10,fa,zxx,PT4M22S,hd,False,True,247376,1667.0,50.0,public,True,False,262,likely_release,release_title_pattern | music_category | licensed_content,label_or_distributor,trusted,top20_manual_audit_2026-07-10; confidence=high,likely_release,v2_release_signal_and_trusted_source,,,,final_likely_release,accepted_from_v3_likely_release,,,,final_likely_release,accepted_from_v3_likely_release,final_screening_v4,,3_UhSnIS0P-cg,2025-06-01 08:38:42+00:00,2026-07-10 23:59:59+00:00,404.6397800925926,1.1078433404314652,611.3486912814001,6.738729707004722,0.2021214669167583,1717.0,0.0069408511739214,4.366666666666666,12.418668767763544,7.419380582918692,3.9318256327243257,6.417301877258186,-0.3058339624115521,0.6321356559300648,0.7537442494868386,-0.3565975147696553,-0.3058339624115521,0.6321356559300648,-0.3565975147696553,-0.0789560906798633,36.84,below_median,-0.0789560906798633,36.84,-0.123316393979039,36.84,-0.0764179130619581,38.16,-0.0764179130619581,38.16,below_median,PI_V2_FINAL_65_25_10,0.65,0.25,0.1,-3.0,3.0,-0.9925716512619782,-0.6519614589596814,0.7766851666666658,0.8721850215517234,-0.4651962405630336,-0.30583396241155214,0.792826314014556,0.7537442494868386,-0.45874904173019865,-0.35659751476965534,0.7141200270972916,0.6321356559300648,0,1,0,0,0,FM_V1
3,محسن چاووشی,pop,21,EBchKWBj1ko,Mohsen Chavoshi - Pesaram [ Lyric Video ] ( محسن چاوشی - پسرم ),UCO7rnnjVkPeDutLWuROEzKw,MohsenChavoshiVEVO,2025-06-17T13:28:36Z,محسن چاووشی,pending_review,,Mohsen Chavoshi - Pesaram [ Lyric Video ] ( محسن چاوشی - پسرم ),"Powered by: https://ng-network.com

Please take a moment and subscribe to NG Network official channel: https://bit.ly/NGNetworkMusic

Mohsen Chavoshi best songs:
https://bit.ly/MohsenChavoshiSongs

Best Persian Hits:
https://bit.ly/BestPersianHits

Get Connected With “Mohsen Chavoshi”

Audio Available on:
YouTube Music: https://bit.ly/Chavoshi_YouTubeMusic
Spotify: https://bit.ly/Chavoshi_Spotify
Apple Music: https://bit.ly/Chavoshi_AppleMusic

FOLLOW  NG Network👇
https://www.instagram.com/ng.networkco/

Please take a moment and share this video with your friends. Thank you",UCO7rnnjVkPeDutLWuROEzKw,MohsenChavoshiVEVO,2025-06-17T13:28:36Z,10,en,,PT5M,hd,False,True,327114,3558.0,767.0,public,True,False,300,likely_release,release_title_pattern | music_category | licensed_content,vevo,trusted,top20_manual_audit_2026-07-10; confidence=high,likely_release,v2_release_signal_and_trusted_source,,,,final_likely_release,accepted_from_v3_likely_release,,,,final_likely_release,accepted_from_v3_likely_release,final_screening_v4,,3_EBchKWBj1ko,2025-06-17 13:28:36+00:00,2026-07-10 23:59:59+00:00,388.4384606481481,1.063486545237914,842.1256727621096,10.876941983528678,2.344748314043422,4325.0,0.0132216902975721,5.0,12.698067070010971,8.177234885510194,6.643789733147672,6.737116024900454,-0.0721807670631841,3.0096362756972908,2.437328984558231,8.516868113547464,-0.0721807670631841,3.0,3.0,1.1566915397620896,90.79,top_performer,1.1566915397620896,90.79,0.8494734630557712,82.89,1.0030825014089304,88.16,1.0030825014089304,88.16,high,PI_V2_FINAL_65_25_10,0.65,0.25,0.1,-3.0,3.0,-1.00640031295412,-0.6659077917816228,1.5533703333333324,1.7559991767241376,-0.20217612249876668,-0.07218076706318416,2.467607328735088,2.437328984558231,6.716251195466082,8.516868113547464,3.1085673186204135,3.0096362756972908,0,1,0,0,1,FM_V1
3,محسن چاووشی,pop,22,tyQSLS1jZmY,Mohsen Chavoshi - Koli ( Official Video ) محسن چاوشی- کولی,UCO7rnnjVkPeDutLWuROEzKw,MohsenChavoshiVEVO,2025-03-12T17:21:11Z,محسن چاووشی,pending_review,,Mohsen Chavoshi - Koli ( Official Video ) محسن چاوشی- کولی,"Powered by: https://ng-network.com

Please take a moment and subscribe to NG Network official channel: https://bit.ly/NGNetworkMusic",UCO7rnnjVkPeDutLWuROEzKw,MohsenChavoshiVEVO,2025-03-12T17:21:11Z,10,en,,PT4M12S,hd,False,True,2160654,11313.0,1049.0,public,True,False,252,likely_release,release_title_pattern | music_category | licensed_content,vevo,trusted,top20_manual_audit_2026-07-10; confidence=high,likely_release,v2_release_signal_and_trusted_source,,,,final_likely_release,accepted_from_v3_likely_release,,,,final_likely_release,accepted_from_v3_likely_release,final_screening_v4,,3_tyQSLS1jZmY,2025-03-12 17:21:11+00:00,2026-07-10 23:59:59+00:00,485.2769444444445,1.3286158643242831,4452.414285771527,5.235914681388135,0.4855011491890881,12362.0,0.0057214158305772,4.2,14.585921974432908,9.3337961759031,6.956545443151569,8.401426336200018,1.1437486255331617,0.1705399634612299,0.1423409990742539,0.8169898850984345,1.1437486255331617,0.1705399634612299,0.8169898850984345,0.8514326489499697,81.58,high,0.8514326489499697,81.58,0.9164310190753026,85.53,0.8677705859717061,82.89,0.8677705859717061,82.89,high,PI_V2_FINAL_65_25_10,0.65,0.25,0.1,-3.0,3.0,-0.9237436728087934,-0.5825478080700223,0.5722943333333332,0.6396023491379311,1.1665785051521542,1.1437486255331617,0.18462018408311626,0.14234099907425396,0.49020261088594863,0.8169898850984345,0.24923411017208147,0.1705399634612299,0,1,0,0,1,FM_V1
3,محسن چاووشی,pop,24,7YdC-IA-N0s,Mohsen Chavoshi - Mah Pishooni | محسن چاوشی -  ماه پیشونی  (Shahrzad),UCN73foROjDkwZEKS05z6KHQ,The ZiCord,2025-05-28T08:29:50Z,محسن چاووشی,pending_review,,Mohsen Chavoshi - Mah Pishooni | محسن چاوشی -  ماه پیشونی  (Shahrzad),"🎬 Watch all music videos from Shahrzad in this playlist: 
https://youtube.com/playlist?list=PLoYXKV2IegK4EiXVYHLLuBmTypIR6E7pE&si=a3gfjcf2u0XVAxMr

Mohsen Chavoshi - Mah Pishooni | محسن چاوشی -  ماه پیشونی (Official Music Video)

Artist: Mohsen Chavoshi
Lyrics: Mohsen Abolhassani
Label: The Zicord & Lotus Play
Release Date: July 23, 2018



📲 Follow ZiCord on Social Networks and Streaming Platforms
Spotify: https://open.spotify.com/user/31cqec5erd6tn562leotaxzkrxh4?si=dedb5cd1232540df
Instagram: https://www.instagram.com/theZiCord
Twitter: https://twitter.com/thezicord
Linkedin: https://www.linkedin.com/company/zicord
Website: https://zicord.com
TikTok: https://www.tiktok.com/@thezicord


Lyric:
میون این همه سرگردونی ، دل من گرفته ماه پیشونی
بیا باز دوباره بی تابم کن ، منو تو رنگ چشمات خوابم کن
نگو قصه آخرش مرگ منه ، داره چشمات منو آتش میزنه
نگو از تلخی دنیا سیرم ، نگو میرم، نگو که می میرم
ای گل بهار ام، دشت لاله زارم ، قلب داغدارم، سنگ بی مزارم
درد ماندگارم، روز ناگذارم ، زخم بی شمارم، زهر روزگارم
خنده هام و با تو از نو ساختم ، باز به حرف های تو دل می باختم
میون این همه سرگردونی ، اومدم تو قلب تو مهمونی
بی ستون قلب مو می کندم ، شکل خنده هات شدم میخندم
چشم هات از صدتا غزل بهتر شد ، خنده هات غنچه ولی پرپر شد
ای گل بهارم دشت لاله زارم ، قلب داغدارم سنگ بی مزارم
درد موندگارم روزگذارم ، زخم بی شمارم زهر روزگارم

#ZiCord #mohsenchavoshi #ماه_پیشونی #MahPishooni #شهرزاد #Shahrzad",UCN73foROjDkwZEKS05z6KHQ,The ZiCord,2025-05-28T08:29:50Z,10,fa,zxx,PT4M2S,hd,False,True,2473072,7085.0,68.0,public,True,False,242,needs_review,music_category_and_licensed_but_no_release_pattern,label_or_distributor,trusted,top20_manual_audit_2026-07-10; confidence=high,trusted_needs_content_review,trusted_source_but_v2_content_ambiguous,likely_release,trusted_music_source_and_music_duration_signal,rule_based_content_review_v1,final_likely_release,accepted_after_trusted_content_review,,,,final_likely_release,accepted_after_trusted_content_review,final_screening_v4,,3_7YdC-IA-N0s,2025-05-28 08:29:50+00:00,2026-07-10 23:59:59+00:00,408.6459375,1.1188116016427103,6051.869780303396,2.864857958037615,0.0274961667108761,7153.0,0.0028923541247484,4.033333333333333,14.720972064870956,8.865876285425417,4.23410650459726,8.708287782411206,1.367938699565364,-0.9003513341108365,-0.8222965397168814,-1.0797899835326736,1.367938699565364,-0.9003513341108365,-1.0797899835326736,0.4337068886816082,64.47,above_median,0.4337068886816082,64.47,0.66950782452032,76.32,0.55609332283651,71.05,0.55609332283651,71.05,above_median,PI_V2_FINAL_65_25_10,0.65,0.25,0.1,-3.0,3.0,-0.9891521893062731,-0.6485129000486387,0.3679034999999996,0.4070196767241377,1.4189461205527043,1.367938699565364,-0.7749731184693843,-0.8222965397168814,-1.0435156202307467,-1.0797899835326736,-0.8292904318060271,-0.9003513341108365,0,1,0,0,0,FM_V1
3,محسن چاووشی,pop,25,chU8u8UCWg8,Mohsen Chavoshi - Zakhmie Aftab [ Official Video ] ( محسن چاشی - زخمی آفتاب ),UCO7rnnjVkPeDutLWuROEzKw,MohsenChavoshiVEVO,2026-06-24T16:19:40Z,محسن چاووشی,pending_review,,Mohsen Chavoshi - Zakhmie Aftab [ Official Video ] ( محسن چاشی - زخمی آفتاب ),"Powered by: https://ng-network.com

Please take a moment and subscribe to NG Network official channel: https://bit.ly/NGNetworkMusic

Mohsen Chavoshi best songs:
https://bit.ly/MohsenChavoshiSongs

Best Persian Hits:
https://bit.ly/BestPersianHits

Get Connected With “Mohsen Chavoshi”

Audio Available on:
YouTube Music: https://bit.ly/Chavoshi_YouTubeMusic
Spotify: https://bit.ly/Chavoshi_Spotify
Apple Music: https://bit.ly/Chavoshi_AppleMusic

FOLLOW  NG Network👇
https://www.instagram.com/ng.networkco/

Please take a moment and share this video with your friends. Thank you",UCO7rnnjVkPeDutLWuROEzKw,MohsenChavoshiVEVO,2026-06-24T16:19:40Z,10,en,fa,PT3M34S,hd,False,True,22403,893.0,386.0,public,True,False,214,likely_release,release_title_pattern | music_category | licensed_content,vevo,trusted,top20_manual_audit_2026-07-10; confidence=high,likely_release,v2_release_signal_and_trusted_source,,,,final_likely_release,accepted_from_v3_likely_release,,,,final_likely_release,accepted_from_v3_likely_release,final_screening_v4,,3_chU8u8UCWg8,2026-06-24 16:19:40+00:00,2026-07-10 23:59:59+00:00,16.319664351851852,0.0446808058914492,1372.761076269185,39.860732937553,17.22983528991653,1279.0,0.0570905682274695,3.566666666666667,10.016994793329722,6.795705775173514,5.958424693029782,7.225307568483641,0.2844873632906228,19.615424517285163,14.229055641868383,70.1619034271149,0.2844873632906228,3.0,3.0,1.3706924179743736,94.74,top_performer,1.3706924179743736,94.74,1.0991411543034362,90.79,1.2349167861389048,93.42,1.2349167861389048,93.42,top_performer,PI_V2_FINAL_65_25_10,0.65,0.25,0.1,-3.0,3.0,-1.3240228967760217,-0.9862330961646523,-0.20439083333333305,-0.2442118060344825,0.19932017895583667,0.28448736329062285,14.197673255948196,14.229055641868383,56.561842706559084,70.1619034271149,19.832720552519273,19.615424517285163,0,1,0,1,1,FM_V1
4,فرزاد فرزین,pop,2,yVmTAyPIPgc,Farzad Farzin - 🕺 Nagi ke Nagoftam (Official video) – موزیک ویدئوی نگی که نگفتم فرزاد فرزین,UCMQ39QYA6tpAu_ZDaOWn7IQ,Farzad Farzin,2022-03-13T12:00:18Z,فرزاد فرزین,pending_review,,Farzad Farzin - 🕺 Nagi ke Nagoftam (Official video) – موزیک ویدئوی نگی که نگفتم فرزاد فرزین,"Farzad Farzin's Nagi ke Nagoftam – Official Music Video
 موزیک ویدئوی نگی که نگفتم با صدای فرزاد فرزین

Subscribe to the official Farzad Farzin YouTube channel:
https://youtube.com/c/farzadfarzinnet​

Follow Farzad Farzin:
Website: http://farzadfarzin.net​
Spotify: https://open.spotify.com/artist/6CwqlS95wmmB4ZWgCtdzUi
Instagram: https://instagram.com/farzadfarzin1​
Facebook: https://facebook.com/farzadfarzinfans​
YouTube: https://youtube.com/c/farzadfarzinnet​

–
Director:  Vahid Amini (V Media)
Music and Lyrics: Farzad Farzin
Lyrics 2: Pedram Shahrabi
Arrangement, Mix & Mastering:  Hamed Baradaran
Executive Manager: Hamidreza Amini
Thanks to Shock Band

#FarzadFarzin #NagikeNagoftam #MusicVideo #PersianMusic #Nostalgia #Tehran #OldSchool",UCMQ39QYA6tpAu_ZDaOWn7IQ,Farzad Farzin,2022-03-13T12:00:18Z,10,en,fa-IR,PT4M26S,hd,False,True,11493600,24008.0,2059.0,public,True,False,266,likely_release,release_title_pattern | music_category | licensed_content,official_artist,trusted,top20_manual_audit_2026-07-10; confidence=high,likely_release,v2_release_signal_and_trusted_source,,,,final_likely_release,accepted_from_v3_likely_release,,,,final_likely_release,accepted_from_v3_likely_release,final_screening_v4,,4_yVmTAyPIPgc,2022-03-13 12:00:18+00:00,2026-07-10 23:59:59+00:00,1580.4997800925926,4.327172566988618,7272.130084906848,2.0888146446718174,0.1791431753323588,26067.0,0.0022679578200041,4.433333333333334,16.257301003683583,10.086184039035157,7.630461261783627,8.891942025998555,1.5021147551583471,-1.1367055174109624,-1.1380209609962928,-0.4517597129121133,1.5021147551583471,-1.1367055174109624,-0.4517597129121133,0.5493285168054506,69.74,above_median,0.5493285168054506,69.74,0.7789632538374391,80.26,0.6470222402089737,75.0,0.6470222402089737,75.0,above_median,PI_V2_FINAL_65_25_10,0.65,0.25,0.1,-3.0,3.0,0.011085501050858858,0.36023603324095066,0.8584414999999997,0.9652180905172416,1.5699862205215775,1.5021147551583471,-1.089046568784888,-1.1380209609962928,-0.5356962935531313,-0.45175971291211336,-1.0673293325481665,-1.1367055174109624,0,1,0,0,0,FM_V1
4,فرزاد فرزین,pop,3,DAWCE0GXe2Y,Farzad Farzin – Mankan (Official Music Video) – کلیپ «مانکن» فرزاد فرزین,UCMQ39QYA6tpAu_ZDaOWn7IQ,Farzad Farzin,2019-08-22T14:25:48Z,فرزاد فرزین,pending_review,,Farzad Farzin – Mankan (Official Music Video) – کلیپ «مانکن» فرزاد فرزین,"""Mankan"" Official Music Video by Farzad Farzin for Mankan Series.

© Copyright Notice: Farzad Farzin is the producer of this music and claimants will face legal consequences for a false takedown or copyright claim. 
UPC: 194171680960

Subscribe to the official Farzad Farzin YouTube channel:
https://youtube.com/c/farzadfarzinnet

Follow Farzad Farzin:
Website: http://farzadfarzin.net
Spotify: https://open.spotify.com/album/0I4QzMywA3yEZrYc09EjFl
Instagram: https://instagram.com/farzadfarzin1
Facebook: https://facebook.com/farzadfarzinfans
YouTube: https://youtube.com/c/farzadfarzinnet


Chorus:

Hamishe nemishe jangid ba in hame sardi
Nemishe berio harvaght bekhay bargardi
Ye roozi mifahmi cheghadr be man bad kardi

–

ویدئوکلیپ و آهنگ #مانکن با صدای فرزاد فرزین

همیشه نمیشه جنگید با این همه سردی
نمیشه بری و هر وقت بخوای برگردی
یه روزی می‌فهمی چقدر به من بد کردی


–

#FarzadFarzin #Mankan #MankanClip #Maankan #MankanSeries #Pop",UCMQ39QYA6tpAu_ZDaOWn7IQ,Farzad Farzin,2019-08-22T14:25:48Z,10,fa,,PT3M19S,hd,False,True,2649701,11589.0,770.0,public,True,False,199,likely_release,release_title_pattern | music_category | licensed_content,official_artist,trusted,top20_manual_audit_2026-07-10; confidence=high,likely_release,v2_release_signal_and_trusted_source,,,,final_likely_release,accepted_from_v3_likely_release,,,,final_likely_release,accepted_from_v3_likely_release,final_screening_v4,,4_DAWCE0GXe2Y,2019-08-22 14:25:48+00:00,2026-07-10 23:59:59+00:00,2514.398738425926,6.884048565163384,1053.8109805363554,4.373701032682555,0.2905988260562229,12359.0,0.0046642998587387,3.316666666666667,14.789957738808925,9.357897936333798,6.647688373563329,6.961116864489751,0.0914721304606009,-0.2296126003495481,-0.2084408459185448,0.009822240616662,0.0914721304606009,-0.2296126003495481,0.009822240616662,-0.0010465357185271,44.74,below_median,-0.0010465357185271,44.74,0.0190901953141772,40.79,0.0030359587736697,44.74,0.0030359587736697,44.74,below_median,PI_V2_FINAL_65_25_10,0.65,0.25,0.1,-3.0,3.0,0.8082164257092009,1.1641499206032067,-0.5109770833333329,-0.5930858146551721,-0.017954355858304658,0.09147213046060093,-0.16432736935123327,-0.20844084591854484,-0.1624654990949138,0.009822240616662013,-0.15377071541932466,-0.2296126003495481,0,1,0,0,0,FM_V1
4,فرزاد فرزین,pop,4,U-SNKX13tJc,Farzad Farzin - Asheghaneh I Official Video ( فرزاد فرزین - عاشقانه ),UC8u6telGfDJ2wd8lSwLoauQ,Persian Music Group,2019-02-14T11:24:08Z,فرزاد فرزین,pending_review,,Farzad Farzin - Asheghaneh I Official Video ( فرزاد فرزین - عاشقانه ),"►Subscribe to Persian Music Group on YouTube: 
https://bit.ly/PersianMusic-YouTube

►Listen To More Music By Farzad Farzin : 
Youtube : https://bit.ly/FarzadFarzin-YouTubeMusic
Spotify : https://bit.ly/FarzadFarzin-SpotifyMusic
Apple Music : https://bfan.link/asheghaneh-1
Deezer : https://bfan.link/asheghaneh-1
Anghami : https://bfan.link/asheghaneh-1

►Follow Persian Music Group Online :
Instagram : https://bit.ly/PersianMedia-Instagram
Facebook : https://bit.ly/PersianMedia-FaceBook

Official Music Video By Farzad Farzin Performing “ Asheghaneh “

►Official Lyrics :
""متن آهنگ عاشقانه از فرزاد فرزین""

وقتی یاد تو می افتم
بایدم تو هر نفس بغضم بگیره
من فراموشی بگیرم
اون همه خاطره رو یادم نمیره
نمیره
همه جا با توئم عشقم، همه جا کنارمی واسه همیشه
هرجای دنیا که باشیم ما که حسمون به هم عوض نمیشه
نمیشه
میدونی دوسِت دارم هرجا باشی
حتی از من اگه جدا شی
بازم بغضت تو صدامه و عشقت تنها تکیه گامه
دوسِت دارم، آرزومی
هرجا میرم رو به رومی
حسم با تو عاشقونه س و این حال من یه نشونه ست
من که زندگی ندارم واسه من درد نبودن تو کم نیست
آره، زنده موندم اما زندگی نکردنم دست خودم نیست
دست خودم نیست
شاید از خودت بپرسی عشق دیوونه ت چرا آدم نمیشه
چرا بعد این همه سال حتی یک شب به تو حسم کم نمیشه
نمیشه
آخه دوسِت دارم هرجا باشی
حتی از من اگه جدا شی
بازم بغضت تو صدامه و عشقت تنها تکیه گامه
دوسِت دارم، آرزومی
هرجا میرم رو به رومی
حسم با تو عاشقونه س و این حال من یه نشونه ست
ای، عاشقونه ست
میدونی دوسِت دارم، آرزومی
هرجا میرم رو به رومی (هی)
حسم با تو عاشقونه س و این حال من یه نشونه ست
(دوسِت دارم)
دوسِت دارم #PersianMusic #WorldMusic #TraditionalAndContemporary",UC8u6telGfDJ2wd8lSwLoauQ,Persian Music Group,2019-02-14T11:24:08Z,10,fa,fa-IR,PT3M55S,hd,True,True,4008766,13866.0,514.0,public,True,False,235,likely_release,release_title_pattern | music_category | licensed_content,trusted_music_platform,trusted,top20_manual_audit_2026-07-10; confidence=high,likely_release,v2_release_signal_and_trusted_source,,,,final_likely_release,accepted_from_v3_likely_release,,,,final_likely_release,accepted_from_v3_likely_release,final_screening_v4,,4_U-SNKX13tJc,2019-02-14 11:24:08+00:00,2026-07-10 23:59:59+00:00,2703.524895833333,7.401847764088523,1482.7923375805792,3.45891977730803,0.1282190080438718,14380.0,0.0035871387853519,3.9166666666666665,15.203994270703928,9.537267195753865,6.244166900663736,7.302356479690723,0.3407785700254311,-0.6373528830010977,-0.5806092255386617,-0.6626568407489267,0.3407785700254311,-0.6373528830010977,-0.6626568407489267,-0.0542696048473547,40.79,below_median,-0.0542696048473547,40.79,0.0448087383426895,46.05,-0.0040978343086368,43.42,-0.0040978343086368,43.42,below_median,PI_V2_FINAL_65_25_10,0.65,0.25,0.1,-3.0,3.0,0.9696453548090832,1.3269524840353497,0.2248299166666663,0.2442118060344825,0.26268639921785597,0.3407785700254311,-0.5345496239742799,-0.5806092255386617,-0.7062257130196641,-0.6626568407489267,-0.5644173446241841,-0.6373528830010977,0,1,0,0,0,FM_V1
4,فرزاد فرزین,pop,5,X9f9cevCym8,Farzad Farzin &amp; İlyas Yalçıntaş – 🎭 Neghab (Mask) – کلیپ نقاب فرزاد فرزین و ایلیاس یالچینتاش,UCMQ39QYA6tpAu_ZDaOWn7IQ,Farzad Farzin,2022-03-23T16:00:30Z,فرزاد فرزین,pending_review,,Farzad Farzin & İlyas Yalçıntaş – 🎭 Neghab (Mask) – کلیپ نقاب فرزاد فرزین و ایلیاس یالچینتاش,"Watch Neghab (Mask) by Farzad Farzin & İlyas Yalçıntaş
By Alfa7 (DMC Turkey)

Subscribe to the official Farzad Farzin YouTube channel:
https://youtube.com/c/farzadfarzinnet​

Follow Farzad Farzin:
Website: http://farzadfarzin.net​
Spotify: https://open.spotify.com/artist/6Cwql...
Instagram: https://instagram.com/farzadfarzin1​
Facebook: https://facebook.com/farzadfarzinfans​
YouTube: https://youtube.com/c/farzadfarzinnet​

–

Vocal : İlyas Yalçıntaş – Farzad Farzin
Music Producer : Farzad Farzin
Turkish – Lyrics : İlyas Yalçıntaş
Persian - Lyrics: Farzad Farzin
Arrangement: Mehran Khalili
Mixing - Mastering: Mohammad Falahi
Strings: Istanbul Strings
Production Company: Alfa7 - 17 Art Group
Director: Vahid Amini
Cinematographer: Vahid Amini
Cover Photo: 17 Art Group
Producer: Nasuh Yalçıntaş - HamidReza Amini
Coordinator: Sepehr Mardi
Makeup : Missun Beauty
Hairdresser : Makas Cihangir
Social Media: Ömer Can Peker - 17 Art Group

#FarzadFarzin #IlyasYalcintas #PersianMusic #TurkishMusic #PersianTurkish #Neghab #Mask",UCMQ39QYA6tpAu_ZDaOWn7IQ,Farzad Farzin,2022-03-23T16:00:30Z,10,en,fa-IR,PT4M1S,hd,False,False,5256030,27288.0,5663.0,public,True,False,241,needs_review,insufficient_evidence,official_artist,trusted,top20_manual_audit_2026-07-10; confidence=high,trusted_needs_content_review,trusted_source_but_v2_content_ambiguous,likely_release,trusted_music_source_and_music_duration_signal,rule_based_content_review_v1,final_likely_release,accepted_after_trusted_content_review,,,,final_likely_release,accepted_after_trusted_content_review,final_screening_v4,,4_X9f9cevCym8,2022-03-23 16:00:30+00:00,2026-07-10 23:59:59+00:00,1570.332974537037,4.299337370395721,3347.0799411504267,5.191751188634768,1.0774291623145225,32951.0,0.0062691803509492,4.016666666666667,15.4748867371505,10.214238969571854,8.641885635373555,8.116142308609382,0.9353228097278996,0.3778865394572676,0.1243735828861553,3.268398018040626,0.9353228097278996,0.3778865394572676,3.0,1.1056653207010565,89.47,high,1.1056653207010565,89.47,1.0303032747009833,88.16,1.0024314611874516,86.84,1.0024314611874516,86.84,high,PI_V2_FINAL_65_25_10,0.65,0.25,0.1,-3.0,3.0,0.0024076081792522553,0.3514842982665278,0.3474644166666664,0.38376140948275844,0.9319564936748175,0.9353228097278996,0.1667467222438855,0.12437358288615534,2.4723880018109243,3.2683980180406254,0.4580586392478782,0.37788653945726763,0,1,0,0,1,FM_V1
4,فرزاد فرزین,pop,7,yXuQxa1ieGA,Farzad Farzin - Kharabesh Kardi (Music Video) - موزیک ویدیو آهنگ خرابش کردی از فرزاد فرزین,UCCn_0vWsa35jSTRNlX15hzQ,TPM - Top Persian Music,2020-11-02T17:30:03Z,فرزاد فرزین,pending_review,,Farzad Farzin - Kharabesh Kardi (Music Video) - موزیک ویدیو آهنگ خرابش کردی از فرزاد فرزین,"موزیک ویدیو آهنگ خرابش کردی از فرزاد فرزین با حضور یکتا ناصر

Farzad Farzin - Kharabesh Kardi (Music Video) - موزیک ویدیو آهنگ خرابش کردی از فرزاد فرزین

-----------------------------

موزیک ویدیوها و آهنگهای بیشتر از فرزاد فرزین 👇👇

https://www.youtube.com/playlist?list=PLlVABjnN0Zp_MJP1qNayzvcxT0OyjaT75

-----------------------------

شناسنامه موزیک ویدیو آهنگ خرابش کردی از فرزاد فرزین

خواننده :‌ فرزاد فرزین
با حضور :‌ یکتا ناصر
ترانه :‌ حامد رجبی و مسعود محمدی
موزیک :‌ فرزاد فرزین
تنظیم :‌ فرزاد فرزین و محمد شاکر
میکس و مسترینگ :‌ محمد فلاحی و محمد شاکر
کارگردان :‌ وحید امینی

-----------------------------

متن آهنگ خرابش کردی از فرزاد فرزین 

خرابش کردی 
تویی که عشقمونو حراجش کردی 
همه ی زندگیمو تباهش کردی
آهش کردی خرابش کردی

خرابش کردم 
کسی که با دلم انتخابش کردم 
زدم و از تو این سینه پاکش کردم 
خاکش کردم خرابش کردم

ولی هرجا برم هرجا بری فرقی نداره 
قلبم نمیتونه تورو تنها بذاره 
مثل همین بارونی که هرشب میباره
حال منم بعد تو تعریفی نداره 

هرجا برم هرجا بری یاد توام من 
چی شد که این دنیا واسه من شد جهنم 
باید نگه دارم من عشقتو تو سینم
شاید یه روز یه جا تورو بازم ببینم 

بهت گفتم جفتم بیارم جفت پوچه 
به تو گفتم بی تو خرابست این کوچه
قسم خوردم بازم نشد با تو بد شم 
منو این بار با عشق بکش تا راحت شم

غمت کوهه روح منو زخمی کرده 
غمت میره میره ولی برمیگرده
به تو گفتم بی تو تو قلبم آتیشه 
آخه تنها بی عشق حالم داغون میشه

ولی هرجا برم هرجا بری فرقی نداره 
قلبم نمیتونه تورو تنها بذاره 
مثل همین بارونی که هرشب میباره
حال منم بعد تو تعریفی نداره

هرجا برم هرجا بری یاد توام من 
چی شد که این دنیا واسه من شد جهنم 
باید نگه دارم من عشقتو تو سینم
شاید یه روز یه جا تورو بازم ببینم

-----------------------------

#Farzad_Farzin
#Kharabesh_Kardi
#Top_Persian_Music
#فرزاد_فرزین
#خرابش_کردی
#TPM
#Persian_Music
#Persian_Music2019
#Persian_Music_Video
#یکتا_ناصر
#Yekta_Naser
#Atish
#Ayandeh
#Jaye_To_Khalie",UCCn_0vWsa35jSTRNlX15hzQ,TPM - Top Persian Music,2020-11-02T17:30:03Z,10,fa,fa,PT4M53S,hd,True,True,625761,3289.0,152.0,public,True,False,293,likely_release,release_title_pattern | music_category | licensed_content,trusted_music_platform,trusted,top20_manual_audit_2026-07-10; confidence=high,likely_release,v2_release_signal_and_trusted_source,,,,final_likely_release,accepted_from_v3_likely_release,,,,final_likely_release,accepted_from_v3_likely_release,final_screening_v4,,4_yXuQxa1ieGA,2020-11-02 17:30:03+00:00,2026-07-10 23:59:59+00:00,2076.270787037037,5.684519608588738,301.38698858880474,5.256000294041974,0.2429042397976224,3441.0,0.0054989045338395,4.883333333333334,13.34672538609776,8.098642843759418,5.030437921392435,5.71170761622626,-0.8213344645781774,0.08631224555853,0.1505126028004322,-0.1876999142046709,-0.8213344645781774,0.08631224555853,-0.1876999142046709,-0.4993776044879746,13.16,low,-0.4993776044879746,13.16,-0.5764416675134851,13.16,-0.5310593320066499,11.84,-0.5310593320066499,11.84,low,PI_V2_FINAL_65_25_10,0.65,0.25,0.1,-3.0,3.0,0.43425162374329546,0.7870029697256924,1.4102967499999999,1.5931913060344831,-1.0454879106165915,-0.8213344645781774,0.19274905725197553,0.1505126028004322,-0.3221800420996141,-0.18769991420467097,0.16440602250452113,0.08631224555853008,0,1,0,0,0,FM_V1
4,فرزاد فرزین,pop,9,q4kQ5Eor5vM,Farzad Farzin - Cheshmat | OFFICIAL MUSIC VIDEO فرزاد فرزین - چشمات,UCMQ39QYA6tpAu_ZDaOWn7IQ,Farzad Farzin,2024-03-22T17:00:06Z,فرزاد فرزین,pending_review,,Farzad Farzin - Cheshmat | OFFICIAL MUSIC VIDEO فرزاد فرزین - چشمات,"Farzad Farzin - Cheshmat | ORIGINAL VIDEO 

https://fanlink.tv/Cheshmat

℗ Farzad Farzin
Composer: Emad Toghraee
Composer: Farzin Kateb
Lyricist: Araz Shirafkan
Arranger, Mixer, Mastering  Engineer: Hamed Baradaran
Arranger, Mixer, Mastering  Engineer: Omid Nikan
Released on: 2024-03-18

Listen On YT Music: https://bit.ly/3R04d7O
Listen On Spotify: https://bit.ly/3QAtKTt
Get On iTunes/AppleMusic: https://bit.ly/3R04d7O
Listen On Deezer: https://bit.ly/477Eznd
Buy From Amazon: https://bit.ly/49rgJUO


►Follow Farzad Farzin Online: 
Subscribe: https://bit.ly/3SIklvJ


#Cheshmat 
#چشمات 
#FarzadFarzin",UCMQ39QYA6tpAu_ZDaOWn7IQ,Farzad Farzin,2024-03-22T17:00:06Z,10,en,fa,PT3M29S,hd,True,True,2697401,4376.0,586.0,public,True,False,209,likely_release,release_title_pattern | music_category | licensed_content,official_artist,trusted,top20_manual_audit_2026-07-10; confidence=high,likely_release,v2_release_signal_and_trusted_source,,,,final_likely_release,accepted_from_v3_likely_release,,,,final_likely_release,accepted_from_v3_likely_release,final_screening_v4,,4_q4kQ5Eor5vM,2024-03-22 17:00:06+00:00,2026-07-10 23:59:59+00:00,840.2915856481482,2.300592979187264,3210.077366084053,1.622302356972508,0.2172461565781283,4962.0,0.0018395485135506,3.4833333333333334,14.807799645519353,8.384118837190895,6.375024819828097,8.07436178787713,0.9047983559337892,-1.2988722870981346,-1.3278161947375466,-0.2939601899227704,0.9047983559337892,-1.2988722870981346,-0.2939601899227704,0.1740669132973242,53.95,above_median,0.1740669132973242,53.95,0.3441883727417483,59.21,0.2340048405901523,56.58,0.2340048405901523,56.58,above_median,PI_V2_FINAL_65_25_10,0.65,0.25,0.1,-3.0,3.0,-0.6207203674664288,-0.2769460106443966,-0.30658624999999984,-0.3605031422413792,0.8975955450526341,0.9047983559337891,-1.2778493344151067,-1.3278161947375466,-0.4081010943037122,-0.2939601899227704,-1.230652016556771,-1.2988722870981346,0,1,0,0,0,FM_V1
4,فرزاد فرزین,pop,10,g7KvUmXIY60,Farzad Farzin - Farar (Music Video) | فرزاد فرزین - موزیک ویدئوی آهنگ جدید فرار,UCMQ39QYA6tpAu_ZDaOWn7IQ,Farzad Farzin,2025-03-27T15:30:16Z,فرزاد فرزین,pending_review,,Farzad Farzin - Farar (Music Video) | فرزاد فرزین - موزیک ویدئوی آهنگ جدید فرار,"Farzad Farzin - Farar (Music Video) | فرزاد فرزین - موزیک ویدئوی آهنگ جدید فرار

Composers: Farzad Farzin & Emad Toghraei
Lyrics: Farzad Farzin
Arrangement: Alireza Afshar
Mix & Mastering: Mohammad Fallahi
Executive Manager: Hamidreza Amini


متن آهنگ فرار از فرزاد فرزین:

میدونی دوست دارمو سر به سرم میذاری
تو با اون دلبریات حرصمو در میاری 
شر و شیطونی و هر چی که میخوای می پوشی 
حرف به خرجت نمیره بس که تو بازیگوشی
هوار هوار کردم هوای یار کردم
اونیکه میگفت دوسم نداشت
دلشو شکار کردم
تا وقتی عاشقم بشی
خودمو هلاک کردم
با این که نمکی 
دعوا داری الکی
انگار شد خبری
اوضاع شد خطری
من که فرار کردم
تو رو بیقرار کردم
الان نمیفهمی چی شد
میبینی چیکار کردم
اینور و‌ اونور میشینی
میگی تمومه دیگه
اما این عشق منه
به هیچکی رو نمیده
لج کردن کارته 
هر روز تو این رابطه 
اما توش ثابته
عشق..

---------------------------------------
Farzad Farzin - Farar 

℗ Farzad Farzin
Released on: 2025-03-09

►Follow Farzad Farzin Online: 
Subscribe: https://bit.ly/3SIklvJ


#farar
#فرار
#farzadfarzin",UCMQ39QYA6tpAu_ZDaOWn7IQ,Farzad Farzin,2025-03-27T15:30:16Z,10,fa,fa,PT3M28S,hd,False,True,2144441,5556.0,613.0,public,True,False,208,likely_release,release_title_pattern | music_category | licensed_content,official_artist,trusted,top20_manual_audit_2026-07-10; confidence=high,likely_release,v2_release_signal_and_trusted_source,,,,final_likely_release,accepted_from_v3_likely_release,,,,final_likely_release,accepted_from_v3_likely_release,final_screening_v4,,4_g7KvUmXIY60,2025-03-27 15:30:16+00:00,2026-07-10 23:59:59+00:00,470.3539699074074,1.287758986741704,4559.206761712139,2.5908849905406584,0.2858553814257422,6169.0,0.0028767403719664,3.466666666666667,14.578389936641871,8.622813673279921,6.419994928147142,8.425123243961226,1.1610613625058708,-0.9062616442119684,-0.933759334536952,-0.009822240616662,1.1610613625058708,-0.9062616442119684,-0.009822240616662,0.4685980703580311,65.79,above_median,0.4685980703580311,65.79,0.6305084008500497,75.0,0.5271422505141578,69.74,0.5271422505141578,69.74,above_median,PI_V2_FINAL_65_25_10,0.65,0.25,0.1,-3.0,3.0,-0.9364812011947234,-0.5953937228919932,-0.32702533333333306,-0.38376140948275844,1.1860672098359841,1.1610613625058708,-0.885853057401848,-0.933759334536952,-0.17834984050250308,-0.009822240616662013,-0.8352428702180528,-0.9062616442119684,0,1,0,0,0,FM_V1
4,فرزاد فرزین,pop,11,ZdEe9HWpIMo,Farzad Farzin - Soghoot (Music Video) | فرزاد فرزین - موزیک ویدیوی آهنگ جدید سقوط,UCMQ39QYA6tpAu_ZDaOWn7IQ,Farzad Farzin,2024-07-22T16:25:38Z,فرزاد فرزین,pending_review,,Farzad Farzin - Soghoot (Music Video) | فرزاد فرزین - موزیک ویدیوی آهنگ جدید سقوط,"من به قله نرسیدم که بخوام سقوط کنم...

ترانه #سقوط با صدای #فرزاد_فرزین منتشر شد 🔥

آخرین قسمت سریال «قطب شمال» در #فیلیمو 🧡

Lyrics & Melody: Farzad Farzin & Peyman Zarei
Arrangement, Mix & Mastering: Ehsan Ahmadi
Classic Guitar: Mehrdad Moafi
Acoustic Guitar: Amir Hossein Balouchian 
Photo: Fattah Zinouri
Cover Art: HaditsArtwork

کارگردان: امین محمودی یکتا
تهیه کننده: اکبر تحویلیان
با تشکر از کست تصویر
نویسندگان: حامد افضلی و امین محمودی یکتا

---------------------------------------
متن آهنگ سقوط از فرزاد فرزین:

زندگیم رو لب تیغه نمیشه با تو بیام
زخم من خیلی عمیقه نمیشه با تو بیام
آخر قصه چی میشه خودمم نمیدونم
واسه اینکه با تو باشم میخوام و نمیتونم
خیلی حرفارو نمیشه با ترانه ها بگی
عمریه چشمامو بستم رو تموم زندگی
وقتی ترسی تو دلم نیست واسه چی سکوت کنم
,من به قله نرسیدم که بخوام سقوط کنم
,رو به روم وایساده دنیا پل های شکسته پشتم
یه روزی توی گذشتم همه احساسمو کشتم
همه احستسمو کشتم
,میخوام حرفامو بدونی میکشه منو نگفتن
تو که رفتی همه دنیا دارن از چشام میافتن
سخته این بازی رو باختن
رو به روم وایساده دنیا پل های شکسته پشتم
یه روزی توی گذشتم همه احساسمو کشتم
همه احستسمو کشتم
میخوام حرفامو بدونی میکشه منو نگفتن
تو که رفتی همه دنیا دارن از چشام میافتن
سخته این بازی رو باختن
---------------------------------------
Farzad Farzin - Soghoot | ORIGINAL MUSIC

℗ Farzad Farzin
Released on: 2024-07-22

Listen On YT Music: https://bit.ly/3R04d7O
Listen On Spotify: https://bit.ly/3QAtKTt
Get On iTunes/AppleMusic: https://bit.ly/3R04d7O
Listen On Deezer: https://bit.ly/477Eznd
Buy From Amazon: https://bit.ly/49rgJUO


►Follow Farzad Farzin Online: 
Subscribe: https://bit.ly/3SIklvJ


#Ghotbe_Shomal
#قطب_شمال
#FarzadFarzin",UCMQ39QYA6tpAu_ZDaOWn7IQ,Farzad Farzin,2024-07-22T16:25:38Z,10,en,fa,PT3M14S,hd,False,True,732623,3023.0,497.0,public,True,False,194,likely_release,release_title_pattern | music_category | licensed_content,official_artist,trusted,top20_manual_audit_2026-07-10; confidence=high,likely_release,v2_release_signal_and_trusted_source,,,,final_likely_release,accepted_from_v3_likely_release,,,,final_likely_release,accepted_from_v3_likely_release,final_screening_v4,,4_ZdEe9HWpIMo,2024-07-22 16:25:38+00:00,2026-07-10 23:59:59+00:00,718.3155208333334,1.966640714122747,1019.918098317113,4.126269582036054,0.6783843805067544,3520.0,0.0048046539625428,3.2333333333333334,13.504387888823013,8.014335737299424,6.210600077024653,6.928457597823803,0.067611578729259,-0.1764840354855648,-0.3091055256035935,1.6157956714028907,0.067611578729259,-0.1764840354855648,1.6157956714028907,0.2388152890765978,56.58,above_median,0.2388152890765978,56.58,0.1736108651536574,56.58,0.1614060844429162,55.26,0.1614060844429162,55.26,above_median,PI_V2_FINAL_65_25_10,0.65,0.25,0.1,-3.0,3.0,-0.7248332294247939,-0.38194479188881125,-0.6131724999999997,-0.7093771508620689,-0.044813843587967916,0.067611578729259,-0.26446565813317213,-0.3091055256035935,1.1361094015673723,1.6157956714028907,-0.1002634535564317,-0.17648403548556482,0,1,0,0,0,FM_V1
4,فرزاد فرزین,pop,13,ErJWJv7oZl4,Farzad Farzin – Ayandeh (Official Music Video) | موزیک‌ویدئوی «آینده» فرزاد فرزین,UCMQ39QYA6tpAu_ZDaOWn7IQ,Farzad Farzin,2019-10-14T15:19:21Z,فرزاد فرزین,pending_review,,Farzad Farzin – Ayandeh (Official Music Video) | موزیک‌ویدئوی «آینده» فرزاد فرزین,"""Ayandeh"" Music Video by Farzad Farzin
Listen to Farzad Farzin on Spotify &  Music.

موزیک‌ویدئوی #آینده با صدای فرزاد فرزین
تیتراژ پایانی سریال «مانکن»
_
Directed by: Vahid Amini

Subscribe to the official Farzad Farzin YouTube channel:
 https://youtube.com/c/farzadfarzinnet

Follow Farzad Farzin:
Website: http://farzadfarzin.net
Instagram: https://instagram.com/farzadfarzin1
Facebook: https://facebook.com/farzadfarzinfans
YouTube: https://youtube.com/c/farzadfarzinnet
Spotify: https://open.spotify.com/artist/6CwqlS95wmmB4ZWgCtdzUi


Chorus:

Yadet Mioftam, Ba Gerye Mikhandam
Roo kolle donya, cheshmamo mibandam
roo harchi daram, hatta roo ayandam.
deltang ke mishi, hesseto migiram
deltangami ke daram barat mimiram

–

یادت میافتم، با گریه می‌خندم
رو کل دنیا چشمامو می‌بندم
رو هر چه دارم، حتی رو آینده‌م
دلتنگ که می‌شی، حستو می‌گیرم
دلتنگمی که دارم برات می‌میرم
بدون چشمات از زندگی سیرم
دستاتو می‌گیرم

لحظه ای که تو رو راهی کردم
می دونستم چه گناهی کردم.

–

#FarzadFarzin #Ayandeh #MusicVideo #Pop #Mankan",UCMQ39QYA6tpAu_ZDaOWn7IQ,Farzad Farzin,2019-10-14T15:19:21Z,10,fa,fa-IR,PT4M1S,hd,False,True,1578985,6807.0,593.0,public,True,False,241,likely_release,release_title_pattern | music_category | licensed_content,official_artist,trusted,top20_manual_audit_2026-07-10; confidence=high,likely_release,v2_release_signal_and_trusted_source,,,,final_likely_release,accepted_from_v3_likely_release,,,,final_likely_release,accepted_from_v3_likely_release,final_screening_v4,,4_ErJWJv7oZl4,2019-10-14 15:19:21+00:00,2026-07-10 23:59:59+00:00,2461.3615509259257,6.738840659619235,641.5087614438482,4.310997254565432,0.3755577158744383,7400.0,0.0046865549704398,4.016666666666667,14.272293426827352,8.82585367025321,6.386879319362645,6.465380453164879,-0.2707082089975307,-0.2211883212332255,-0.2339511669497236,0.3616706222575878,-0.2707082089975307,-0.2211883212332255,0.3616706222575878,-0.1634714123681866,34.21,below_median,-0.1634714123681866,34.21,-0.1975663483191578,30.26,-0.1950903539309425,28.95,-0.1950903539309425,28.95,below_median,PI_V2_FINAL_65_25_10,0.65,0.25,0.1,-3.0,3.0,0.7629464509052853,1.1184947336074123,0.3474644166666664,0.38376140948275844,-0.4256556736288747,-0.2707082089975307,-0.18970429303819725,-0.23395116694972362,0.12203576878338991,0.3616706222575878,-0.14528638858239268,-0.22118832123322552,0,1,0,0,0,FM_V1
4,فرزاد فرزین,pop,14,tSA-WxB7ts8,Farzad Farzin - Oghyanoos ( فرزاد فرزین - اقیانوس ),UCuGnnvoIOfRfkvYVHzTUWYQ,Persian Media Group,2018-08-06T14:46:27Z,فرزاد فرزین,pending_review,,Farzad Farzin - Oghyanoos ( فرزاد فرزین - اقیانوس ),"►Subscribe to Persian Media Group on YouTube: 
https://bit.ly/PersianMedia-YouTube

►Listen To More Music By Farzad Farzin : 
Youtube : https://bit.ly/FarzadFarzin-YouTubeMusic
Spotify : https://bit.ly/FarzadFarzin-SpotifyMusic
iTunes : https://bit.ly/FarzadFarzin-iTunesMusic

►Follow Persian Media Group Online :
Instagram : https://bit.ly/PersianMedia-Instagram
Facebook : https://bit.ly/PersianMedia-FaceBook

Official Music Video By Farzad Farzin Performing “ Oghyanoos “

►Official Lyrics :
""متن آهنگ اقیانوس از فرزاد فرزین""

میخندی و خندت مثله اون اولا نیست اینجایی اما فکرت اصلا این جاها نیست
جوری غریبی میکنی با من که انگار حتی قیافم واسه ی تو آشنا نیست
حتی قیافم واسه ی تو آشنا نیست

اینکه تو رو از دست بدم کابوسه من بود آغوشه آرومه تو اقیانوسه من بود
تو تا همیشه تویه قلبم موندگاری واسه پشیمونی همیشه وقت داری

اینکه تو رو از دست بدم کابوسه من بود آغوشه آرومه تو اقیانوسه من بود
تمومه لحظه های بی تو ناتمومه تصویر خنده هات همیشه رو به رومه

غیر از کسی که بینه ماهارو بهم زد حالا دیگه هیشکی میونه ما دو تا نیست
من دست و پامو تویه عشقت بستمو اون حتما مثله من تویه عشق بی دست و پا نیست
هر روز میگم با خودم مردم براش تا بعدا نپرسم از خودم هر روز چرا نیست

اینکه تو رو از دست بدم کابوسه من بود آغوشه آرومه تو اقیانوسه من بود
تو تا همیشه تویه قلبم موندگاری واسه پشیمونی همیشه وقت داری

اینکه تو رو از دست بدم کابوسه من بود آغوشه آرومه تو اقیانوسه من بود
تمومه لحظه های بی تو ناتمومه تصویر خنده هات همیشه رو به رومه #PersianMusic #WorldMusic #TraditionalAndContemporary",UCuGnnvoIOfRfkvYVHzTUWYQ,Persian Media Group,2018-08-06T14:46:27Z,10,fa,en-US,PT3M49S,hd,False,True,926236,3509.0,104.0,public,True,False,229,needs_review,music_category_and_licensed_but_no_release_pattern,label_or_distributor,trusted,sources_21_40_manual_audit_2026-07-10; confidence=high,trusted_needs_content_review,trusted_source_but_v2_content_ambiguous,likely_release,trusted_music_source_and_music_duration_signal,rule_based_content_review_v1,final_likely_release,accepted_after_trusted_content_review,,,,final_likely_release,accepted_after_trusted_content_review,final_screening_v4,,4_tSA-WxB7ts8,2018-08-06 14:46:27+00:00,2026-07-10 23:59:59+00:00,2895.384398148148,7.927130453519913,319.90087416109895,3.7884513234208126,0.1122823988702663,3613.0,0.003900733722291,3.816666666666667,13.738885420406222,8.163371316459912,4.653960350157523,5.771132272204026,-0.7779193722376923,-0.518647063245088,-0.4465430530739722,-0.7286566455789424,-0.7779193722376923,-0.518647063245088,-0.7286566455789424,-0.7057118859907286,6.58,low,-0.7057118859907286,6.58,-0.7211386377732963,9.21,-0.7081750223236661,9.21,-0.7081750223236661,9.21,low,PI_V2_FINAL_65_25_10,0.65,0.25,0.1,-3.0,3.0,1.1334073347535032,1.4921079507558073,0.1021954166666668,0.10466220258620713,-0.9966161513575749,-0.7779193722376923,-0.40118450389281923,-0.44654305307397224,-0.7595925299033713,-0.7286566455789424,-0.4448653974071785,-0.518647063245088,0,1,0,0,0,FM_V1
4,فرزاد فرزین,pop,16,3IOHKH0M53M,Farzad Farzin – Bi Enteha (Official Music Video) | موزیک‌ویدئوی «بی انتها» فرزاد فرزین,UCMQ39QYA6tpAu_ZDaOWn7IQ,Farzad Farzin,2020-02-17T17:19:45Z,فرزاد فرزین,pending_review,,Farzad Farzin – Bi Enteha (Official Music Video) | موزیک‌ویدئوی «بی انتها» فرزاد فرزین,"""Bi Enteha"" Music Video by Farzad Farzin
Listen to my music on Spotify &  Music.

موزیک‌ویدئوی #بی_انتها با صدای فرزاد فرزین
تیتراژ پایانی سریال «مانکن»
_
This is my Official YouTube Channel:
https://youtube.com/c/farzadfarzinnet

Follow Farzad Farzin:
Website: http://farzadfarzin.net
Instagram: https://instagram.com/farzadfarzin1
Facebook: https://facebook.com/farzadfarzinfans
YouTube: https://youtube.com/c/farzadfarzinnet
Spotify: https://open.spotify.com/artist/6CwqlS95wmmB4ZWgCtdzUi


Chorus:
bemiram man vase eshghe dotamoono
vase tanhayie bi entehamoono
ki bayad jam kone in ghalbe daghoono?
To rafti zendegimoon raft
ye ashegh zire baroon raft
didi akhar yekimoon raft?
kojayi?

–
بمیرم من واسه عشق دوتامونو
واسه تنهایی بی انتهامونو
کی باید جمع کنه این قلب داغونو؟
تو رفتی و غمت یک شبه آبم کرد
ببین دنیا منو بی تو جوابم کرد
تو رفتی حرف این مردم خرابم کرد
تو رفتی زندگیمون رفت
یه عاشق زیر بارون رفت
دیدی آخر یکیمون رفت؟
کجایی؟

–

#FarzadFarzin #BiEnteha #MusicVideo #Pop #Mankan
My Publisher for this video: CDBaby",UCMQ39QYA6tpAu_ZDaOWn7IQ,Farzad Farzin,2020-02-17T17:19:45Z,10,fa,fa-IR,PT3M16S,sd,False,True,2543328,16594.0,1506.0,public,True,False,196,likely_release,release_title_pattern | music_category | licensed_content,official_artist,trusted,top20_manual_audit_2026-07-10; confidence=high,likely_release,v2_release_signal_and_trusted_source,,,,final_likely_release,accepted_from_v3_likely_release,,,,final_likely_release,accepted_from_v3_likely_release,final_screening_v4,,4_3IOHKH0M53M,2020-02-17 17:19:45+00:00,2026-07-10 23:59:59+00:00,2335.277939814815,6.393642545694223,1089.0900636014585,6.524522200832925,0.5921375457668063,18100.0,0.0071166597465997,3.2666666666666666,14.748984410790293,9.716856724154075,7.317876198626496,6.994015598967056,0.1155076351129402,0.6986848832346,0.6665963548332858,1.2586134001910922,0.1155076351129402,0.6986848832346,1.2586134001910922,0.4327678119050779,63.16,above_median,0.4327678119050779,63.16,0.3464536612450873,60.53,0.3756125236511703,60.53,0.3756125236511703,60.53,above_median,PI_V2_FINAL_65_25_10,0.65,0.25,0.1,-3.0,3.0,0.6553275863456468,1.0099601164129623,-0.5722943333333332,-0.6628606163793104,0.009102073915604168,0.11550763511294022,0.7061341289417057,0.6665963548332858,0.8472952011169224,1.2586134001910922,0.7811436130208579,0.6986848832346,0,1,0,0,0,FM_V1
4,فرزاد فرزین,pop,17,lY0HiviZ-VE,Farzad Farzin - Bi Enteha || فرزاد فرزین - بی انتها,UCCn_0vWsa35jSTRNlX15hzQ,TPM - Top Persian Music,2020-11-06T14:30:03Z,فرزاد فرزین,pending_review,,Farzad Farzin - Bi Enteha || فرزاد فرزین - بی انتها,"آهنگ فارسی بی انتها از فرزاد فرزین

Farzad Farzan - Bi Enteha || فرزاد فرزین - بی انتها

----------------------------------

آهنگها و موزیک ویدیوهای فرزاد فرزین در لینک زیر 

https://www.youtube.com/watch?v=T9Kb9OEp2Kg&list=PLlVABjnN0Zp_MJP1qNayzvcxT0OyjaT75

----------------------------------

شناسنامه آهنگ بی انتها از فرزاد فرزین 

خواننده : فرزاد فرزین
ترانه :‌ حامد رجبی و و مسعود محمدی
موزیک :‌ فرزاد فرزین و عماد طغرایی
میکس و مسترینگ : ایمان احمدزاده

----------------------------------

متن آهنگ بی انتها از فرزاد فرزین

بمیرم من واسه عشق دوتامونو
واسه تنهایی بی انتهامونو
کی باید جمع کنه این قلب داغونو

تو رفتی و غمت یه شبه آبم کرد
ببین دنیا منو بی تو جوابم کرد
تو رفتی حرف این مردم خرابم کرد

تو رفتی زندگیمون رفت
یه عاشق زیر بارون رفت
دیدی آخر یکیمون رفت کجایی

بمیرم بهتر از اینه نمیتونه تو این سینه
تموم شهر غمگینه کجایی

نه میتونم برم از خونه بیرون
نه از فکر توئه دیوونه بیرون
تو نیستی و هنوز بارونه بیرون
تو نیستی و هنوز اسمت عزیزه

رفیق قلبی که بی تو مریضه
همین تنهاییه بی همه چیزه

تو رفتی زندگیمون رفت
یه عاشق زیر بارون رفت
دیدی آخر یکیمون رفت کجایی

----------------------------------

#Farzad_Farzin
#فرزاد_فرزین
#Bi_Enteha
#بی_انتها
#TPM
#Top_Persian_Music
#Persian_Music
#Atish
#آتیش
#Kharabesh_Kardi
#Mankan
#سریال_مانکن
#Jaye_To_Khalie",UCCn_0vWsa35jSTRNlX15hzQ,TPM - Top Persian Music,2020-11-06T14:30:03Z,10,fa,fa,PT3M17S,hd,True,True,134335,1385.0,31.0,public,True,False,197,needs_review,music_category_and_licensed_but_no_release_pattern,trusted_music_platform,trusted,top20_manual_audit_2026-07-10; confidence=high,trusted_needs_content_review,trusted_source_but_v2_content_ambiguous,likely_release,trusted_music_source_and_music_duration_signal,rule_based_content_review_v1,final_likely_release,accepted_after_trusted_content_review,,,,final_likely_release,accepted_after_trusted_content_review,final_screening_v4,,4_lY0HiviZ-VE,2020-11-06 14:30:03+00:00,2026-07-10 23:59:59+00:00,2072.395787037037,5.673910436788602,64.82111227993884,10.310045781069714,0.2307663676629322,1416.0,0.0105408121487326,3.283333333333333,11.808099403180304,7.234177179749849,3.4657359027997265,4.186940642186431,-1.93531481307913,1.9948372440861133,2.2066936935065233,-0.2379676457662901,-1.93531481307913,1.9948372440861133,-0.2379676457662901,-0.698174723690893,7.89,low,-0.698174723690893,7.89,-0.9795496849147972,3.95,-0.7830420820565351,5.26,-0.7830420820565351,5.26,low,PI_V2_FINAL_65_25_10,0.65,0.25,0.1,-3.0,3.0,0.43094411139895844,0.7836673130299316,-0.5518552499999999,-0.6396023491379311,-2.2994799321985906,-1.93531481307913,2.238178064658537,2.2066936935065233,-0.3628260535888521,-0.23796764576629015,2.0865348646732205,1.9948372440861133,0,1,0,0,0,FM_V1
4,فرزاد فرزین,pop,18,04cQcPj2Qj8,Farzad Farzin – Nagi ke Nagoftam (Mp3) – آهنگ «نگی که نگفتم» فرزاد فرزین,UCMQ39QYA6tpAu_ZDaOWn7IQ,Farzad Farzin,2022-03-11T09:30:00Z,فرزاد فرزین,pending_review,,Farzad Farzin – Nagi ke Nagoftam (Mp3) – آهنگ «نگی که نگفتم» فرزاد فرزین,"Farzad Farzin's Nagi ke Nagoftam – Music (Mp3)
 موزیک نگی که نگفتم با صدای فرزاد فرزین

Subscribe to the official Farzad Farzin YouTube channel:
https://youtube.com/c/farzadfarzinnet​

Follow Farzad Farzin:
Website: http://farzadfarzin.net​
Spotify: https://open.spotify.com/artist/6CwqlS95wmmB4ZWgCtdzUi
Instagram: https://instagram.com/farzadfarzin1​
Facebook: https://facebook.com/farzadfarzinfans​
YouTube: https://youtube.com/c/farzadfarzinnet​

–
Cover art: Saalaar Pizari
Music and Lyrics: Farzad Farzin
Lyrics 2: Pedram Shahrabi
Arrangement, Mix & Mastering:  Hamed Baradaran
Executive Manager: Hamidreza Amini
Thanks to Shock Band

#FarzadFarzin #NagikeNagoftam #MusicVideo #IranianMusic #PersianMusic #OldSchool",UCMQ39QYA6tpAu_ZDaOWn7IQ,Farzad Farzin,2022-03-11T09:30:00Z,10,en,fa-IR,PT3M9S,hd,False,True,502830,2585.0,551.0,public,True,False,189,needs_review,music_category_and_licensed_but_no_release_pattern,official_artist,trusted,top20_manual_audit_2026-07-10; confidence=high,trusted_needs_content_review,trusted_source_but_v2_content_ambiguous,likely_release,trusted_music_source_and_music_duration_signal,rule_based_content_review_v1,final_likely_release,accepted_after_trusted_content_review,,,,final_likely_release,accepted_after_trusted_content_review,final_screening_v4,,4_04cQcPj2Qj8,2022-03-11 09:30:00+00:00,2026-07-10 23:59:59+00:00,1582.6041550925927,4.332934031738789,317.72316430609976,5.1409024918958695,1.0957977845395064,3136.0,0.0062367002764353,3.15,13.128009408531147,7.857867559331803,6.313548046277095,5.764322902516188,-0.7828942334112867,0.3655917814214977,0.1036863672704802,3.344469751283171,-0.7828942334112867,0.3655917814214977,3.0,0.0716614053086023,52.63,above_median,0.0716614053086023,52.63,-0.1749076071036011,34.21,-0.1174833063619618,36.84,-0.1174833063619618,36.84,below_median,PI_V2_FINAL_65_25_10,0.65,0.25,0.1,-3.0,3.0,0.012881693641727174,0.36204751003040675,-0.7153679166666664,-0.8256684870689656,-1.0022162826602143,-0.7828942334112867,0.1461676832214787,0.10368636727048029,2.5338988845845485,3.344469751283171,0.4456762449662886,0.36559178142149773,0,1,0,0,0,FM_V1
4,فرزاد فرزین,pop,19,MaOhPH1bWJk,Farzad Farzin - Man Be Jahanam - Official Video ( فرزاد فرزین - من به جهنم - ویدیو ),UCuGnnvoIOfRfkvYVHzTUWYQ,Persian Media Group,2020-03-13T13:30:00Z,فرزاد فرزین,pending_review,,Farzad Farzin - Man Be Jahanam - Official Video ( فرزاد فرزین - من به جهنم - ویدیو ),"این قلب از عشق تو نابود من این نفسای بغض آلود من دلتنگیای زود به زود من سرگیجه های گیج هر روزم تو خاطره های تلخ دیروزم تو آتیشی که توش میسوزم تو اصلا من به جهنم ولی این بارون نم نم دلش تنگ میشه مارو توی این کوچه نبینه اصلا من به جهنم ولی این بارون نم نم دلش میگیره تورو با کسی دیگه ببینه

این زندگی بی اسم تو هی درده هی فکر تو هی دوش آب سرده عشقت منو دیدی روانی کرده چشم من از عشق تو حلق آویزه بارون اشکام بعد تو میریزه پاییز هی پاییز هی پاییزه .. اصلا من به جهنم ولی این بارون نم نم دلش تنگ میشه مارو توی این کوچه نبینه اصلا من به جهنم ولی این بارون نم نم دلش میگیره تورو با کسی دیگه ببینه

اصلا من به جهنم ولی این بارون نم نم دلش تنگ میشه مارو توی این کوچه نبینه اصلا من به جهنم ولی این بارون نم نم دلش میگیره تورو با کسی دیگه ببینه من در این آیه تورا آ

ه کشیدم آه من در این آیه تورا به درخت و آب و آتش پیوند میزدمFarzad Farzin - Man Be Jahanam - Official Video ( فرزاد فرزین - من به جهنم - ویدیو )

Subscribe to Persian Media Group : http://bit.ly/PersianMedia #PersianMusic #WorldMusic #TraditionalAndContemporary",UCuGnnvoIOfRfkvYVHzTUWYQ,Persian Media Group,2020-03-13T13:30:00Z,10,fa,,PT3M15S,hd,False,True,64773,518.0,26.0,public,True,False,195,likely_release,release_title_pattern | music_category | licensed_content,label_or_distributor,trusted,sources_21_40_manual_audit_2026-07-10; confidence=high,likely_release,v2_release_signal_and_trusted_source,,,,final_likely_release,accepted_from_v3_likely_release,,,,final_likely_release,accepted_from_v3_likely_release,final_screening_v4,,4_MaOhPH1bWJk,2020-03-13 13:30:00+00:00,2026-07-10 23:59:59+00:00,2310.437488425926,6.325633096306436,28.03495023106169,7.9971593102064125,0.4014018186590091,544.0,0.0083985611288654,3.25,11.078659567256338,6.251903883165888,3.295836866004329,3.3685002847210006,-2.533259607371854,1.1839259904842463,1.2657220622567464,0.4687012786040807,-2.533259607371854,1.1839259904842463,0.4687012786040807,-1.153669075011439,2.63,low,-1.153669075011439,2.63,-1.48962639920304,2.63,-1.3037671193102356,1.32,-1.3037671193102356,1.32,low,PI_V2_FINAL_65_25_10,0.65,0.25,0.1,-3.0,3.0,0.6341249799952837,0.9885770924126857,-0.5927334166666665,-0.6861188836206895,-2.972577983163827,-2.533259607371854,1.302126917021523,1.2657220622567464,0.20857974346479108,0.46870127860408073,1.2698434877251403,1.1839259904842465,0,1,0,0,0,FM_V1
4,فرزاد فرزین,pop,20,gOOcxWbdRgE,Farzad Farzin - Asheghaneh - Official Video ( فرزاد فرزین - موزیک ویدئوی عاشقانه ),UCpToffK2aE57CCK_uBCNHyA,Fact Music,2019-09-08T11:12:47Z,فرزاد فرزین,pending_review,,Farzad Farzin - Asheghaneh - Official Video ( فرزاد فرزین - موزیک ویدئوی عاشقانه ),"For the latest Persian songs please subscribe to NG Network official channel: https://bit.ly/NGNetworkMusic

Enjoy the best songs from top artist 👇👇

Best Persian Hits: https://bit.ly/BestPersianHits

Mohsen Chavoshi: https://bit.ly/MohsenChavoshiSongs

Mohsen Lorestani: https://bit.ly/MohsenLorestani-Hits

Saman Jalili: https://bit.ly/SamanJalili-Hits

Majid Kharatha: https://bit.ly/MajidKharatha-Hits

Sohrab Pakzad:  https://bit.ly/SohrabPakzad-Hits

Yousef Zamani: https://bit.ly/YousefZamani-Hits

Asef Aria: https://bit.ly/AsefAria-Hits

Salar Aghili: https://bit.ly/SalarAghili-Hits

Soheil Rahmani: https://bit.ly/SoheilRahmani-Hits


FOLLOW  NG Network👇
                 https://www.instagram.com/ng.networkco/

Please take a moment and share this video with your friends. Thank you

#persianmusic
#persiansongs
#bestpersiansongs",UCpToffK2aE57CCK_uBCNHyA,Fact Music,2019-09-08T11:12:47Z,10,en,fa,PT3M55S,hd,False,True,74084,652.0,15.0,public,True,False,235,likely_release,release_title_pattern | music_category | licensed_content,label_or_distributor,trusted,top20_manual_audit_2026-07-10; confidence=high,likely_release,v2_release_signal_and_trusted_source,,,,final_likely_release,accepted_from_v3_likely_release,,,,final_likely_release,accepted_from_v3_likely_release,final_screening_v4,,4_gOOcxWbdRgE,2019-09-08 11:12:47+00:00,2026-07-10 23:59:59+00:00,2497.532777777778,6.837872081527113,29.662873960724347,8.800820690027535,0.2024728686356028,667.0,0.0090032935586631,3.9166666666666665,11.212968361642837,6.481577129276431,2.772588722239781,3.423052605538752,-2.4934041970758885,1.4128367615344826,1.592682580669249,-0.3551422211994848,-2.4934041970758885,1.4128367615344826,-0.3551422211994848,-1.196104661041835,1.32,low,-1.196104661041835,1.32,-1.4983298077661735,1.32,-1.3030177598356556,2.63,-1.3030177598356556,2.63,low,PI_V2_FINAL_65_25_10,0.65,0.25,0.1,-3.0,3.0,0.7938204584723356,1.149631454908643,0.2248299166666663,0.2442118060344825,-2.9277133079518527,-2.4934041970758885,1.6273777092112145,1.592682580669249,-0.4575723051372443,-0.35514222119948485,1.5003859200528222,1.4128367615344826,0,1,0,0,0,FM_V1
4,فرزاد فرزین,pop,21,ynz643RIo5o,Farzad Farzin - Gheseye Ma Music Video | فرزاد فرزین - موزیک ویدیو آهنگ جدید قصه ما,UCMQ39QYA6tpAu_ZDaOWn7IQ,Farzad Farzin,2024-11-12T16:30:12Z,فرزاد فرزین,pending_review,,Farzad Farzin - Gheseye Ma Music Video | فرزاد فرزین - موزیک ویدیو آهنگ جدید قصه ما,"موزیک ویدیو آهنگ فرزاد فرزین به اسم ""قصه ما"" منتشر شد😍🎵

Farzad Farzin - Gheseye Ma Music Video

---------------------------------------

متن آهنگ قصه ما از فرزاد فرزین:

چرا نمیپره از تو سرم عطر تنت
مثل آرامش محضه تو چشام زل زدنت
واسه عشقت یه تنه پا میذارم رو همه
دل من مال تو و قلب توام مال منه
عشقم بغل تو یه جوریه که انگاری توی بهشتم
از ته قلبم این شعرو فقط واسه ی تو نوشتم
با تو فقط خوبه عاشقی کردن تو نترس و دلت رو بدش من
بعد از این قصه ی ما دوتارو هم
تو کتاب عاشقا حک میکنن
جای شیرین جای فرهاد اسم ماست
که باهاش ترانه هارو میخونن
خوب نگاه کن عزیزم دنیا هم میدونه
که یه روحیم تو دوتا جسم تنمون زندونه
تو ازم دور نمیشی چون توی قلب منی 
خودتم بخوای نمیشه منو از یاد ببری

---------------------------------------

Farzad Farzin - Gheseye Ma | ORIGINAL MUSIC

℗ Farzad Farzin
Released on: 2024-08-28

►Follow Farzad Farzin Online: 
Subscribe: https://bit.ly/3SIklvJ


#Gheseye_Ma
#قصه_ما
#farzadfarzin",UCMQ39QYA6tpAu_ZDaOWn7IQ,Farzad Farzin,2024-11-12T16:30:12Z,10,fa,fa,PT3M41S,hd,False,True,376017,1507.0,503.0,public,True,False,221,likely_release,release_title_pattern | music_category | licensed_content,official_artist,trusted,top20_manual_audit_2026-07-10; confidence=high,likely_release,v2_release_signal_and_trusted_source,,,,final_likely_release,accepted_from_v3_likely_release,,,,final_likely_release,accepted_from_v3_likely_release,final_screening_v4,,4_ynz643RIo5o,2024-11-12 16:30:12+00:00,2026-07-10 23:59:59+00:00,605.312349537037,1.6572548926407584,621.1949917882731,4.007797519792987,1.3377054760821985,2010.0,0.0053455029958751,3.683333333333333,12.837392293566614,7.318539548567902,6.222576268071369,6.433253535231966,-0.2941798317730071,0.0282448051411705,-0.3573045405880052,4.346305226745558,-0.2941798317730071,0.0282448051411705,3.0,0.2805533022214883,57.89,above_median,0.2805533022214883,57.89,0.0997230787871291,51.32,0.115844310632838,53.95,0.115844310632838,53.95,above_median,PI_V2_FINAL_65_25_10,0.65,0.25,0.1,-3.0,3.0,-0.8212872640084692,-0.47921957510860747,-0.061317250000000295,-0.0814039353448279,-0.452077349499223,-0.2941798317730071,-0.3124126331458079,-0.3573045405880052,3.343973558355223,4.346305226745558,0.1059246811004378,0.028244805141170514,0,1,0,0,0,FM_V1
4,فرزاد فرزین,pop,22,k9U11IVfTZc,Farzad Farzin - Rooz O Shab (Music Video) | فرزاد فرزین - موزیک ویدیو آهنگ روز و شب,UCMQ39QYA6tpAu_ZDaOWn7IQ,Farzad Farzin,2025-09-19T18:03:26Z,فرزاد فرزین,pending_review,,Farzad Farzin - Rooz O Shab (Music Video) | فرزاد فرزین - موزیک ویدیو آهنگ روز و شب,"Farzad Farzin - Rooz O Shab (Music Video) | فرزاد فرزین - موزیک ویدیو آهنگ روز و شب

Farzad Farzin - Rooz o Shab (Music Video)

Lyrics: Ali Eilia
Music: Farzad Farzin & Emad Toghraei
Arrangement, Mix  Master: Kooshan Haddad


متن آهنگ روز و شب از فرزاد فرزین:

شر میکنم من روزو شب میکنم پای تو باشه یه جنگ توی این شهر میکنم
تویی بوت میتونه منو بکشه زنده کنه نرو نمیذارم که کسی منو بازنده کنه
هرکی خط میده بهت دور میکنم نمیبینی عقب نشینی کنم
برای یه سریا حالا دارم من خودم گرگ روزگارم
حالا وایسا ببین کی کجا سرشو میندازه پایین
اینجوری نمیمونه گرده زمین همه چی درست میشه وایسا ببین
بزنیم و بریم از اینجا بذار کفری شن این حسودا
شدی تموم قلب و جونم تا پای جونم باهات میمونم
نمیشه یه لحظه ام نباشی تو مسیری که نشه یه راه شیم
راهی که همسفرش تو باشی جاده منم تو انتهاشی


►Follow Farzad Farzin Online: 
Subscribe: https://bit.ly/3SIklvJ

#farzadfarzin 
#RoozOShab",UCMQ39QYA6tpAu_ZDaOWn7IQ,Farzad Farzin,2025-09-19T18:03:26Z,10,fa,fa,PT3M52S,hd,False,True,104823,1034.0,413.0,public,True,False,232,likely_release,release_title_pattern | music_category | licensed_content,official_artist,trusted,top20_manual_audit_2026-07-10; confidence=high,likely_release,v2_release_signal_and_trusted_source,,,,final_likely_release,accepted_from_v3_likely_release,,,,final_likely_release,accepted_from_v3_likely_release,final_screening_v4,,4_k9U11IVfTZc,2025-09-19 18:03:26+00:00,2026-07-10 23:59:59+00:00,294.2476041666667,0.8056060346794434,356.24079352104604,9.86424735029526,3.939975005485438,1447.0,0.0138042223557806,3.8666666666666663,11.56003803228442,6.942156705699469,6.025865973825314,5.878410046067966,-0.6995432439833322,3.230143488532888,2.025325657548471,15.123333086609556,-0.6995432439833322,3.0,3.0,0.7802740536100006,76.32,high,0.7802740536100006,76.32,0.4103197292116676,64.47,0.5952968914108341,72.37,0.5952968914108341,72.37,above_median,PI_V2_FINAL_65_25_10,0.65,0.25,0.1,-3.0,3.0,-1.0867970666408775,-0.746988659162761,0.163512666666666,0.17443700431034417,-0.9083892453392493,-0.6995432439833322,2.0577584297140468,2.025325657548471,12.058176181063759,15.123333086609556,3.330646292710104,3.230143488532888,0,1,0,0,0,FM_V1
4,فرزاد فرزین,pop,23,vRhkav31tkI,💫 Farzad Farzin - Javaher (New Camp) Official Music Video – ویدئوکلیپ سریال نیوکمپ فرزاد فرزین,UCMQ39QYA6tpAu_ZDaOWn7IQ,Farzad Farzin,2023-05-05T14:27:53Z,فرزاد فرزین,pending_review,,💫 Farzad Farzin - Javaher (New Camp) Official Music Video – ویدئوکلیپ سریال نیوکمپ فرزاد فرزین,"Farzad Farzin – Javaher (New Camp series) Official Music video

 کلیپ آهنگ جواهر فرزاد فرزین برای تیتراژ سریال نیوکمپ ❤️
بزودی از فیلیمو.

–
Subscribe to the official Farzad Farzin YouTube channel:
https://www.youtube.com/c/farzadfarzinnet

Follow Farzad Farzin:
Website: http://farzadfarzin.net​
Spotify: https://open.spotify.com/artist/6CwqlS95wmmB4ZWgCtdzUi
Instagram: https://instagram.com/farzadfarzin1​
Facebook: https://facebook.com/farzadfarzinfans​
YouTube:   https://www.youtube.com/c/farzadfarzinnet
_
Music video Director: Mehdi Falakboland
Music: Emad Toghraei
Arrangement, Mix and Mastering: Behrad Shahriari
Lyrics: Atousa Kalantari


Electric Guitar: Mehrdad Moafi
Bass Guitar: Hooman Salahi

Special Thanks:
Manouchehr Hadi, Zeynab Taghvaei
_
#FarzadFarzin #Newcamp #Javaher #Filimo #Dance",UCMQ39QYA6tpAu_ZDaOWn7IQ,Farzad Farzin,2023-05-05T14:27:53Z,10,fa,fa-IR,PT3M2S,hd,False,True,2735923,3615.0,427.0,public,True,False,182,likely_release,release_title_pattern | music_category | licensed_content,official_artist,trusted,top20_manual_audit_2026-07-10; confidence=high,likely_release,v2_release_signal_and_trusted_source,,,,final_likely_release,accepted_from_v3_likely_release,,,,final_likely_release,accepted_from_v3_likely_release,final_screening_v4,,4_vRhkav31tkI,2023-05-05 14:27:53+00:00,2026-07-10 23:59:59+00:00,1162.397291666667,3.182470339949806,2353.690102010805,1.321309115790174,0.1560716438291574,4042.0,0.0014773807596193,3.033333333333333,14.82197977956099,8.193123721512068,6.059123195581797,7.764164406288754,0.6781710790257857,-1.4359644880731672,-1.450271881481558,-0.5473080544541022,0.6781710790257857,-1.4359644880731672,-0.5473080544541022,-0.0341846827709357,43.42,below_median,-0.0341846827709357,43.42,0.1327960522580062,53.95,0.0270892739030586,48.68,0.0270892739030586,48.68,below_median,PI_V2_FINAL_65_25_10,0.65,0.25,0.1,-3.0,3.0,-0.34578653550831984,0.0003272938777900146,-0.8584414999999997,-0.9884763577586207,0.642484404629094,0.6781710790257857,-1.3996646817695944,-1.450271881481558,-0.612955777270487,-0.5473080544541022,-1.3687214019375198,-1.4359644880731672,0,1,0,0,0,FM_V1
4,فرزاد فرزین,pop,24,VpO87vdDXAc,Farzad Farzin - Kolbeh (Music Video) | موزیک ویدیو آهنگ جدید کلبه از فرزاد فرزین,UCMQ39QYA6tpAu_ZDaOWn7IQ,Farzad Farzin,2025-11-26T17:30:06Z,فرزاد فرزین,pending_review,,Farzad Farzin - Kolbeh (Music Video) | موزیک ویدیو آهنگ جدید کلبه از فرزاد فرزین,"Farzad Farzin - Kolbeh (Music Video) | موزیک ویدیو آهنگ جدید کلبه از فرزاد فرزین

Lyrics: Mitra Mehripour
Music: Farzad Farzin
Arrangement: Ehsan Ahmadi
Guitar: Behnam Rahnama
Setar: Mahdiyar
Mix & Master: Mohammad Fallahi


متن آهنگ کلبه از فرزاد فرزین:

خونه همون خونست ولي
درارو بستم رو خودم
از بس كه خستم از همه
عاشق تنهايي شدم
بارون دیگه نمیزنه
پاییزم عاشقونه نیست
هیچیم شبیه قبلنه
اين آدم دیوونه نیست
دلتنگ روزای دورم
که خوش بودیم تو هر حالی
یه آتیش و یه موزیک و
یه جنگل دورمون خالی
چه حالي داره بيخيالي
جاموندم از خودمو از همه دلگير دلم
خاطره هام يادم بره ديگه چي 
مي مونه ازم
اگه نشه با غم تهرون و شباش كنار بيام
خونه پُرش تنها ميرم يه كلبه  تو جنگل ميسازم ..
اگه دوباره  رفتي تو اون حال و هوا
بارون كه باريد چترت و بردارو بيا
شايد تونستيم شايد تموم شد اين شبا
چه ميدونستم تهش قراره چي بشه
من فك ميكردم ميگذره و تموم ميشه
كاشكي بدونم بعد از تو اين هوا چشه

►Follow Farzad Farzin Online: 
Subscribe: https://bit.ly/3SIklvJ

#farzadfarzin 
#kolbeh",UCMQ39QYA6tpAu_ZDaOWn7IQ,Farzad Farzin,2025-11-26T17:30:06Z,10,fa,fa,PT3M44S,hd,True,True,68198,943.0,575.0,public,True,False,224,likely_release,release_title_pattern | music_category | licensed_content,official_artist,trusted,top20_manual_audit_2026-07-10; confidence=high,likely_release,v2_release_signal_and_trusted_source,,,,final_likely_release,accepted_from_v3_likely_release,,,,final_likely_release,accepted_from_v3_likely_release,final_screening_v4,,4_VpO87vdDXAc,2025-11-26 17:30:06+00:00,2026-07-10 23:59:59+00:00,226.2707523148148,0.6194955573300884,301.39997901768066,13.827384967301091,8.431332297134812,1518.0,0.0222587172644359,3.7333333333333334,11.130185180967455,6.8501261661455,6.3561076606958915,5.711750574919399,-0.8213030793627519,6.430443080582221,3.637683252839077,33.723820896882096,-0.8213030793627519,3.0,3.0,0.7072181523823489,73.68,above_median,0.7072181523823489,73.68,0.3250878444460738,57.89,0.5161529984142113,68.42,0.5161529984142113,68.42,above_median,PI_V2_FINAL_65_25_10,0.65,0.25,0.1,-3.0,3.0,-1.144818815448407,-0.8055041278173104,0.0,-0.011629133620689612,-1.0454525807206987,-0.8213030793627519,3.6616847621885755,3.6376832528390772,27.098354397878786,33.723820896882096,6.553757414756977,6.430443080582221,0,1,0,0,0,FM_V1
5,محسن یگانه,pop,1,cDNDVtoJhik,Mohsen Yeganeh - Behet Ghol Midam ( I promise you ),UCF2LMk6XCzazmPPWrxc7qSg,Mohsen Yeganeh,2016-12-22T23:01:26Z,محسن یگانه,pending_review,,Mohsen Yeganeh - Behet Ghol Midam ( I promise you ),"Added Subtitles

Mp3 Link 
Live Version   http://mohsen-yeganeh.net/music/Mohsen%20Yeganeh%20-%20Behet%20Ghol%20Midam(LIVE%20VERSION).mp3
Orginal Version  http://www.mohsen-yeganeh.net/fansclub/wp-content/uploads/2016/02/Mohsen-Yeganeh-Behet-Ghol-Midam.mp3

Mixing and Mastering by: Arash Pakzad

www.Mohsen-Yeganeh.Net

 #mohsenyeganeh #BehetGholMidam #IPromiseYou",UCF2LMk6XCzazmPPWrxc7qSg,Mohsen Yeganeh,2016-12-22T23:01:26Z,10,fa,fa-IR,PT4M45S,hd,True,True,285002691,991017.0,110053.0,public,True,False,285,needs_review,music_category_and_licensed_but_no_release_pattern,official_artist,trusted,top20_manual_audit_2026-07-10; confidence=high,trusted_needs_content_review,trusted_source_but_v2_content_ambiguous,likely_release,trusted_music_source_and_music_duration_signal,rule_based_content_review_v1,final_likely_release,accepted_after_trusted_content_review,,,,final_likely_release,accepted_after_trusted_content_review,final_screening_v4,,5_cDNDVtoJhik,2016-12-22 23:01:26+00:00,2026-07-10 23:59:59+00:00,3487.0406597222222,9.546997014982129,81731.96667649505,3.477219799303579,0.3861472311501788,1101070.0,0.0038633670304537,4.75,19.46800918380235,13.806487976618412,11.608726433409014,11.311212708352503,3.2696110635984534,-0.5327915638847087,-0.5731640691222158,0.4055259953692583,3.0,-0.5327915638847087,0.4055259953692583,1.7276310083342112,98.68,top_performer,1.7276310083342112,98.68,2.0339942867599836,100.0,1.8573547085657487,100.0,1.8573547085657487,100.0,top_performer,PI_V2_FINAL_65_25_10,0.65,0.25,0.1,-3.0,3.0,1.6384164673368842,2.001414317338631,1.2467840833333328,1.407125168103448,3.5596319731976487,3.2696110635984534,-0.527143399411808,-0.5731640691222158,0.15749680798259674,0.4055259953692583,-0.45911071913912516,-0.5327915638847087,0,1,0,1,1,FM_V1
5,محسن یگانه,pop,5,EcsR7-i4wgQ,Mohsen Yeganeh - Nadaramet ( محسن یگانه - ندارمت ),UCF2LMk6XCzazmPPWrxc7qSg,Mohsen Yeganeh,2022-03-26T11:42:18Z,محسن یگانه,pending_review,,Mohsen Yeganeh - Nadaramet ( محسن یگانه - ندارمت ),"Mohsen Yeganeh - Nadaramet ( محسن یگانه - ندارمت )
*Added Subtitles*
Please Subscribe Our Channel: https://bit.ly/3bLCpfW
Follow Mohsen Yeganeh:
Facebook: https://www.facebook.com/MohsenYeganehOfficial/
Instagram: https://www.instagram.com/mohsen/
Twitter: https://twitter.com/mohsen_yeganeh
Website: http://mohsen-yeganeh.net/

Mohsen Yeganeh - Nadaramet
Lyrics: Mohsen Yeganeh
Music: Mohsen Yeganeh
Arrangement: Alireza Riazi
Mix and Mastering: Arash Pakzad

Listen on Spotify: https://sptfy.com/nadaramet
Listen on Tidal: https://tidal.com/browse/album/222670373
Listen on Itunes: https://apple.co/3NqdphE

محسن یگانه - ندارمت
ترانه سرا: محسن یگانه
آهنگساز: محسن یگانه
تنظیم: علیرضا ریاضی
میکس و مستر: آرش پاکزاد

#mohsenyeganeh #nadaramet #ندارمت",UCF2LMk6XCzazmPPWrxc7qSg,Mohsen Yeganeh,2022-03-26T11:42:18Z,10,fa,fa,PT3M48S,hd,True,True,1338059,11288.0,1941.0,public,True,False,228,needs_review,music_category_and_licensed_but_no_release_pattern,official_artist,trusted,top20_manual_audit_2026-07-10; confidence=high,trusted_needs_content_review,trusted_source_but_v2_content_ambiguous,likely_release,trusted_music_source_and_music_duration_signal,rule_based_content_review_v1,final_likely_release,accepted_after_trusted_content_review,,,,final_likely_release,accepted_after_trusted_content_review,final_screening_v4,,5_EcsR7-i4wgQ,2022-03-26 11:42:18+00:00,2026-07-10 23:59:59+00:00,1567.5122800925926,4.29161472989074,853.6194688828601,8.436100351329799,1.4506086801852534,13229.0,0.009886709031515,3.8,14.10673136171422,9.331584079261546,7.571473648851271,6.750656304231573,-0.0622883668834264,1.7472380720709244,1.4443002470018806,4.813882071625868,-0.0622883668834264,1.7472380720709244,3.0,0.8494364978876752,80.26,high,0.8494364978876752,80.26,0.6058457575957865,72.37,0.696322079543504,76.32,0.696322079543504,76.32,high,PI_V2_FINAL_65_25_10,0.65,0.25,0.1,-3.0,3.0,0.0,0.34905620321870684,0.081756333333333,0.08140393534482729,-0.1910403866517156,-0.06228836688342646,1.4797712893089232,1.4443002470018806,3.722051765162901,4.813882071625868,1.8371708216585092,1.7472380720709244,0,1,0,0,1,FM_V1
5,محسن یگانه,pop,9,sad2za8qPwQ,Mohsen Yeganeh - Taghvime Mochaleh ( محسن یگانه - تقویم مچاله ),UCF2LMk6XCzazmPPWrxc7qSg,Mohsen Yeganeh,2025-04-30T14:15:30Z,محسن یگانه,pending_review,,Mohsen Yeganeh - Taghvime Mochaleh ( محسن یگانه - تقویم مچاله ),"Mohsen Yeganeh - Taghvime Mochaleh ( Crumpled Calendar )
Songwriter: Mohsen Yeganeh
Arrangement: Mohammad Abaei
Mix & mastering: Arash Pakzad
Solo & String: Amir Roozbeh
Guitar: Serhan Yasdiman
Bass guitar: Bilal Kalayciogullari 
Saxophone: Mohammad Zarnoosh
Cello: Furkan Demir

Listen on Spotify: https://shorturl.at/CGupE
Please Subscribe to Channel: https://bit.ly/3bLCpfW

محسن یگانه - تقویم مچاله

ترانه سرا: محسن یگانه
آهنگساز: محسن یگانه
تنظیم کننده: محمد آبایی
میکس و مسترینگ: آرش پاکزاد

Please Subscribe Our Channel: https://bit.ly/3bLCpfW
Follow Mohsen Yeganeh:
Facebook: https://www.facebook.com/MohsenYeganehOfficial/
Instagram: https://www.instagram.com/mohsen/
Twitter: https://twitter.com/mohsen_yeganeh
Website: http://mohsen-yeganeh.net/

#mohsen #mohsenyeganeh #taghvime_mochaleh #محسن #محسن_یگانه #تقویم مچاله",UCF2LMk6XCzazmPPWrxc7qSg,Mohsen Yeganeh,2025-04-30T14:15:30Z,10,fa,fa,PT3M51S,hd,True,True,289577,3363.0,811.0,public,True,False,231,needs_review,music_category_and_licensed_but_no_release_pattern,official_artist,trusted,top20_manual_audit_2026-07-10; confidence=high,trusted_needs_content_review,trusted_source_but_v2_content_ambiguous,likely_release,trusted_music_source_and_music_duration_signal,rule_based_content_review_v1,final_likely_release,accepted_after_trusted_content_review,,,,final_likely_release,accepted_after_trusted_content_review,final_screening_v4,,5_sad2za8qPwQ,2025-04-30 14:15:30+00:00,2026-07-10 23:59:59+00:00,436.40589120370373,1.1948142127411463,663.5497041556491,11.613491402977449,2.800636790905355,4174.0,0.0144141281938828,3.85,12.57617996975724,8.120886021092838,6.699500340161678,6.49910967468727,-0.2460659583547133,3.4610125618430785,2.7369857629802574,10.404882694903572,-0.2460659583547133,3.0,3.0,1.052360424987172,88.16,high,1.052360424987172,88.16,0.7277538291517008,78.95,0.8900571270694364,84.21,0.8900571270694364,84.21,high,PI_V2_FINAL_65_25_10,0.65,0.25,0.1,-3.0,3.0,-0.9654576371635049,-0.6246167257400522,0.1430735833333333,0.1511787370689656,-0.3979162384211534,-0.2460659583547133,2.7656971563387134,2.7369857629802574,8.242881898337158,10.404882694903572,3.5631609859505047,3.4610125618430785,0,1,0,0,1,FM_V1
5,محسن یگانه,pop,10,nphqnZf9Uc0,Mohsen Yeganeh - Sokoot ( محسن یگانه - سکوت ),UC8u6telGfDJ2wd8lSwLoauQ,Persian Music Group,2020-04-17T03:30:09Z,محسن یگانه,pending_review,,Mohsen Yeganeh - Sokoot ( محسن یگانه - سکوت ),"►Subscribe to Persian Music Group on YouTube: 
https://bit.ly/PersianMusic-YouTube

►Listen To More Music By Mohsen Yeganeh:
Youtube : https://bit.ly/BestPersianSongs-YouTube
Spotify : https://bit.ly/PersianMusic-Top50

►Follow Persian Music Group Online :
Instagram : https://bit.ly/PersianMedia-Instagram
Facebook : https://bit.ly/PersianMedia-FaceBook

Official Music By Mohsen Yeganeh Performing “ Nashkan Delamo “

►Official Lyrics :

روزای سخت نبودن با تو خلا امیدو تجربه کردم
داغ دلم که بی تو تازه میشد هم نفسم شد سایه ی سردم
تورو میدیدم اونور ابرا که میخوای سر سری رد شی
آسمونو بی تو خط خطی کردم چجوری میتونی انقده بد شی
چجوری میتونی انقده بد شی ...
سکوت قلبتو بشکن و برگرد نذار این فاصله بیشتر از این شه
نمیخوام مثل گذشته که رفتی دوباره آخر قصه همین شه
سکوت قلبتو بشکن و برگرد نذار این فاصله بیشتر از این شه
نمیخوام مثل گذشته که رفتی دوباره آخر قصه همین شه
روزای سخت نبودن با تو دور نبودنتو خط کشیدم
تازه میفهمم اشتباهم این بود چهره ی عشقمو غلط کشیدم
عشق تو دار و ندار دلم بود اومدی دار و ندارمو بردی
بیا سکوتتو بشکن و برگرد که هنوزم تو دل من نمردی
که هنوزم تو دل من نمردی ...
سکوت قلبتو بشکن و برگرد نذار این فاصله بیشتر از این شه
نمیخوام مثل گذشته که رفتی دوباره آخر قصه همین شه
سکوت قلبتو بشکن و برگرد نذار این فاصله بیشتر از این شه
نمیخوام مثل گذشته که رفتی دوباره آخر قصه همین شه",UC8u6telGfDJ2wd8lSwLoauQ,Persian Music Group,2020-04-17T03:30:09Z,10,fa,en-US,PT3M34S,hd,True,True,1628091,8164.0,296.0,public,True,False,214,needs_review,music_category_and_licensed_but_no_release_pattern,trusted_music_platform,trusted,top20_manual_audit_2026-07-10; confidence=high,trusted_needs_content_review,trusted_source_but_v2_content_ambiguous,likely_release,trusted_music_source_and_music_duration_signal,rule_based_content_review_v1,final_likely_release,accepted_after_trusted_content_review,,,,final_likely_release,accepted_after_trusted_content_review,final_screening_v4,,5_nphqnZf9Uc0,2020-04-17 03:30:09+00:00,2026-07-10 23:59:59+00:00,2275.854050925926,6.230948804725328,715.3758385066982,5.014461722348444,0.1818080193306148,8460.0,0.005196269741679,3.566666666666667,14.302919335004445,9.007612005404566,5.6937321388027,6.574204943356923,-0.1912020644039203,-0.0282448051411701,0.0522453740888699,-0.4407235394155185,-0.1912020644039203,-0.0282448051411701,-0.4407235394155185,-0.1878909708399724,30.26,below_median,-0.1878909708399724,30.26,-0.18356276005253,31.58,-0.1754148970893925,32.89,-0.1754148970893925,32.89,below_median,PI_V2_FINAL_65_25_10,0.65,0.25,0.1,-3.0,3.0,0.6046062325266744,0.9588071634167363,-0.20439083333333305,-0.2442118060344825,-0.3361567240995627,-0.19120206440392037,0.09499568280816052,0.0522453740888699,-0.5267725482237854,-0.4407235394155185,0.049032416503261594,-0.028244805141170188,0,1,0,0,0,FM_V1
5,محسن یگانه,pop,13,qXw9pCpyVEc,Vabastegi,UCobfxWqSORuodnQ5rdNw-bw,Mohsen Yeganeh - Topic,2018-12-17T02:14:42Z,محسن یگانه,pending_review,,Vabastegi,"Provided to YouTube by Foundation Media

Vabastegi · Mohsen Yeganeh

Vabastegi

℗ 2016 M.Y Records

Released on: 2016-11-24

Main  Artist: Mohsen Yeganeh

Auto-generated by YouTube.",UCobfxWqSORuodnQ5rdNw-bw,Mohsen Yeganeh - Topic,2018-12-17T02:14:42Z,10,en,,PT3M,hd,False,True,3128998,12094.0,190.0,public,True,False,180,needs_review,music_category_and_licensed_but_no_release_pattern,topic,trusted,sources_21_40_manual_audit_2026-07-10; confidence=high,trusted_needs_content_review,trusted_source_but_v2_content_ambiguous,likely_release,topic_or_vevo_music_duration_signal,rule_based_content_review_v1,final_likely_release,accepted_after_trusted_content_review,,,,final_likely_release,accepted_after_trusted_content_review,final_screening_v4,,5_qXw9pCpyVEc,2018-12-17 02:14:42+00:00,2026-07-10 23:59:59+00:00,2762.9064467592593,7.5644255900321955,1132.502334152554,3.865135100757495,0.0607223142999771,12284.0,0.0039258574150574,3.0,14.956223703060044,9.400547423044127,5.25227342804663,7.033067529189005,0.1440386064541028,-0.5091369334762745,-0.4153451279012943,-0.9421873585171896,0.1440386064541028,-0.5091369334762745,-0.9421873585171896,-0.1821891732741853,31.58,below_median,-0.1821891732741853,31.58,-0.0952190980291019,38.16,-0.1278778750256207,35.53,-0.1278778750256207,35.53,below_median,PI_V2_FINAL_65_25_10,0.65,0.25,0.1,-3.0,3.0,1.0203305709931827,1.378068991893604,-0.8993196666666663,-1.0349928922413794,0.041218987358419716,0.14403860645410285,-0.3701497174104761,-0.4153451279012943,-0.9322514413315525,-0.9421873585171895,-0.43528748004402834,-0.5091369334762745,0,1,0,0,0,FM_V1
5,محسن یگانه,pop,15,witB-02AAao,Mohsen Yeganeh - Moohat ( محسن یگانه - موهات),UCF2LMk6XCzazmPPWrxc7qSg,Mohsen Yeganeh,2019-04-12T19:29:55Z,محسن یگانه,pending_review,,Mohsen Yeganeh - Moohat ( محسن یگانه - موهات),"Mohsen Yeganeh - Moohat ( محسن یگانه - موهات)
Make sure to subscribe Mohsen Yeganeh YouTube Channel: https://bit.ly/3bLCpfW
Listen on Spotify: https://spoti.fi/3bxrGpE

Lyrics: Mohsen Yeganeh
Music: Mohsen Yeganeh
Arrangement: Mohsen Yeganeh
Mix and Mastering: Arash Pakzad

Download on Itunes: https://apple.co/3avjogw

محسن یگانه - موهات
ترانه سرا: محسن یگانه
آهنگساز: محسن یگانه
تنظیم: محسن یگانه
میکس و مستر: آرش پاکزاد

Follow Mohsen Yeganeh:
Facebook: https://www.facebook.com/MohsenYegane...
Instagram: https://www.instagram.com/mohsen/
Twitter: https://twitter.com/mohsen_yeganeh
Website: http://mohsen-yeganeh.net/

#MohsenYeganeh #Moohat #محسن_یگانه",UCF2LMk6XCzazmPPWrxc7qSg,Mohsen Yeganeh,2019-04-12T19:29:55Z,10,fa,fa,PT3M6S,hd,False,True,536300,6246.0,568.0,public,True,False,186,needs_review,music_category_and_licensed_but_no_release_pattern,official_artist,trusted,top20_manual_audit_2026-07-10; confidence=high,trusted_needs_content_review,trusted_source_but_v2_content_ambiguous,likely_release,trusted_music_source_and_music_duration_signal,rule_based_content_review_v1,final_likely_release,accepted_after_trusted_content_review,,,,final_likely_release,accepted_after_trusted_content_review,final_screening_v4,,5_witB-02AAao,2019-04-12 19:29:55+00:00,2026-07-10 23:59:59+00:00,2646.187546296296,7.2448666565264785,202.66893053390177,11.64646652992728,1.0591087078127912,6814.0,0.01270557523774,3.1,13.192450849597284,8.73985662749357,6.343880434126331,5.316495785992781,-1.1100724946318703,2.81427004350047,2.750401319423488,3.192525766400417,-1.1100724946318703,2.81427004350047,3.0,0.4875240140959953,67.11,above_median,0.4875240140959953,67.11,0.0858032624577849,48.68,0.2820203893644017,57.89,0.2820203893644017,57.89,above_median,PI_V2_FINAL_65_25_10,0.65,0.25,0.1,-3.0,3.0,0.9207049699354519,1.2775956546416976,-0.7766851666666662,-0.8954432887931033,-1.3705162529045567,-1.1100724946318703,2.779042560799203,2.7504013194234878,2.411038417971002,3.192525766400417,2.9118085284651647,2.81427004350047,0,1,0,0,0,FM_V1
5,محسن یگانه,pop,17,OQjEpH0OXNo,Mohsen Yeganeh - Khodkhah ( محسن یگانه - خودخواه ),UCF2LMk6XCzazmPPWrxc7qSg,Mohsen Yeganeh,2020-04-02T16:23:53Z,محسن یگانه,pending_review,,Mohsen Yeganeh - Khodkhah ( محسن یگانه - خودخواه ),"Mohsen Yeganeh - Khodkhah ( محسن یگانه - خودخواه )
Please Subscribe Our Channel: https://bit.ly/3bLCpfW
Follow Mohsen Yeganeh:
Facebook: https://www.facebook.com/MohsenYeganehOfficial/
Instagram: https://www.instagram.com/mohsen/
Twitter: https://twitter.com/mohsen_yeganeh
Website: http://mohsen-yeganeh.net/
Listen on Spotify: https://spoti.fi/2UDIdC9

Lyrics: Mohsen Yeganeh
Music: Mohsen Yeganeh
Arrangement: Shahab Akbari
Mix and Mastering: Arash Pakzad

Download on Itunes: https://apple.co/2UD5Fzx
Listen on Deezer: https://bit.ly/2UESa2v

محسن یگانه - خودخواه
ترانه سرا: محسن یگانه
آهنگساز: محسن یگانه
تنظیم: شهاب اکبری
میکس و مستر: آرش پاکزاد

#mohsenyeganeh #khodkhah #mohsenyeganeh",UCF2LMk6XCzazmPPWrxc7qSg,Mohsen Yeganeh,2020-04-02T16:23:53Z,10,fa,fa,PT4M11S,hd,True,True,1783244,18277.0,2658.0,public,True,False,251,needs_review,music_category_and_licensed_but_no_release_pattern,official_artist,trusted,top20_manual_audit_2026-07-10; confidence=high,trusted_needs_content_review,trusted_source_but_v2_content_ambiguous,likely_release,trusted_music_source_and_music_duration_signal,rule_based_content_review_v1,final_likely_release,accepted_after_trusted_content_review,,,,final_likely_release,accepted_after_trusted_content_review,final_screening_v4,,5_OQjEpH0OXNo,2020-04-02 16:23:53+00:00,2026-07-10 23:59:59+00:00,2290.316736111111,6.27054547874363,778.6014798232208,10.24929846953081,1.4905419561204187,20935.0,0.0117398404256512,4.183333333333334,14.393945296267011,9.813453429832148,7.88570539124302,6.658782865814288,-0.1294102331676274,2.4487082023085645,2.181979338715272,4.979261569186064,-0.1294102331676274,2.4487082023085645,3.0,0.9845309106765646,85.53,high,0.9845309106765646,85.53,0.6991544772443739,77.63,0.8280603990181834,81.58,0.8280603990181834,81.58,high,PI_V2_FINAL_65_25_10,0.65,0.25,0.1,-3.0,3.0,0.6169508802124191,0.9712568544300637,0.5518552499999999,0.616344081896552,-0.2665985281461748,-0.12941023316762748,2.213592944983109,2.181979338715272,3.8557760600353705,4.979261569186064,2.5436409859423517,2.4487082023085645,0,1,0,0,1,FM_V1
5,محسن یگانه,pop,20,PY9m5mYMIdQ,Mohsen Yeganeh - Passing,UCF2LMk6XCzazmPPWrxc7qSg,Mohsen Yeganeh,2018-02-22T17:44:53Z,محسن یگانه,pending_review,,Mohsen Yeganeh - Passing,"Mohsen Yeganeh - Passing
Please Subscribe Our Channel: https://bit.ly/3bLCpfW
Follow Mohsen Yeganeh:
Facebook: https://www.facebook.com/MohsenYeganehOfficial/
Instagram: https://www.instagram.com/mohsen/
Twitter: https://twitter.com/mohsen_yeganeh
Website: http://mohsen-yeganeh.net/
Listen on Spotify: https://sptfy.com/zendegimsookht

Production : Mohsen Yeganeh 
Mix & Master : Arash Pakzad 

#mohsenyeganeh #passing #محسن_یگانه",UCF2LMk6XCzazmPPWrxc7qSg,Mohsen Yeganeh,2018-02-22T17:44:53Z,10,en,fa,PT3M45S,hd,False,True,2338758,22861.0,1221.0,public,True,False,225,needs_review,music_category_and_licensed_but_no_release_pattern,official_artist,trusted,top20_manual_audit_2026-07-10; confidence=high,trusted_needs_content_review,trusted_source_but_v2_content_ambiguous,likely_release,trusted_music_source_and_music_duration_signal,rule_based_content_review_v1,final_likely_release,accepted_after_trusted_content_review,,,,final_likely_release,accepted_after_trusted_content_review,final_screening_v4,,5_PY9m5mYMIdQ,2018-02-22 17:44:53+00:00,2026-07-10 23:59:59+00:00,3060.2604861111113,8.378536580728573,764.2349435985512,9.77484630731354,0.522071971533609,24082.0,0.0102969182788471,3.75,14.665131004772546,10.037231422585725,7.108244139731541,6.640182902491227,-0.1429991906788409,1.9025155311120097,1.9889538570689855,0.968444131790329,-0.1429991906788409,1.9025155311120097,0.968444131790329,0.5350959881392472,68.42,above_median,0.5350959881392472,68.42,0.3772480859262462,63.16,0.4795238220157887,67.11,0.4795238220157887,67.11,above_median,PI_V2_FINAL_65_25_10,0.65,0.25,0.1,-3.0,3.0,1.2741375789402163,1.6340356996034269,0.02043908333333325,0.011629133620689612,-0.28189542662702255,-0.14299919067884098,2.021576822904894,1.9889538570689858,0.6126670798382918,0.968444131790329,1.9935550884571112,1.9025155311120097,0,1,0,0,0,FM_V1
5,محسن یگانه,pop,22,u4y0jIoA9Yg,Mohsen Yeganeh - Rage Khab ( محسن یگانه - رگ خواب ),UC8u6telGfDJ2wd8lSwLoauQ,Persian Music Group,2020-04-17T05:00:27Z,محسن یگانه,pending_review,,Mohsen Yeganeh - Rage Khab ( محسن یگانه - رگ خواب ),"Mohsen Yeganeh - Rage Khab ( محسن یگانه - رگ خواب )

Subscribe to Persian Media Group : http://bit.ly/PersianMedia #PersianMusic #WorldMusic #TraditionalAndContemporary",UC8u6telGfDJ2wd8lSwLoauQ,Persian Music Group,2020-04-17T05:00:27Z,10,fr,,PT4M49S,hd,False,True,537380,3527.0,248.0,public,True,False,289,needs_review,music_category_and_licensed_but_no_release_pattern,trusted_music_platform,trusted,top20_manual_audit_2026-07-10; confidence=high,trusted_needs_content_review,trusted_source_but_v2_content_ambiguous,likely_release,trusted_music_source_and_music_duration_signal,rule_based_content_review_v1,final_likely_release,accepted_after_trusted_content_review,,,,final_likely_release,accepted_after_trusted_content_review,final_screening_v4,,5_u4y0jIoA9Yg,2020-04-17 05:00:27+00:00,2026-07-10 23:59:59+00:00,2275.7913425925926,6.230777118665551,236.1288532664045,6.563325765752354,0.4614983810339052,3775.0,0.0070248241467862,4.816666666666666,13.19446261912355,8.168486417126681,5.517452896464707,5.468603678060544,-0.9989439054767344,0.6639221403630103,0.6823831451667142,0.7175849240828923,-0.9989439054767344,0.6639221403630103,0.7175849240828923,-0.3257480695828542,21.05,low,-0.3257480695828542,21.05,-0.4947178133528227,15.79,-0.4115745110608355,19.74,-0.4115745110608355,19.74,low,PI_V2_FINAL_65_25_10,0.65,0.25,0.1,-3.0,3.0,0.6045527077301344,0.9587531831659067,1.3285404166666657,1.500158237068965,-1.2454203619781783,-0.9989439054767345,0.721838367750142,0.6823831451667142,0.4098247012010414,0.7175849240828923,0.7461330835502317,0.6639221403630103,0,1,0,0,0,FM_V1
5,محسن یگانه,pop,23,rL7sd3FqJ9A,Mohsen Yeganeh - Havaei Shodi ( محسن یگانه - هوایی شدی ),UC8u6telGfDJ2wd8lSwLoauQ,Persian Music Group,2020-04-19T08:00:31Z,محسن یگانه,pending_review,,Mohsen Yeganeh - Havaei Shodi ( محسن یگانه - هوایی شدی ),"Mohsen Yeganeh - Havaei Shodi ( محسن یگانه - هوایی شدی )

Subscribe to Persian Media Group : http://bit.ly/PersianMedia #PersianMusic #WorldMusic #TraditionalAndContemporary",UC8u6telGfDJ2wd8lSwLoauQ,Persian Music Group,2020-04-19T08:00:31Z,10,fa,fa-IR,PT3M44S,hd,True,True,550156,2720.0,68.0,public,True,False,224,needs_review,music_category_and_licensed_but_no_release_pattern,trusted_music_platform,trusted,top20_manual_audit_2026-07-10; confidence=high,trusted_needs_content_review,trusted_source_but_v2_content_ambiguous,likely_release,trusted_music_source_and_music_duration_signal,rule_based_content_review_v1,final_likely_release,accepted_after_trusted_content_review,,,,final_likely_release,accepted_after_trusted_content_review,final_screening_v4,,5_rL7sd3FqJ9A,2020-04-19 08:00:31+00:00,2026-07-10 23:59:59+00:00,2273.6662962962964,6.224959058990545,241.96866571676776,4.944052232457703,0.1236013058114425,2788.0,0.0050676535382691,3.7333333333333334,13.21795897101971,7.908754738783246,4.23410650459726,5.492932487358461,-0.9811695072101576,-0.0769301953094521,0.0236000716096584,-0.6817805729546598,-0.9811695072101576,-0.0769301953094521,-0.6817805729546598,-0.7102013390966566,5.26,low,-0.7102013390966566,5.26,-0.7703827514044667,7.89,-0.7251707858094315,7.89,-0.7251707858094315,7.89,low,PI_V2_FINAL_65_25_10,0.65,0.25,0.1,-3.0,3.0,0.6027388711218022,0.9569239122221542,0.0,-0.011629133620689612,-1.2254119716643799,-0.9811695072101576,0.06650017096742383,0.023600071609658404,-0.721688981697275,-0.6817805729546598,0.0,-0.07693019530945215,0,1,0,0,0,FM_V1
5,محسن یگانه,pop,24,hh-9qSUxkFk,Mohsen Yeganeh - Nashkan Delamo ( محسن یگانه - نشکن دلمو ),UC8u6telGfDJ2wd8lSwLoauQ,Persian Music Group,2020-03-29T06:00:15Z,محسن یگانه,pending_review,,Mohsen Yeganeh - Nashkan Delamo ( محسن یگانه - نشکن دلمو ),"►Subscribe to Persian Music Group on YouTube: 
https://bit.ly/PersianMusic-YouTube

►Listen To More Music By Mohsen Yeganeh:
Youtube : https://bit.ly/BestPersianSongs-YouTube
Spotify : https://bit.ly/PersianMusic-Top50

►Follow Persian Music Group Online :
Instagram : https://bit.ly/PersianMedia-Instagram
Facebook : https://bit.ly/PersianMedia-FaceBook

Official Music By Mohsen Yeganeh Performing “ Nashkan Delamo “

►Official Lyrics :

سرگرمی تو شده بازی با این
دل غمگین و خستم
یادت نمیاد اون همه قول و قرارایی
که با تو بستم
با این همه ظلم تو
ببین باز چجوری پای این همه
قول و قرار من نشستم
نشکن دلمو به خدا آهم می‌گیره
دامنتو عاقبت یه روز
نگو بی‌خبری
نگو نمی‌دونی دلم پر از
یه نفرین سینه سوز
نگو بی‌خبری نگو نمی‌دونی
وقتی که نیستی گریه شده کار
این دل عاشق شب و روز
دیوونه نکن دلمو
آهم می‌گیره دامنتو عاقبت یه روز
نگو بی‌خبری نگو نمی‌دونی
دلم پر از یه نفرین سینه سوز
نگو بی‌خبری نگو نمی‌دونی
وقتی که نیستی گریه شده کار
این دل عاشق شب و روز

تبلیغ
پیندو بازار آنلاین به وسعت ایران
مشاهده
yn-ad
سرگرمی تو شده بازی با این
دل غمگین و خستم
یادت نمیاد اون همه قول و قرارایی
که با تو بستم
با این همه ظلم تو
ببین باز چجوری پای این همه
قول و قرار من نشستم
نشکن دلمو به خدا آهم می‌گیره
دامنتو عاقبت یه روز
نگو بی‌خبری
نگو نمی‌دونی دلم پر از
یه نفرین سینه سوز
نگو بی‌خبری نگو نمی‌دونی
وقتی که نیستی گریه شده کار
این دل عاشق شب و روز
دیوونه نکن دلمو
آهم می‌گیره دامنتو عاقبت یه روز
نگو بی‌خبری نگو نمی‌دونی
دلم پر از یه نفرین سینه سوز
نگو بی‌خبری نگو نمی‌دونی
وقتی که نیستی گریه شده کار
این دل عاشق شب و روز #PersianMusic #WorldMusic #TraditionalAndContemporary",UC8u6telGfDJ2wd8lSwLoauQ,Persian Music Group,2020-03-29T06:00:15Z,10,fa,,PT4M24S,hd,False,True,2719791,16255.0,261.0,public,True,False,264,needs_review,music_category_and_licensed_but_no_release_pattern,trusted_music_platform,trusted,top20_manual_audit_2026-07-10; confidence=high,trusted_needs_content_review,trusted_source_but_v2_content_ambiguous,likely_release,trusted_music_source_and_music_duration_signal,rule_based_content_review_v1,final_likely_release,accepted_after_trusted_content_review,,,,final_likely_release,accepted_after_trusted_content_review,final_screening_v4,,5_hh-9qSUxkFk,2020-03-29 06:00:15+00:00,2026-07-10 23:59:59+00:00,2294.7498148148147,6.282682586761984,1185.2233225779717,5.976562169666713,0.0959632560001853,16516.0,0.0060725254256668,4.4,14.81606596475992,9.696217350378207,5.568344503761097,7.078529860801267,0.1772529564992864,0.303446293889025,0.4436650303253035,-0.7962406738176682,0.1772529564992864,0.303446293889025,-0.7962406738176682,0.0627772462991778,51.32,above_median,0.0627772462991778,51.32,0.1051422609455386,52.63,0.1114519278150256,52.63,0.1114519278150256,52.63,above_median,PI_V2_FINAL_65_25_10,0.65,0.25,0.1,-3.0,3.0,0.620734741512011,0.9750729134393141,0.8175633333333333,0.9187015560344831,0.07860791438459186,0.1772529564992864,0.48436854619743197,0.4436650303253035,-0.8142403348259564,-0.7962406738176682,0.38308778838911123,0.303446293889025,0,1,0,0,0,FM_V1
5,محسن یگانه,pop,25,n3_ViPY9yyk,Mohsen Yeganeh - Nabashi ( محسن یگانه - نباشی ),UC8u6telGfDJ2wd8lSwLoauQ,Persian Music Group,2020-04-17T06:30:08Z,محسن یگانه,pending_review,,Mohsen Yeganeh - Nabashi ( محسن یگانه - نباشی ),"Mohsen Yeganeh - Nabashi ( محسن یگانه - نباشی )

Subscribe to Persian Media Group : http://bit.ly/PersianMedia #PersianMusic #WorldMusic #TraditionalAndContemporary",UC8u6telGfDJ2wd8lSwLoauQ,Persian Music Group,2020-04-17T06:30:08Z,10,fa,,PT3M52S,hd,False,True,572126,2387.0,56.0,public,True,False,232,needs_review,music_category_and_licensed_but_no_release_pattern,trusted_music_platform,trusted,top20_manual_audit_2026-07-10; confidence=high,trusted_needs_content_review,trusted_source_but_v2_content_ambiguous,likely_release,trusted_music_source_and_music_duration_signal,rule_based_content_review_v1,final_likely_release,accepted_after_trusted_content_review,,,,final_likely_release,accepted_after_trusted_content_review,final_screening_v4,,5_n3_ViPY9yyk,2020-04-17 06:30:08+00:00,2026-07-10 23:59:59+00:00,2275.7290625,6.230606605065024,251.4033895456305,4.172157881305866,0.0978805368048297,2443.0,0.0042700384181106,3.8666666666666663,13.2571162736894,7.778211474512493,4.04305126783455,5.5310285598384965,-0.9533368765063402,-0.378853299082617,-0.2904363914445458,-0.7883004553224788,-0.9533368765063402,-0.378853299082617,-0.7883004553224788,-0.7849605189728301,3.95,low,-0.7849605189728301,3.95,-0.8219365189032095,6.58,-0.7932123400320235,3.95,-0.7932123400320235,3.95,low,PI_V2_FINAL_65_25_10,0.65,0.25,0.1,-3.0,3.0,0.604499548459152,0.9586995715509727,0.163512666666666,0.17443700431034417,-1.1940811704620145,-0.9533368765063402,-0.24589414771286788,-0.29043639144454586,-0.8078199493787455,-0.7883004553224788,-0.3040751922700614,-0.37885329908261706,0,1,0,0,0,FM_V1
6,سهراب پاکزاد,pop,4,NAw9qZq3SSE,Sohrab Pakzad - Dokhtar Irooni [ Lyric Video ] (سهراب پاکزاد - دختر ایرونی ),UC9qZPJyvvZiBmzYdqdgly1w,SohrabPakzadVEVO,2024-09-20T10:01:15Z,سهراب پاکزاد,pending_review,,Sohrab Pakzad - Dokhtar Irooni [ Lyric Video ] (سهراب پاکزاد - دختر ایرونی ),Music video by Sohrab Pakzad performing Dokhtar Irooni [ Lyric Video ] (سهراب پاکزاد - دختر ایرونی ).BM Records,UC9qZPJyvvZiBmzYdqdgly1w,SohrabPakzadVEVO,2024-09-20T10:01:15Z,10,fa,,PT2M53S,hd,False,True,7987957,15945.0,1755.0,public,True,False,173,likely_release,release_title_pattern | music_category | licensed_content,vevo,trusted,top20_manual_audit_2026-07-10; confidence=high,likely_release,v2_release_signal_and_trusted_source,,,,final_likely_release,accepted_from_v3_likely_release,,,,final_likely_release,accepted_from_v3_likely_release,final_screening_v4,,6_NAw9qZq3SSE,2024-09-20 10:01:15+00:00,2026-07-10 23:59:59+00:00,658.5824537037037,1.803100489264076,12129.015820384706,1.9961299240844688,0.2197057395276414,17700.0,0.0022158356636121,2.8833333333333333,15.89344571561719,9.67696329306244,7.470793774195062,9.403438306173411,1.8758091059327917,-1.1564354383157915,-1.1757286884708946,-0.2837740836524379,1.8758091059327917,-1.1564354383157915,-0.2837740836524379,0.7938104914328613,77.63,high,0.7938104914328613,77.63,1.053401878124552,89.47,0.9017896509121228,85.53,0.9017896509121228,85.53,high,PI_V2_FINAL_65_25_10,0.65,0.25,0.1,-3.0,3.0,-0.7758184828174048,-0.43336389003830444,-1.0423932499999997,-1.1978007629310345,1.9906486990042647,1.8758091059327917,-1.1265571168239454,-1.1757286884708946,-0.39986470527973134,-0.2837740836524379,-1.0871998870623265,-1.1564354383157915,0,1,0,0,1,FM_V1
6,سهراب پاکزاد,pop,5,bVmRq89vjRY,Sohrab Pakzad - Emza Music Video | سهراب پاکزاد - موزیک ویدیو امضاء,UCQnVOIzzZ-r2vKWZGEvd7Zw,Sohrab Pakzad,2024-02-14T16:02:15Z,سهراب پاکزاد,pending_review,,Sohrab Pakzad - Emza Music Video | سهراب پاکزاد - موزیک ویدیو امضاء,"Sohrab Pakzad - Emza Music Video | سهراب پاکزاد - موزیک ویدیو امضاء

Subscribe To The Sohrab Pakzad Channel For All The Best And Latest Official Music Videos, Behind The Scenes And Live Performances.

Emza Track Information:
Lyrics & Music: Majid Razavi
Arrangement, Mix & Master: Masoud Jahani
Producer: Behnam Mohammadi
Photo & Cover Art: Moein Bellezza


متن آهنگ امضاء سهراب پاکزاد:

بزن ازون حرفا من با تو کنار دریا صبح
تو موهات باد بزنه باز یه ذره رو شنم خوابت ببره
بذار دلت واسه خودم واشه گلم هر وقت
دلت گرفت واسه تو من گل بیارم هر شب
بذار دلم تو بغلت جون بگیره پاشه
بذار سند قلب من واسه تو امضا شه

تو بمونی یا نمونی دلم از دست رفت
تو قشنگ دل میبری از روی عمد از قصد
تو بشین نگاه کن که چجوری میشم پیرت
خوب نشسته وسط قلب من اون تیرت

به همه میگم زندگیمه مگه غیر اینه که چشام ببینه تورو
دلم هوری پایین میریزه میدونی غلیظه بهت عشقی که دادم
بگو توی گوشم یواش اسمتو خالی کن حستو آروم شی
کی مثل من آخر شب لوست میکنه تورو پا گوشی

تو بمونی یا نمونی دلم از دست رفت
تو قشنگ دل میبری از روی عمد از قصد
تو بشین نگاه کن که چجوری میشم پیرت
خوب نشسته وسط قلب من اون تیرت


Follow Sohrab on… 
Spotify : https://spoti.fi/48gTexB
Apple Music: https://apple.co/4f7j2hM
Instagram : https://www.instagram.com/sohrabpakzad/

Amazon Music: https://amzn.to/3BJ6VJn


#sohrabpakzad #emza #سهراب_پاکزاد",UCQnVOIzzZ-r2vKWZGEvd7Zw,Sohrab Pakzad,2024-02-14T16:02:15Z,10,fa,fa,PT3M10S,hd,False,True,598769,1154.0,166.0,public,True,False,190,likely_release,release_title_pattern | music_category | licensed_content,official_artist,trusted,top20_manual_audit_2026-07-10; confidence=high,likely_release,v2_release_signal_and_trusted_source,,,,final_likely_release,accepted_from_v3_likely_release,,,,final_likely_release,accepted_from_v3_likely_release,final_screening_v4,,6_bVmRq89vjRY,2024-02-14 16:02:15+00:00,2026-07-10 23:59:59+00:00,877.3317592592592,2.402003447663954,682.4886864981922,1.9272874848230288,0.2772354614216835,1320.0,0.0022045229462447,3.1666666666666665,13.302632830072152,7.051855622955894,5.117993812416755,6.527210103720052,-0.2255360503360293,-1.1607176674929356,-1.2037364541728022,-0.0455207403238937,-0.2255360503360293,-1.1607176674929356,-0.0455207403238937,-0.4323291581234355,18.42,low,-0.4323291581234355,18.42,-0.394570842766197,19.74,-0.4413299236240423,18.42,-0.4413299236240423,18.42,low,PI_V2_FINAL_65_25_10,0.65,0.25,0.1,-3.0,3.0,-0.5891046690263928,-0.24506128725909346,-0.6949288333333332,-0.8024102198275864,-0.374806009507434,-0.22553605033602933,-1.1544184256640415,-1.2037364541728022,-0.20721530914753303,-0.04552074032389374,-1.0915126396940786,-1.1607176674929356,0,1,0,0,0,FM_V1
6,سهراب پاکزاد,pop,10,txd-SU1DHjI,Sohrab Pakzad - Noor Cheshmi (Music Video),UCQnVOIzzZ-r2vKWZGEvd7Zw,Sohrab Pakzad,2025-12-11T15:40:10Z,سهراب پاکزاد,pending_review,,Sohrab Pakzad - Noor Cheshmi (Music Video),"Sohrab Pakzad” - “Noor Cheshmi” ( موزیک ویدیوی سهراب پاکزاد - نور چشمی  ) 

Arrangement, Mix & Master: ali bayat
Lyrics: Taha Yousefi, arsha radin
Melody: Taha Yousefi & arsha radin
Producer: Behnam Mohammadi
Singer: Sohrab Pakzad

Get Connected With “Sohrab Pakzad”",UCQnVOIzzZ-r2vKWZGEvd7Zw,Sohrab Pakzad,2025-12-11T15:40:10Z,10,fa,fa,PT2M54S,hd,False,True,266379,1301.0,243.0,public,True,False,174,likely_release,release_title_pattern | music_category | licensed_content,official_artist,trusted,top20_manual_audit_2026-07-10; confidence=high,likely_release,v2_release_signal_and_trusted_source,,,,final_likely_release,accepted_from_v3_likely_release,,,,final_likely_release,accepted_from_v3_likely_release,final_screening_v4,,6_txd-SU1DHjI,2025-12-11 15:40:10+00:00,2026-07-10 23:59:59+00:00,211.3470949074074,0.5786368101503283,1260.3863805968208,4.884018635102617,0.9122340725057156,1544.0,0.0057962527076083,2.9,12.49267913975502,7.171656822768514,5.497168225293202,7.139966697117846,0.2221381287885382,0.1988681403210545,-0.000823916659823,2.584259782140629,0.2221381287885382,0.1988681403210545,2.584259782140629,0.5706388796744808,71.05,above_median,0.5706388796744808,71.05,0.4536962964302505,67.11,0.4525327970068764,65.79,0.4525327970068764,65.79,above_median,PI_V2_FINAL_65_25_10,0.65,0.25,0.1,-3.0,3.0,-1.1575569266994152,-0.8183506304640873,-1.0219541666666663,-1.174542495689655,0.12913452198031558,0.2221381287885382,0.04220389944311001,-0.000823916659823043,1.9192003059919607,2.5842597821406286,0.277764208457581,0.19886814032105457,0,1,0,0,0,FM_V1
6,سهراب پاکزاد,pop,13,b6FCSE2_XkE,Sohrab Pakzad - Shookhi Nadaram (Lyric Video) ft. Asef Aria,UC9qZPJyvvZiBmzYdqdgly1w,SohrabPakzadVEVO,2024-01-19T15:21:23Z,سهراب پاکزاد,pending_review,,Sohrab Pakzad - Shookhi Nadaram (Lyric Video) ft. Asef Aria,"Sohrab Pakzad  ft. Asef Aria - Shookhi Nadaram [ Lyric Video ] ( سهراب پاکزاد - شوخی ندارم )

Powered by: ng-network.com

#SohrabPakzad
#AsefAria


http://vevo.ly/NmIy9G",UC9qZPJyvvZiBmzYdqdgly1w,SohrabPakzadVEVO,2024-01-19T15:21:23Z,10,en,fa,PT2M51S,hd,False,True,652128,1162.0,74.0,public,True,False,171,likely_release,release_title_pattern | music_category | licensed_content,vevo,trusted,top20_manual_audit_2026-07-10; confidence=high,likely_release,v2_release_signal_and_trusted_source,,,,final_likely_release,accepted_from_v3_likely_release,,,,final_likely_release,accepted_from_v3_likely_release,final_screening_v4,,6_b6FCSE2_XkE,2024-01-19 15:21:23+00:00,2026-07-10 23:59:59+00:00,903.3601388888889,2.4732652673207087,721.8914936872261,1.7818587761911773,0.1134746552823985,1236.0,0.0018953334314735,2.85,13.38799767409925,7.0587581525186645,4.31748811353631,6.583259133008298,-0.1845871589692172,-1.2777558925648085,-1.262902475037105,-0.7237190399910244,-0.1845871589692172,-1.2777558925648085,-0.7237190399910244,-0.5387491245213861,11.84,low,-0.5387491245213861,11.84,-0.4571340937905161,17.11,-0.5117925304702957,14.47,-0.5117925304702957,14.47,low,PI_V2_FINAL_65_25_10,0.65,0.25,0.1,-3.0,3.0,-0.5668881046578527,-0.22265567724841434,-1.0832714166666662,-1.2443172974137928,-0.32871041802262024,-0.18458715896921726,-1.2132750584167085,-1.262902475037105,-0.7556000288053294,-0.7237190399910244,-1.2093851057191172,-1.2777558925648085,0,1,0,0,0,FM_V1
6,سهراب پاکزاد,pop,15,E1xgedbMDwg,Sohrab Pakzad - Khialet Jam (Music Video) - موزیک ویدیو آهنگ خیالت جمع از سهراب پاکزاد,UCCn_0vWsa35jSTRNlX15hzQ,TPM - Top Persian Music,2021-02-17T16:08:43Z,سهراب پاکزاد,pending_review,,Sohrab Pakzad - Khialet Jam (Music Video) - موزیک ویدیو آهنگ خیالت جمع از سهراب پاکزاد,"""وقتی عشق با اطمینان یکی می‌شه، می‌شه همون حسی که سهراب پاکزاد تو خیالت جمع بهت می‌ده… موزیک ویدیویی با تصویرای دیدنی، حس اعتماد، و ریتمی که به دل می‌شینه.

🔺 این ویدیو با زیرنویس‌های کوردی، انگلیسی، عربی و ترکی استانبولی آماده‌ست، تا هر جایی از دنیا که هستی راحت‌تر با آهنگ ارتباط بگیری.

💛 برای شنیدن تازه‌ترین آهنگ‌ها و حمایت از هنرمندان ایرانی، از لینک پایین کانالو سابسکرایب کن. 
https://bit.ly/Subscribe_TPM

-----------------------------------------------

Credits
Sohrab Pakzad - Khialet Jam

Lyrics & Music: Sohrab Pakzad & Nima Moein
Arr, Mix & Mastering: Ali Bayat

-----------------------------------------------

متن آهنگ خیالت جمع از سهراب پاکزاد:

انقد تو جذابی واسم که 
پرت تو میشه حواسم هی
من شدم درگیر تاثیرت رو قلبم 
نمیشه کند اصلا ازت دل

یه مغرور بی کله نگا قلبش یه ذره شده 
میدونی من این نبودم
دلو تغییر رفتارش خودم موندم توی کارش 
آخه من اصلا این شکلی نبودم

خیالت جم جم هر کار کنی هواتو دارم  
دلت هر وقت گرفت یه شاخه گل واست میارم
ببین هرجا که میرم بس که بهت پرته حواسم 
یه چیزی جا میذارم

خیالت جم جم هر کار کنی هواتو دارم  
دلت هر وقت گرفت یه شاخه گل واست میارم
ببین هرجا که میرم بس که بهت پرته حواسم 
یه چیزی جا میذارم

تو با این سن کم بردی ازم 
هوش حواس و زندگیمو
الان کاشکی فقط باشی بلد 
بیشتر کنی وابستگیمو

خیالت جم جم هر کار کنی هواتو دارم  
دلت هر وقت گرفت یه شاخه گل واست میارم
ببین هرجا که میرم بس که بهت پرته حواسم 
یه چیزی جا میذارم

خیالت جم جم هر کار کنی هواتو دارم  
دلت هر وقت گرفت یه شاخه گل واست میارم
ببین هرجا که میرم بس که بهت پرته حواسم 
یه چیزی جا میذارم

#Sohrab_Pakzad
#سهراب_پاکزاد
#Top_Persian_Music",UCCn_0vWsa35jSTRNlX15hzQ,TPM - Top Persian Music,2021-02-17T16:08:43Z,10,fa,fa,PT3M24S,hd,True,True,2582645,12030.0,448.0,public,True,False,204,likely_release,release_title_pattern | music_category | licensed_content,trusted_music_platform,trusted,top20_manual_audit_2026-07-10; confidence=high,likely_release,v2_release_signal_and_trusted_source,,,,final_likely_release,accepted_from_v3_likely_release,,,,final_likely_release,accepted_from_v3_likely_release,final_screening_v4,,6_E1xgedbMDwg,2021-02-17 16:08:43+00:00,2026-07-10 23:59:59+00:00,1969.3272685185184,5.391724212234137,1311.4351490917336,4.658015329245793,0.1734655750209572,12478.0,0.0048314809042667,3.4,14.764325012743848,9.395241931033524,6.1070228877422545,7.179639583029232,0.2511227644909438,-0.1663291709333329,-0.0927707986442897,-0.4752729024729115,0.2511227644909438,-0.1663291709333329,-0.4752729024729115,0.0378004305902963,50.0,below_median,0.0378004305902963,50.0,0.0949928107097028,50.0,0.074120213938489,51.32,0.074120213938489,51.32,above_median,PI_V2_FINAL_65_25_10,0.65,0.25,0.1,-3.0,3.0,0.3429698153183034,0.6949444242767818,-0.40878166666666665,-0.47679447844827594,0.161762119018439,0.2511227644909438,-0.04926217832683616,-0.09277079864428979,-0.5547088358610193,-0.47527290247291154,-0.090036205781726,-0.16632917093333296,0,1,0,0,0,FM_V1
6,سهراب پاکزاد,pop,16,uNa3i6zGd98,Sohrab Pakzad - Yaghi ( Lyric Video ),UC9qZPJyvvZiBmzYdqdgly1w,SohrabPakzadVEVO,2023-12-21T17:30:05Z,سهراب پاکزاد,pending_review,,Sohrab Pakzad - Yaghi ( Lyric Video ),"Music video by Sohrab Pakzad performing Yaghi ( Lyric Video ). BM Records

http://vevo.ly/Ug0DnU",UC9qZPJyvvZiBmzYdqdgly1w,SohrabPakzadVEVO,2023-12-21T17:30:05Z,10,en,fa,PT3M16S,hd,False,True,2074399,4206.0,345.0,public,True,False,196,likely_release,release_title_pattern | music_category | licensed_content,vevo,trusted,top20_manual_audit_2026-07-10; confidence=high,likely_release,v2_release_signal_and_trusted_source,,,,final_likely_release,accepted_from_v3_likely_release,,,,final_likely_release,accepted_from_v3_likely_release,final_screening_v4,,6_uNa3i6zGd98,2023-12-21 17:30:05+00:00,2026-07-10 23:59:59+00:00,932.2707638888888,2.5524182447334396,2225.1035647056224,2.027575215761288,0.1663132309647276,4551.0,0.002193888446726,3.2666666666666666,14.545182513206592,8.344505083590521,5.846438775057725,7.7080080557782225,0.6371437797877125,-1.1647431692927537,-1.1629355281593048,-0.5048935894487897,0.6371437797877125,-1.1647431692927537,-0.5048935894487897,0.0153664371321206,48.68,below_median,0.0153664371321206,48.68,0.162562653047969,55.26,0.0724683055939457,50.0,0.0724683055939457,50.0,below_median,PI_V2_FINAL_65_25_10,0.65,0.25,0.1,-3.0,3.0,-0.5422113952204332,-0.19776898825231545,-0.5722943333333332,-0.6628606163793104,0.5963005505056054,0.6371437797877125,-1.113830853891169,-1.1629355281593048,-0.5786598427144879,-0.5048935894487897,-1.0955668350122443,-1.1647431692927535,0,1,0,0,0,FM_V1
6,سهراب پاکزاد,pop,17,2JCi3fSTxwA,Sohrab Pakzad - Khateh Ghermez [ Lyric Video ] ( سهراب پاکزاد - خط قرمز ),UC9qZPJyvvZiBmzYdqdgly1w,SohrabPakzadVEVO,2024-02-08T13:46:27Z,سهراب پاکزاد,pending_review,,Sohrab Pakzad - Khateh Ghermez [ Lyric Video ] ( سهراب پاکزاد - خط قرمز ),"Music video by Sohrab Pakzad performing Sohrab Pakzad [ Lyric Video ] ( سهراب پاکزاد - خط قرمز ). BM Records

http://vevo.ly/6rZ1Zs",UC9qZPJyvvZiBmzYdqdgly1w,SohrabPakzadVEVO,2024-02-08T13:46:27Z,10,fa,,PT2M30S,hd,False,True,689925,1379.0,95.0,public,True,False,150,likely_release,release_title_pattern | music_category | licensed_content,vevo,trusted,top20_manual_audit_2026-07-10; confidence=high,likely_release,v2_release_signal_and_trusted_source,,,,final_likely_release,accepted_from_v3_likely_release,,,,final_likely_release,accepted_from_v3_likely_release,final_screening_v4,,6_2JCi3fSTxwA,2024-02-08 13:46:27+00:00,2026-07-10 23:59:59+00:00,883.4260648148148,2.4186887469262555,780.9651848393484,1.998767982027032,0.1376961263905497,1474.0,0.0021364641084175,2.5,13.444339624445329,7.22983877815125,4.564348191467836,6.661810218888442,-0.1271984776075987,-1.1864801374319447,-1.1746554245140095,-0.6234083435047546,-0.1271984776075987,-1.1864801374319447,-0.6234083435047546,-0.4664503724482586,15.79,low,-0.4664503724482586,15.79,-0.3886757961621835,21.05,-0.4416398791534007,17.11,-0.4416398791534007,17.11,low,PI_V2_FINAL_65_25_10,0.65,0.25,0.1,-3.0,3.0,-0.583902864934738,-0.2398152198700865,-1.512492166666666,-1.7327409094827586,-0.2641087859979422,-0.12719847760759875,-1.1254894651273415,-1.1746554245140095,-0.67448975,-0.6234083435047546,-1.1174587428645781,-1.1864801374319447,0,1,0,0,0,FM_V1
6,سهراب پاکزاد,pop,18,_pl7LSxtgD0,Sohrab Pakzad - 110 Ta | سهراب پاکزاد - 110 تا,UCQnVOIzzZ-r2vKWZGEvd7Zw,Sohrab Pakzad,2025-03-14T08:30:06Z,سهراب پاکزاد,pending_review,,Sohrab Pakzad - 110 Ta | سهراب پاکزاد - 110 تا,"Powered by: https://ng-network.com

The official Track for “Sohrab Pakzad” - “110 Ta” ( آهنگ جدید 110 تا  ) 
“110 Ta” out now: 

Song: 110 Ta
Singer: Sohrab Pakzad
Composer: Ali Arjmand
Lyricist: Arian Kaveh & Barbod
Producer: Behnam Mohammadi


Get Connected With “Sohrab Pakzad”

Subscribe Here👇
https://bit.ly/SubscribeToSohrab

Audio Available on:
YouTube Music: https://bit.ly/SohrabYTMusic
Spotify: https://bit.ly/SohrabSpotify
Apple Music: https://bit.ly/SohrabAppleMusic

FOLLOW 👇
https://www.instagram.com/ng.networkco/

Please take a moment and share this video with your friends. Thank you",UCQnVOIzzZ-r2vKWZGEvd7Zw,Sohrab Pakzad,2025-03-14T08:30:06Z,10,fa,fa,PT2M6S,hd,False,True,478344,1218.0,145.0,public,True,False,126,needs_review,music_category_and_licensed_but_no_release_pattern,official_artist,trusted,top20_manual_audit_2026-07-10; confidence=high,trusted_needs_content_review,trusted_source_but_v2_content_ambiguous,likely_release,trusted_music_source_and_music_duration_signal,rule_based_content_review_v1,final_likely_release,accepted_after_trusted_content_review,,,,final_likely_release,accepted_after_trusted_content_review,final_screening_v4,,6__pl7LSxtgD0,2025-03-14 08:30:06+00:00,2026-07-10 23:59:59+00:00,483.6457523148149,1.3241499036682132,989.0379429790509,2.5462846821534293,0.3031291288277892,1363.0,0.0028494138109812,2.1,13.078087508454214,7.105786129481271,4.983606621708336,6.8977432686356694,0.0451719799476054,-0.9166056308034698,-0.9519044642119546,0.0617151827334875,0.0451719799476054,-0.9166056308034698,0.0617151827334875,-0.192790942322281,28.95,below_median,-0.192790942322281,28.95,-0.1455292219240214,35.53,-0.1936181024615751,30.26,-0.1936181024615751,30.26,below_median,PI_V2_FINAL_65_25_10,0.65,0.25,0.1,-3.0,3.0,-0.9251359794164672,-0.5839519621214471,-2.0030301666666657,-2.290939323275862,-0.0700737845533185,0.04517197994760543,-0.9039033034371615,-0.9519044642119546,-0.12050535774846562,0.061715182733487535,-0.84566058808178,-0.9166056308034698,0,1,0,0,0,FM_V1
6,سهراب پاکزاد,pop,20,7EFxlwV-2MU,Sohrab Pakzad - Kie (Official Music Video) | سهراب پاکزاد - موزیک ویدیوی کیه,UCpToffK2aE57CCK_uBCNHyA,Fact Music,2023-02-12T21:28:48Z,سهراب پاکزاد,pending_review,,Sohrab Pakzad - Kie (Official Music Video) | سهراب پاکزاد - موزیک ویدیوی کیه,"For the latest Persian songs please subscribe to NG Network official channel: https://bit.ly/NGNetworkMusic

Enjoy the best songs from top artist 👇👇

Best Persian Hits: https://bit.ly/BestPersianHits

Mohsen Chavoshi: https://bit.ly/MohsenChavoshiSongs

Mohsen Lorestani: https://bit.ly/MohsenLorestani-Hits

Saman Jalili: https://bit.ly/SamanJalili-Hits

Majid Kharatha: https://bit.ly/MajidKharatha-Hits

Sohrab Pakzad:  https://bit.ly/SohrabPakzad-Hits

Yousef Zamani: https://bit.ly/YousefZamani-Hits

Asef Aria: https://bit.ly/AsefAria-Hits

Salar Aghili: https://bit.ly/SalarAghili-Hits

Soheil Rahmani: https://bit.ly/SoheilRahmani-Hits


FOLLOW  NG Network👇
                 https://www.instagram.com/ng.networkco/

Please take a moment and share this video with your friends. Thank you

#persianmusic
#persiansongs
#bestpersiansongs",UCpToffK2aE57CCK_uBCNHyA,Fact Music,2023-02-12T21:28:48Z,10,en,fa,PT3M38S,hd,False,True,434732,2125.0,217.0,public,True,False,218,likely_release,release_title_pattern | music_category | licensed_content,label_or_distributor,trusted,top20_manual_audit_2026-07-10; confidence=high,likely_release,v2_release_signal_and_trusted_source,,,,final_likely_release,accepted_from_v3_likely_release,,,,final_likely_release,accepted_from_v3_likely_release,final_screening_v4,,6_7EFxlwV-2MU,2023-02-12 21:28:48+00:00,2026-07-10 23:59:59+00:00,1244.104988425926,3.4061738218368953,349.4335317713292,4.888068971228251,0.4991581020030732,2342.0,0.0053872270732313,3.6333333333333337,12.98248732851927,7.661997558901893,5.384495062789089,5.859171050178128,-0.7135990726516216,0.0440387170406243,0.0008239166598234,0.8735487308652362,-0.7135990726516216,0.0440387170406243,0.8735487308652362,-0.2861174547010314,22.37,low,-0.2861174547010314,22.37,-0.4033567343614866,18.42,-0.3654748448768743,21.05,-0.3654748448768743,21.05,low,PI_V2_FINAL_65_25_10,0.65,0.25,0.1,-3.0,3.0,-0.27604480243513163,0.07066247472688093,-0.12263449999999951,-0.15117873706896498,-0.9242116941198557,-0.7135990726516216,0.04384311599198824,0.0008239166598234045,0.5359355577176041,0.8735487308652362,0.12183117098976733,0.044038717040624356,0,1,0,0,0,FM_V1
6,سهراب پاکزاد,pop,21,gDsNVAWX0-g,Sohrab Pakzad - In Che Hessie ( Lyric Video ) ft. Amir Tabari,UC9qZPJyvvZiBmzYdqdgly1w,SohrabPakzadVEVO,2024-01-20T17:32:00Z,سهراب پاکزاد,pending_review,,Sohrab Pakzad - In Che Hessie ( Lyric Video ) ft. Amir Tabari,"Sohrab Pakzad - In Che Hessie [ Lyric Video ] - ( سهراب پاکزاد - این چه حسیه )

Powered by: ng-network.com


#SohrabPakzad
#Sohrab_Pakzad

http://vevo.ly/mUjNCH",UC9qZPJyvvZiBmzYdqdgly1w,SohrabPakzadVEVO,2024-01-20T17:32:00Z,10,en,,PT5M42S,hd,False,True,4639774,9676.0,162.0,public,True,False,342,likely_release,release_title_pattern | music_category | licensed_content,vevo,trusted,top20_manual_audit_2026-07-10; confidence=high,likely_release,v2_release_signal_and_trusted_source,,,,final_likely_release,accepted_from_v3_likely_release,,,,final_likely_release,accepted_from_v3_likely_release,final_screening_v4,,6_gDsNVAWX0-g,2024-01-20 17:32:00+00:00,2026-07-10 23:59:59+00:00,902.2694328703705,2.470279076989378,5142.337566772695,2.085446403208432,0.0349154937287893,9838.0,0.0021203618969372,5.7,15.350176431647382,9.177507214880942,5.093750200806762,8.54545747978131,1.248976418535903,-1.192575344938515,-1.1393912918379367,-1.0490636144651977,1.248976418535903,-1.192575344938515,-1.0490636144651977,0.2938824727171333,59.21,above_median,0.2938824727171333,59.21,0.5308620625409092,69.74,0.4087844743671884,63.16,0.4087844743671884,63.16,above_median,PI_V2_FINAL_65_25_10,0.65,0.25,0.1,-3.0,3.0,-0.5678190784953476,-0.22359457294745383,2.4118118333333323,2.7328464008620688,1.2850319527840508,1.248976418535903,-1.0904097339583794,-1.1393912918379367,-1.0186705693135738,-1.0490636144651975,-1.1235973966188757,-1.192575344938515,0,1,0,0,0,FM_V1
6,سهراب پاکزاد,pop,22,OH5768Sd18k,Sohrab Pakzad - Yaghi | آهنگ یاغی از سهراب پاکزاد,UCCn_0vWsa35jSTRNlX15hzQ,TPM - Top Persian Music,2023-12-21T15:16:24Z,سهراب پاکزاد,pending_review,,Sohrab Pakzad - Yaghi | آهنگ یاغی از سهراب پاکزاد,"آهنگ ""یاغی"" از سهراب پاکزاد 
این آهنگو می‌تونید به صورت اختصاصی از کانال ما بشنوید.
ღ اگه این آهنگ رو دوست داشتید، لایک و ذخیره یادتون نره ღ

Sohrab Pakzad - Yaghi | آهنگ ""یاغی"" از سهراب پاکزاد

ـــ٨ﮩ٨ﮩﮩـــــــ٨ﮩ٨ﮩﮩـــــــ٨ﮩ٨ﮩﮩـــــــ٨ﮩ٨ﮩﮩـــ

برای شنیدن آهنگ‌های بیشتر از سهراب پاکزاد، روی لینک زیر کلیک کنید

https://youtube.com/playlist?list=PLlVABjnN0Zp9GBg3b8aKr8W-CWhmv9PSP 

ـــ٨ﮩ٨ﮩﮩـــــــ٨ﮩ٨ﮩﮩـــــــ٨ﮩ٨ﮩﮩـــــــ٨ﮩ٨ﮩﮩـــ

♪ متن آهنگ ""یاغی"" از سهراب پاکزاد♪

به تو فکر میکنم بی هوا بی خودی
نمیدونی چقدر من یاغی رو داری عوض میکنی
من دل تو دلم نیست با بشینم
سیر نمیشم تورو هر چی میبینم
دیگه درست نمیشم
اصن میخوابم که به عشق تو پاشم 
آخر هفته شه پیش تو باشم دیگه درست نمیشم
شبایی که باهات نمیخندم اصن صبح نمیشه نمیشه
من حتی فکرشم نمیکردم کارم بات به اینجا بکشه 
شبایی که باهات نمیخندم اصن صبح نمیشه نمیشه
من حتی فکرشم نمیکردم کارم بات به اینجا بکشه 
من اولین باری رو که دیدم تورو یادم نمیره
از اون شب دیگه هیچ جا به جز رو شونه هات خوابم نمیره
من دل تو دلم نیست با بشینم
سیر نمیشم تورو هر چی میبینم
دیگه درست نمیشم
اصن میخوابم که به عشق تو پاشم 
آخر هفته شه پیش تو باشم دیگه درست نمیشم
شبایی که باهات نمیخندم اصن صبح نمیشه نمیشه
من حتی فکرشم نمیکردم کارم بات به اینجا بکشه 
شبایی که باهات نمیخندم اصن صبح نمیشه نمیشه
من حتی فکرشم نمیکردم کارم بات به اینجا بکشه

ـــ٨ﮩ٨ﮩﮩـــــــ٨ﮩ٨ﮩﮩـــــــ٨ﮩ٨ﮩﮩـــــــ٨ﮩ٨ﮩﮩـــ

#TPM | #Sohrab_Pakzad | #Yaghi | #SohrabPakzad | #Top_Persian_Music | #Persian_Music
#سهراب_پاکزاد | #یاغی| #آهنگ_فارسی | #موسیقی_ایرانی | #موسیقی_پاپ | #موزیک | #موسیقی | #آهنگ",UCCn_0vWsa35jSTRNlX15hzQ,TPM - Top Persian Music,2023-12-21T15:16:24Z,10,fa,fa-IR,PT3M11S,hd,True,False,141397,747.0,59.0,public,True,False,191,needs_review,insufficient_evidence,trusted_music_platform,trusted,top20_manual_audit_2026-07-10; confidence=high,trusted_needs_content_review,trusted_source_but_v2_content_ambiguous,likely_release,trusted_music_source_and_music_duration_signal,rule_based_content_review_v1,final_likely_release,accepted_after_trusted_content_review,,,,final_likely_release,accepted_after_trusted_content_review,final_screening_v4,,6_OH5768Sd18k,2023-12-21 15:16:24+00:00,2026-07-10 23:59:59+00:00,932.3635995370372,2.552672414885796,151.65435466400697,5.282997517627673,0.4172648641767505,806.0,0.0057002623818044,3.183333333333333,11.859333888073008,6.617402977974478,4.0943445622221,5.028176245888356,-1.3207160272066858,0.1625326993716005,0.1614961170527197,0.5343964272254437,-1.3207160272066858,0.1625326993716005,0.5343964272254437,-0.6716369773972948,9.21,low,-0.6716369773972948,9.21,-0.8385550364478156,5.26,-0.7643926001189014,6.58,-0.7643926001189014,6.58,low,PI_V2_FINAL_65_25_10,0.65,0.25,0.1,-3.0,3.0,-0.5421321552069505,-0.19768907396809582,-0.67448975,-0.7791519525862072,-1.6076347169799043,-1.3207160272066858,0.203675137039616,0.16149611705271974,0.2617002182245856,0.5343964272254437,0.24116977081817603,0.16253269937160053,0,1,0,0,0,FM_V1
6,سهراب پاکزاد,pop,23,mMsf3f8ctTY,Sohrab Pakzad - Bombe | سهراب پاکزاد - بمبه,UCQnVOIzzZ-r2vKWZGEvd7Zw,Sohrab Pakzad,2024-02-15T08:11:51Z,سهراب پاکزاد,pending_review,,Sohrab Pakzad - Bombe | سهراب پاکزاد - بمبه,"Sohrab Pakzad - Bombe | سهراب پاکزاد - بمبه

Subscribe To The Sohrab Pakzad Channel For All The Best And Latest Official Music Videos, Behind The Scenes And Live Performances.

Bombe Track Information:
Lyrics & Music: Nima Moein & Sohrab Pakzad
Arr, Mix & Mastering: Ali Bayat
Producer: Behnam Mohammadi
Cover Art: Majid Rezaei

متن آهنگ بمبه:

میشه سنگین و بسته گلوم 
تو حق داری که هستی پهلوم
تو چی داری که انقد سریع 
پیشت قلبم میشه بستری

تو یه الماس نابی پر نوره دلت
چقد بد داره میچربه بهم زوره دلت
تو یه لحظه تا پلکامو زدم زودی رو هم
تو تیکه پاره های قلبمو دوختی بهم

بمبه این 
این عشقی که افتاده به جونم آتیشش تنده
این موهای مشکی چشای وحشی دلمو برده

بمبه این 
این عشقی که افتاده به جونم آتیشش تنده
این موهای مشکی چشای وحشی دلمو برده

تو لای مزه های زندگیم شیرین طعمی
یجای تو قلبم رفتی که خودت نمیفهمی
تو یه موجی که میشوره دلو تسکین دردامی
تو آخرین سلاح واسه جنگیدن با ترسامی

تو یه الماس نابی پر نوره دلت
چقد بد داره میچربه بهم زوره دلت
تو یه لحظه تا پلکامو زدم زودی رو هم
تو تیکه پاره های قلبمو دوختی بهم

بمبه این 
این عشقی که افتاده به جونم آتیشش تنده
این موهای مشکی چشای وحشی دلمو برده

بمبه این 
این عشقی که افتاده به جونم آتیشش تنده
این موهای مشکی چشای وحشی دلمو برده

Follow Sohrab on… 
Spotify : https://spoti.fi/48gTexB
Apple Music: https://apple.co/4f7j2hM
Amazon Music: https://amzn.to/3BJ6VJn
Instagram : https://www.instagram.com/sohrabpakzad/

#sohrabpakzad #bombe #سهراب_پاکزاد# بمبه",UCQnVOIzzZ-r2vKWZGEvd7Zw,Sohrab Pakzad,2024-02-15T08:11:51Z,10,fa,fa,PT4M31S,hd,False,True,220271,908.0,71.0,public,True,False,271,needs_review,music_category_and_licensed_but_no_release_pattern,official_artist,trusted,top20_manual_audit_2026-07-10; confidence=high,trusted_needs_content_review,trusted_source_but_v2_content_ambiguous,likely_release,trusted_music_source_and_music_duration_signal,rule_based_content_review_v1,final_likely_release,accepted_after_trusted_content_review,,,,final_likely_release,accepted_after_trusted_content_review,final_screening_v4,,6_mMsf3f8ctTY,2024-02-15 08:11:51+00:00,2026-07-10 23:59:59+00:00,876.6584259259259,2.4001599614672853,251.26205770206332,4.122194932605744,0.32233022050111,979.0,0.0044445251531068,4.516666666666667,12.302618425302724,6.812345094177479,4.276666119016055,5.530468458694134,-0.9537460811117754,-0.3128044300656535,-0.3107632505155207,0.1412345013763318,-0.9537460811117754,-0.3128044300656535,0.1412345013763318,-0.6292635809770288,10.53,low,-0.6292635809770288,10.53,-0.7160596926537403,10.53,-0.6840126101014342,10.53,-0.6840126101014342,10.53,low,PI_V2_FINAL_65_25_10,0.65,0.25,0.1,-3.0,3.0,-0.5896793937520324,-0.24564090244407724,0.9606369166666661,1.0815094267241376,-1.1945418063350806,-0.9537460811117754,-0.2661147145496923,-0.3107632505155207,-0.05620679008361273,0.14123450137633187,-0.23755553115581202,-0.31280443006565356,0,1,0,0,0,FM_V1
6,سهراب پاکزاد,pop,24,nsExqoIjHTQ,Sohrab Pakzad - Ashti - آهنگ آشتی از سهراب پاکزاد,UCCn_0vWsa35jSTRNlX15hzQ,TPM - Top Persian Music,2021-02-24T17:34:03Z,سهراب پاکزاد,pending_review,,Sohrab Pakzad - Ashti - آهنگ آشتی از سهراب پاکزاد,"آهنگ آتشی از سهراب پاکزاد منتشر شد 😍👌
این آهنگ رو انحصاری و قانونی از کانال یوتیوب 
Top Persian Music بشنوید 

Sohrab Pakzad - Ashti - آهنگ آشتی از سهراب پاکزاد

-------------------------------------

آهنگها و موزیک ویدیوهای  بیشتر از سهراب پاکزاد

https://www.youtube.com/playlist?list=PLlVABjnN0Zp9GBg3b8aKr8W-CWhmv9PSP

-------------------------------------

شناسنامه آهنگ آشتی از سهراب پاکزاد

خواننده : سهراب پاکزاد
تنظیم : مسعود جهانی
میکس و مستر : مهدی آذر
ترانه و ملودی : نیما معین
گیتار : مجتبی تقی پور
تیزر : آبتین حسینی
نشر : مرتضی زمانیپ
عکس کاور : عارف صمدیان
طراحی کاور : امیر امرایی
تهیه کننده : بهنام محمدی

-------------------------------------

متن آهنگ آشتی از سهراب پاکزاد

بهونه ی تورو میگیرن هم گلا هم باغبونشون
کبورترامون خیلی وقته خالیه ظرف آب و دونشون
تو که بودی مث بهار بود نفسات با همه فرق داشت
بیا ببین درخت قلبم تو که نیستی ریخته برگاش

من ببین چه قشنگ کردم 
واسه تو چه لباسی تن کردم
تو دلم برات سفره پهن کردم بیا

من لبه یه تراس موندم 
پیش گلدون پر یاس موندم
یکی بچینم گوشه ی موت بکارم بیا

یادمه که میگفتی کاشکی 
تو این همه برام غرور نداشتی
حالا همون آدم مغرور داره میگه بیا آشتی
بیا پیش آسمونم بیمه کن تنها نمونم
دلو یه جوری بغلت بگیر که بلرزه همه جونم

من ببین چه قشنگ کردم 
واسه تو چه لباسی تن کردم
تو دلم برات سفره پهن کردم بیا

من لبه یه تراس موندم 
پیش گلدون پر یاس موندم
یکی بچینم گوشه ی موت بکارم بیا

-------------------------------------

#Sohrab_Pakzad
#سهراب_پاکزاد
#Ashti
#آشتی
#Top_Persian_Music
#Persian_Music
#TPM
#Persian_Music2021

-------------------------------------",UCCn_0vWsa35jSTRNlX15hzQ,TPM - Top Persian Music,2021-02-24T17:34:03Z,10,fa,fa,PT2M46S,hd,True,True,452040,2914.0,125.0,public,True,False,166,needs_review,music_category_and_licensed_but_no_release_pattern,trusted_music_platform,trusted,top20_manual_audit_2026-07-10; confidence=high,trusted_needs_content_review,trusted_source_but_v2_content_ambiguous,likely_release,trusted_music_source_and_music_duration_signal,rule_based_content_review_v1,final_likely_release,accepted_after_trusted_content_review,,,,final_likely_release,accepted_after_trusted_content_review,final_screening_v4,,6_nsExqoIjHTQ,2021-02-24 17:34:03+00:00,2026-07-10 23:59:59+00:00,1962.268009259259,5.372397013714605,230.36608550258205,6.446332182992656,0.2765242013981063,3039.0,0.0067228563843907,2.7666666666666666,13.021528162665252,7.977625098784593,4.836281906951478,5.444001241799538,-1.0169182130179022,0.5496175819893304,0.6347856327933299,-0.0484663495327356,-1.0169182130179022,0.5496175819893304,-0.0484663495327356,-0.480016484743319,14.47,low,-0.480016484743319,14.47,-0.6067658676679389,11.84,-0.5284390779175774,13.16,-0.5284390779175774,13.16,low,PI_V2_FINAL_65_25_10,0.65,0.25,0.1,-3.0,3.0,0.33694437347523876,0.688867710621231,-1.185466833333333,-1.3606086336206897,-1.265653787352707,-1.0169182130179022,0.67448975,0.6347856327933299,-0.20959710084622205,-0.04846634953273565,0.6310137696240795,0.5496175819893304,0,1,0,0,0,FM_V1
7,گرشا رضایی,pop,3,FiF32_QR_5c,Garsha Rezaei - Mahoora - Music Video - موزیک ویدیو آهنگ ماهورا از گرشا رضایی,UCtr7DrT-BGQnst11NLCsv_w,Persian Music,2018-12-10T15:15:00Z,گرشا رضایی,pending_review,,Garsha Rezaei - Mahoora - Music Video - موزیک ویدیو آهنگ ماهورا از گرشا رضایی,"موزیک ویدیو ماهورا با صدای گرشا رضایی . امیدواریم از دیدن این موزیک ویدیو لذت ببرید.


📢 آهنگ‌های مختلف و پادکست‌های جذاب برای سفر و ماشین و یا برای مهمانی یا حتی برای قلب‌های شکسته و روزهای سخت و ناامیدی 
📌https://open.spotify.com/user/tpmchannel?si=240f350569e145b3
☝🏻☝🏻 برای شنیدن  پلی‌لیست‌های متنوع میتونید رو این لینک کلیک کنید و کانال اسپاتیفای ما رو دنبال کنید. پس منتظر چی هستین؟ بزن بریم! موزیک ویدیوی ماهورا با صدای گرشا رضایی رو به صورت انحصاری و  به صورت قانونی از کانال ما گوش کنید. امیدواریم که از تماشای موزیک ویدیوی  آهنگ فارسی ماهورا گرشا رضایی لذت ببرید و برای حمایت از ما، حتما کانال را سابسکرایب کنید.

Garsha Rezaei - Mahoora - Music Video - موزیک ویدیو آهنگ ماهورا از گرشا رضایی

------------------------------

برای شنیدن بقیه آهنگ های گرشا رضایی  بر روی لینک زیر کلیلک کنید :

https://www.youtube.com/playlist?list=PLjEt8LHwWfbHNyoxu-JJ7js-HRtHlPn81

------------------------------

خلاصه داستان فیلم سینمایی ماهورا:

 در روستایی مرزی دختر به عنوان عروس هور انتخاب می‌شود تا یک روز در هفته خود را به آب بسپارد تا قهرش نگیرد، امین معروف به سمور؛ قاچاقچی ایرانی عروس هور به نام ماهور را می‌دزدد. در زندگی تو زنی است با چشمانی شکوهمند که لبخندش موسیقی و گل، اما هرکس بخواهد به او نزدیک شود ناپدید می‌شود.

تمام فیلمبرداری‌های این فیلم در تالاب‌ها و روستای بازسازی شده احمد آباد سیار در روستای عطیش از توابع شهرستان کارون انجام شد. فیلمنامه “ماهورا” طی ۴ سال تحقیق براساس یک واقعه تاریخی نگاشته شده است.

ساعد سهیلی، میترا حجار، بهاره کیان افشار، کامران تفتی، احمد کاوری، مونا فرجاد، مالک سراج، یوسف مرادیان از جمله سایر بازیگرانی هستند که در کنار داریوش ارجمند به ایفای نقش پرداخته اند.

------------------------------

شناسنامه آهنگ فارسی ماهورا

خواننده : گرشا رضایی
آهنگساز : گرشا رضایی
ترانه :‌علی بحرینی

------------------------------

متن آهنگ ماهورا از گرشا رضایی📄

هر لحظه حالم بدتره تو این روزا
امروز اگه اینه که ای وای از فردا

دلگیرم از تموم دنیا
فقط بیا

بیا که زندگیمو این دوری سوزوند
چه خاطراتی از تو پیش من جا موند

قصه غمگینمو جز تو کسی نخوند
بی هم میمیریم

شبیه زنجیریم
یه لحظه دور از هم اروم نمیگیریم

بارون دیوونگی داره
عاشق که بی عشقش طاقت نمیاره

تو بی منو من بی تو چی مونده از ما
بیا یه مرحمی بزار روی این دردا

هستی و من دل تو دلم نیست
فقط بیا

غرورمو هیچی به جز اشکت نشکوند
بهم بگو چی اخه چشماتو ترسوند

تو واسه نفس کشیدن هوا نموند
بی هم میمیریم

شبیه زنجیریم
یه لحظه دور از هم اروم نمیگیریم

بارون دیوونگی داره
عاشق که بی عشقش طاقت نمیاره

بی هم میمیریم
شبیه زنجیریم

یه لحظه دور از هم اروم نمیگیریم
بارون دیوونگی داره
عاشق که بی عشقش طاقت نمیاره

------------------------------

بیوگرافی کوتاهی از گرشا رضایی

گرشا رضایی خواننده و آهنگساز محبوب جوان در 22 اردیبهشت سال 1363 متولد شده است و اصلیتی لر دارد. گرشا رضایی که تسلط بسیاری در نواختن اکثر سازهای موسیقی دارد و مدتی به تدریس موسیقی مشغول بوده اکنون از خواننده های مطرح کشورمان است.
گرشا رضایی نوازندگی را از سن سیزده سالگی و با گیتار کلاسیک و فلامنکو شروع کرد و بعد تر به گیتار الکترونیک و سبک راک علاقه مند شد و این ساز به ساز تخصصی گرشا رضایی تبدیل شد. گرشا رضایی سازهای دیگری همچون پیانو،‌ کمانچه،‌بربط و سه تار هم می نوازد
گرشا رضایی از سال ۹۳ به طور جدی وارد فضای خوانندگی شد. و با تیتراژ سریال دولت مخفی در سال ۹۲ شروع کرد.
دل ندارم،‌ مجرم،‌ عشق بی آزارم، یار باش، دلت نخواد و حقمه از آخرین کارهای گرشا رضایی است.

------------------------------

Mahoora Persian Music Information

Vocal : Garsha Rezaei
Music : Garsha Rezaei
Lyric : Ali Bahraini

------------------------------

#گرشا_رضایی 
#گرشارضایی 
#ماهورا
#garsha_rezaei 
#garsharezaei 
#persian_music
#اهنگ_جدید 
#اهنگ_فارسی 
#موزیک 
#موزیک_ویدیو 
#کلیپ",UCtr7DrT-BGQnst11NLCsv_w,Persian Music,2018-12-10T15:15:00Z,10,fa,en,PT3M50S,hd,True,True,1711521,7499.0,451.0,public,True,False,230,likely_release,release_title_pattern | music_category | licensed_content,trusted_music_platform,trusted,sources_41_60_manual_audit_2026-07-10; confidence=high,likely_release,v2_release_signal_and_trusted_source,,,,final_likely_release,accepted_from_v3_likely_release,,,,final_likely_release,accepted_from_v3_likely_release,final_screening_v4,,7_FiF32_QR_5c,2018-12-10 15:15:00+00:00,2026-07-10 23:59:59+00:00,2769.364571759259,7.582106972646843,618.0193887989054,4.381482903218833,0.2635083063544063,7950.0,0.0046449912095732,3.8333333333333335,14.352893591091206,8.922658299524402,6.113682179832232,6.4281365949709555,-0.2979182199938096,-0.23692154815956,-0.2052748801416067,-0.1023703214011639,-0.2979182199938096,-0.23692154815956,-0.1023703214011639,-0.2533368672463503,23.68,low,-0.2533368672463503,23.68,-0.266164095767695,26.32,-0.2631142621759826,25.0,-0.2631142621759826,25.0,low,PI_V2_FINAL_65_25_10,0.65,0.25,0.1,-3.0,3.0,1.0258429137438334,1.3836282403834905,0.12263450000000006,0.12792046982758637,-0.4562856005772341,-0.2979182199938096,-0.16117795889031816,-0.20527488014160677,-0.2531833417967204,-0.10237032140116399,-0.16113176094001122,-0.23692154815956007,0,1,0,0,0,FM_V1
7,گرشا رضایی,pop,4,XUGJ6f0DtIA,Garsha Rezaei - Delam Khast | گرشا رضایی - موزیک ویدیو دلم خواست (آلبوم &quot;1984&quot;),UCisezGQDdiJZ6lmMQjVclvA,Garsha Rezaei,2024-10-04T16:11:38Z,گرشا رضایی,pending_review,,"Garsha Rezaei - Delam Khast | گرشا رضایی - موزیک ویدیو دلم خواست (آلبوم ""1984"")","Garsha Rezaei - Delam Khast (1984) | گرشا رضایی - موزیک ویدیو دلم خواست (آلبوم ""1984"")


متن آهنگ دلم خواست 

منظور من این بود، چشمات چه قشنگه
خواستم بگم انگار، با دلم می‌جنگه
بند میاد زبونم جلو چشمات
باخت دادم گمونم جلو چشمات

منظورِ یه عاشق آزار نمی‌شه 
عاشق اگه دیده شه که بیمار نمی‌شه
بند میاد زبونم جلو چشمات
باخت دادم گمونم جلو چشمات

دل خواست دلم خواست
صادقانه رو راست
از وقتی تو هستی
این زندگی زیباست

چه رازی توو نگاته
که زنجیره به دنیام
نگام کن شبِ عشقه
امشب با خودِ خودِ تو تنهام

دل خواست دلم خواست
صادقانه رو راست
از وقتی که هستی
این زندگی زیباست

---------------------------------

#Delam_Khast | #garsharezaei  | #garsha_rezaei  | #Persian_Music
#گرشا_رضایی #آهنگ_فارسی | #موسیقی_ایرانی | #موسیقی_پاپ | #موزیک | #موسیقی | #آهنگ",UCisezGQDdiJZ6lmMQjVclvA,Garsha Rezaei,2024-10-04T16:11:38Z,10,fa,fa,PT3M1S,hd,False,True,166342,1093.0,105.0,public,True,False,181,needs_review,music_category_and_licensed_but_no_release_pattern,official_artist,trusted,top20_manual_audit_2026-07-10; confidence=high,trusted_needs_content_review,trusted_source_but_v2_content_ambiguous,likely_release,trusted_music_source_and_music_duration_signal,rule_based_content_review_v1,final_likely_release,accepted_after_trusted_content_review,,,,final_likely_release,accepted_after_trusted_content_review,final_screening_v4,,7_XUGJ6f0DtIA,2024-10-04 16:11:38+00:00,2026-07-10 23:59:59+00:00,644.3252430555556,1.7640663738687352,258.1646486658874,6.570799918240733,0.6312296353296221,1198.0,0.0072020295535703,3.0166666666666666,12.021807200609327,6.9975959829819265,4.663439094112067,5.557463568856781,-0.9340237086189273,0.7310001145255487,0.6854239193455587,1.4205092121192966,-0.9340237086189273,0.7310001145255487,1.4205092121192966,-0.1645878147220746,32.89,below_median,-0.1645878147220746,32.89,-0.3655656519162096,22.37,-0.2823144607589859,23.68,-0.2823144607589859,23.68,low,PI_V2_FINAL_65_25_10,0.65,0.25,0.1,-3.0,3.0,-0.7879877473889055,-0.44563670556381924,-0.8788805833333331,-1.0117346249999999,-1.172340608813077,-0.9340237086189273,0.7248632412588492,0.6854239193455587,0.9782026207928413,1.4205092121192966,0.8136891852054535,0.7310001145255487,0,1,0,0,0,FM_V1
7,گرشا رضایی,pop,5,P5O0gKeBZ3U,Garsha Rezaei - Darya Darya (Music Video) - موزیک  ویدیو آهنگ دریا دریا از گرشا رضایی,UCCn_0vWsa35jSTRNlX15hzQ,TPM - Top Persian Music,2021-01-28T15:30:10Z,گرشا رضایی,pending_review,,Garsha Rezaei - Darya Darya (Music Video) - موزیک  ویدیو آهنگ دریا دریا از گرشا رضایی,"موزیک ویدیو جدید آهنگ دریا دریا از گرشا رضایی.
موزیک ویدیوی دریا دریا از گرشا رضایی رو به صورت قانونی و انحصاری از کانال ما ببینید

Garsha Rezaei Music Video Darya Darya - موزیک  ویدیو آهنگ دریا دریا از گرشا رضایی

-----------------------------

برای شنیدن آهنگ های بیشتر از گرشا رضایی بر روی لینک زیر کلیک کنید

https://www.youtube.com/watch?v=tjso_6uA4e0&list=PLlVABjnN0Zp9gCEbSOgfoYQgjMmEhdUAg

-----------------------------

آهنگ کامل دریا دریا 

https://youtu.be/p_XX3ITquXk

-----------------------------

شناسنامه آهنگ دریا دریا از گرشا رضایی

خواننده :‌ گرشا رضایی
موزیک :‌ هادی زینتی
ترانه : هادی زینتی
تنظیم : گرشا رضایی

-----------------------------

متن آهنگ دریا دریا از گرشا رضایی

دریا دریا اومدم تنها
تا که بشنوی تو درد و دلامو
دریا دریا این حالمو دریاب
جز تو کی میدونه من کجامو

دریا دریا دریا من با تموم دردا
آرزو میکنم کاشکی دوباره فردا
عشقمو ببینم کنار موجا

دریا دریا دریا من با تموم دردا
آرزو میکنم کاشکی دوباره فردا
عشقمو ببینم کنار موجا

آرومم کن آخه بی تابه دلم
لب ساحل شبا میخوابه دلم
دل من تنگ شده توو دلم جنگ شده
کاش بدونم اون کجا رفته

حالا موندم با همه خاطره هام
غیر عکساش دیگه چی مونده برام
دل من تنگ شده توو دلم جنگ شده
کاش بدونم اون کجا رفته

دریا دریا دریا من با تموم دردا
آرزو میکنم کاشکی دوباره فردا
عشقمو ببینم کنار موجا

دریا دریا دریا من با تموم دردا
آرزو میکنم کاشکی دوباره فردا
عشقمو ببینم کنار موجا


-----------------------------

بیوگرافی کوتاهی از گرشا رضایی

گرشا رضایی خواننده و آهنگساز محبوب جوان در 22 اردیبهشت سال 1363 متولد شده است و اصلیتی لر دارد. گرشا رضایی که تسلط بسیاری در نواختن اکثر سازهای موسیقی دارد و مدتی به تدریس موسیقی مشغول بوده اکنون از خواننده های مطرح کشورمان است.

گرشا رضایی نوازندگی را از سن سیزده سالگی و با گیتار کلاسیک و فلامنکو شروع کرد و بعدتر به گیتار الکترونیک و سبک راک علاقه مند شد و این ساز به ساز تخصصی گرشا رضایی تبدیل شد. گرشا رضایی سازهای دیگری همچون پیانو،‌ کمانچه،‌ بربط و سه تار هم می نوازد.
گرشا رضایی از سال ۹۳ به طور جدی وارد فضای خوانندگی شد. گرشا رضایی با تیتراژ سریال دولت مخفی در سال ۹۲ شروع کرد.
گرشا رضایی به جز خوانندگی مدتی رهبر ارکستر بوده است و صدابرداری هم کرده است. گرشا رضایی در مقطعی موسیقی را هم به صورت تخصصی تدریس کرده است.
گرضا رضایی پس از خواندن چندین تک آهنگ، آلبومی به نام آبی را به بازار عرضه کرد. گرشا رضایی به دلیل عشق و محبتی که نسبت به مادرش داشت یک قطعه را در این آلبوم به مادرش تقدیم کرده است.

دل ندارم،‌ مجرم،‌ عشق بی آزارم، یار باش، دلت نخواد و حقمه از آخرین کارهای گرشا رضایی است.

-----------------------------

#Darya_Darya
#Garsha_Rezaei
#Top_Persian_Music
#گرشا_رضایی
#دریا_دریا
#موزیک_ویدیو_جدید
#New_Music_Video
#Persian_Music_Video
#TPM
#Persian_Music

-----------------------------",UCCn_0vWsa35jSTRNlX15hzQ,TPM - Top Persian Music,2021-01-28T15:30:10Z,10,fa,fa,PT3M9S,hd,True,True,723398,4869.0,239.0,public,True,False,189,likely_release,release_title_pattern | music_category | licensed_content,trusted_music_platform,trusted,top20_manual_audit_2026-07-10; confidence=high,likely_release,v2_release_signal_and_trusted_source,,,,final_likely_release,accepted_from_v3_likely_release,,,,final_likely_release,accepted_from_v3_likely_release,final_screening_v4,,7_P5O0gKeBZ3U,2021-01-28 15:30:10+00:00,2026-07-10 23:59:59+00:00,1989.354039351852,5.446554522523893,363.63461992702366,6.730734671646867,0.3303852098015201,5108.0,0.0070611198814483,3.15,13.491716216138109,8.490849216076635,5.480638923341991,5.898895810910201,-0.6845765376952242,0.6776612490959677,0.75049156001965,0.1745933994922135,-0.6845765376952242,0.6776612490959677,0.1745933994922135,-0.2151416004193105,27.63,below_median,-0.2151416004193105,27.63,-0.326211986618242,25.0,-0.2581000972786825,26.32,-0.2581000972786825,26.32,below_median,PI_V2_FINAL_65_25_10,0.65,0.25,0.1,-3.0,3.0,0.3600636970598418,0.712183761625086,-0.7153679166666664,-0.8256684870689656,-0.8915414344241788,-0.6845765376952242,0.7895906333547419,0.75049156001965,-0.029233101119264863,0.17459339949221356,0.759970123768035,0.6776612490959677,0,1,0,0,0,FM_V1
7,گرشا رضایی,pop,7,Xq34n7EGX4U,Garsha Rezaei - Naro (Music Video) - موزیک ویدیو آهنگ نرو از گرشا رضایی,UCCn_0vWsa35jSTRNlX15hzQ,TPM - Top Persian Music,2019-06-09T10:55:32Z,گرشا رضایی,pending_review,,Garsha Rezaei - Naro (Music Video) - موزیک ویدیو آهنگ نرو از گرشا رضایی,"وقتی نمی‌تونی جلوی رفتن کسی رو بگیری، فقط صدا می‌مونه... و موزیک ویدیو نرو دقیقاً همون صداییه که از ته دل داد می‌زنه: «بمون، هنوز دوستت دارم!» گرشا رضایی این قطعه رو تبدیل به یه فریاد عاشقانه کرده.

🔺 این ویدیو با زیرنویس‌های کوردی، انگلیسی، عربی و ترکی استانبولی آماده‌ست، تا هر جایی از دنیا که هستی راحت‌تر با آهنگ ارتباط بگیری.

💛 برای شنیدن تازه‌ترین آهنگ‌ها و حمایت از هنرمندان ایرانی، از لینک پایین کانالو سابسکرایب کن. 
https://bit.ly/Subscribe_TPM

-----------------------------------------------

Credits
Garsha Rezaei - Naro

Arr, Lyrics & Music: Garsha Rezaei

-----------------------------------------------

متن آهنگ  نرو از گرشا رضایی:

من از هوای بی تو بیزارم به بودنت یه عمره بیمارم
بالاتر از جونم عزیز من دوست دارم دوست دارم

بدون تو میدونی میمیرم من به هوای تو گرفتارم
تموم دنیای من این حرفه دوست دارم دوست دارم

نرو نرو دوباره نشکن این شکسته رو
نذار بگیر جاتو غم نرو که عاشقت بیاره کم نرو

بمون بمون به حرمت روزای رفتمون
نذار بیفتم از نفس بمون
منو نذار تو این قفس بمون
نرو نرو

نذار دلم بمیره بشکنه بسوزه باز نذار که غم بیاد دوباره باز
بشینه جات بشه واسم دلیل گریه یاد خنده هات
 یاد خنده هات 
خنده هات

نرو نرو دوباره نشکن این شکسته رو
نذار بگیر جاتو غم نرو که عاشقت بیاره کم نرو

بمون بمون به حرمت روزای رفتمون
نذار بیفتم از نفس بمون
منو نذار تو این قفس بمون
نرو نرو

#Garsha_Rezaei
#گرشا_رضایی
#Top_Persian_Music",UCCn_0vWsa35jSTRNlX15hzQ,TPM - Top Persian Music,2019-06-09T10:55:32Z,10,fa,fa,PT4M21S,hd,True,True,8127024,20894.0,1269.0,public,True,False,261,likely_release,release_title_pattern | music_category | licensed_content,trusted_music_platform,trusted,top20_manual_audit_2026-07-10; confidence=high,likely_release,v2_release_signal_and_trusted_source,,,,final_likely_release,accepted_from_v3_likely_release,,,,final_likely_release,accepted_from_v3_likely_release,final_screening_v4,,7_Xq34n7EGX4U,2019-06-09 10:55:32+00:00,2026-07-10 23:59:59+00:00,2588.5447569444445,7.087049300327021,3139.6111572717236,2.570928792630611,0.1561457182850696,22163.0,0.0027270745109156,4.35,15.910705485896475,9.947265174882016,7.146772179452637,8.052172696036953,0.8885872150303694,-0.9629150101716824,-0.941878287342254,-0.5470012828203226,0.8885872150303694,-0.9629150101716824,-0.5470012828203226,0.2103733840522526,55.26,above_median,0.2103733840522526,55.26,0.3747279202048899,61.84,0.2821528089447873,59.21,0.2821528089447873,59.21,above_median,PI_V2_FINAL_65_25_10,0.65,0.25,0.1,-3.0,3.0,0.8715038764275104,1.2279758981865128,0.7562460833333324,0.8489267543103441,0.879346891581336,0.8885872150303694,-0.8939295549694952,-0.9418782873422541,-0.6127077246338588,-0.5470012828203226,-0.8923000577325556,-0.9629150101716824,0,1,0,0,0,FM_V1
7,گرشا رضایی,pop,8,p_XX3ITquXk,Garsha Rezaei - Darya Darya - آهنگ دریا دریا از گرشا رضایی,UCCn_0vWsa35jSTRNlX15hzQ,TPM - Top Persian Music,2020-07-13T16:30:10Z,گرشا رضایی,pending_review,,Garsha Rezaei - Darya Darya - آهنگ دریا دریا از گرشا رضایی,"گاهی همونطور که دریا بی‌پایانه، دلتنگی‌ها هم بی‌پایان می‌شن… دریا دریا از گرشا رضایی یه آهنگ عاشقانه و پر از احساسه که از هر نتش، عمق عشق و انتظار بیرون میاد. حسش رو خیلی سریع توی دل حس می‌کنی.


🔺 این ویدیو با زیرنویس‌های کوردی، انگلیسی، عربی و ترکی استانبولی آماده‌ست، تا هر جایی از دنیا که هستی راحت‌تر با آهنگ ارتباط بگیری.

💛 برای شنیدن تازه‌ترین آهنگ‌ها و حمایت از هنرمندان ایرانی، از لینک پایین کانالو سابسکرایب کن. 
https://bit.ly/Subscribe_TPM

-----------------------------------------------

Credits
Garsha Rezaei - Darya Nemiram

Lyrics & Music: Hadi Zinati
Arranegement: Garsha Rezaei

-----------------------------------------------

متن آهنگ دریا دریا از گرشا رضایی:

دریا دریا اومدم تنها
تا که بشنوی تو درد و دلامو

دریا دریا این حالمو دریاب
جز تو کی میدونه من کجامو

دریا دریا دریا من با تموم دردا
آرزو میکنم کاشکی دوباره فردا
عشقمو ببینم کنار موجا ...

دریا دریا دریا من با تموم دردا
آرزو میکنم کاشکی دوباره فردا
عشقمو ببینم کنار موجا ...

#Garsha_Rezaei
#گرشا_رضایی
#Top_Persian_Music",UCCn_0vWsa35jSTRNlX15hzQ,TPM - Top Persian Music,2020-07-13T16:30:10Z,10,fa,fa,PT2M48S,hd,True,True,2208786,11307.0,523.0,public,True,False,168,needs_review,music_category_and_licensed_but_no_release_pattern,trusted_music_platform,trusted,top20_manual_audit_2026-07-10; confidence=high,trusted_needs_content_review,trusted_source_but_v2_content_ambiguous,likely_release,trusted_music_source_and_music_duration_signal,rule_based_content_review_v1,final_likely_release,accepted_after_trusted_content_review,,,,final_likely_release,accepted_after_trusted_content_review,final_screening_v4,,7_p_XX3ITquXk,2020-07-13 16:30:10+00:00,2026-07-10 23:59:59+00:00,2188.312372685185,5.99127275204705,1009.3558979834733,5.119101624150098,0.2367816529079775,11830.0,0.005355883277058,2.8,14.607954054032048,9.33326571881348,6.261491684321042,6.918057922007145,0.0600136738114717,0.0321740770839551,0.0948169314620976,-0.2130559692706781,0.0600136738114717,0.0321740770839551,-0.2130559692706781,0.01209332816727,47.37,below_median,0.01209332816727,47.37,0.0271387901577534,42.11,0.0257468103213775,47.37,0.0257468103213775,47.37,below_median,PI_V2_FINAL_65_25_10,0.65,0.25,0.1,-3.0,3.0,0.5298848953846773,0.8834500059504454,-1.1445886666666665,-1.314092099137931,-0.053366698367197235,0.0600136738114717,0.13734462704038786,0.0948169314620976,-0.34268270799515627,-0.21305596927067813,0.1098819606413279,0.03217407708395511,0,1,0,0,0,FM_V1
7,گرشا رضایی,pop,10,tjso_6uA4e0,Garsha Rezaei - Donyami - آهنگ دنیامی از گرشا رضایی,UCCn_0vWsa35jSTRNlX15hzQ,TPM - Top Persian Music,2019-06-14T20:08:58Z,گرشا رضایی,pending_review,,Garsha Rezaei - Donyami - آهنگ دنیامی از گرشا رضایی,"دنیامی یه عاشقانه‌ی عمیق و احساسیِ پر از امید و وابستگیه. این آهنگ از دل عاشقی میاد که تمام دنیاش رو در وجود یه نفر پیدا کرده؛
وقتی دلت از همه‌چیز دست کشیده، و تنها چیزی که برات باقی مونده، همون عشقه. ""تو دنیامی"" یعنی تو همون کسی هستی که دلم هیچ‌ جای دیگه‌ای به کسی نمیره.

🔺 این ویدیو با زیرنویس‌های کوردی، انگلیسی، عربی و ترکی استانبولی آماده‌ست، تا هر جایی از دنیا که هستی راحت‌تر با آهنگ ارتباط بگیری.

💛 برای شنیدن تازه‌ترین آهنگ‌ها و حمایت از هنرمندان ایرانی، از لینک پایین کانالو سابسکرایب کن. 
https://bit.ly/Subscribe_TPM

-----------------------------------------------

Credits
Garsha Rezaei - Donyami

Arr, Lyrics & Music: Garsha Rezaei

-----------------------------------------------

متن آهنگ دنیامی از گرشا رضایی:

دنیامی تو مث نفس میمونی هر جا همرامی میدونی تموم زندگیمی دنیامی
دیگه چی بگم بمونی و نری 
شاید شد شاید موندی و دوباره هرچی باید شد نگو هیچی رو به راه نمیشه شاید شد
دیگه چی بگم بمونی و نری 
نگاهم کن یه نگاه تو میتونه زندگیم باشه تو که بودنت میتونه دلخوشیم باشه
بذار حس کنم همیشه دارمت 
نگاهم کن بذار زندگی دوباره با تو برگرده ببین عشقمون روزای سختو طی کرده
بذار حس کنم همیشه دارمت 

دیگه داره بد میشه ولی من نمیخوام از تو یک قدم دور شم بخوامم نمیشه جز تو با کسی جور شم
دیگه چی بگم بمونی و نری 
توی دلم آتیشه نمیخوام بدونی حالمو تو این روزا کسی چی میدونه از یه آدم تنها
دیگه چی بگم بمونی و نری 
نگاهم کن یه نگاه تو میتونه زندگیم باشه تو که بودنت میتونه دلخوشیم باشه
بذار حس کنم همیشه دارمت 
نگاهم کن بذار زندگی دوباره با تو برگرده ببین عشقمون روزای سختو طی کرده
بذار حس کنم همیشه دارمت

#Garsha_Rezaei
#گرشا_رضایی
#Top_Persian_Music",UCCn_0vWsa35jSTRNlX15hzQ,TPM - Top Persian Music,2019-06-14T20:08:58Z,10,en,fa,PT4M3S,hd,True,True,3703489,12389.0,562.0,public,True,False,243,needs_review,music_category_and_licensed_but_no_release_pattern,trusted_music_platform,trusted,top20_manual_audit_2026-07-10; confidence=high,trusted_needs_content_review,trusted_source_but_v2_content_ambiguous,likely_release,trusted_music_source_and_music_duration_signal,rule_based_content_review_v1,final_likely_release,accepted_after_trusted_content_review,,,,final_likely_release,accepted_after_trusted_content_review,final_screening_v4,,7_tjso_6uA4e0,2019-06-14 20:08:58+00:00,2026-07-10 23:59:59+00:00,2583.1604282407407,7.072307811747407,1433.7046044493095,3.3452239226307947,0.151748796877755,12951.0,0.0034969727195085,4.05,15.124786176283328,9.424644974623188,6.333279628139691,7.268714256445615,0.3161998795022236,-0.6714836533017473,-0.6268650946397694,-0.5652106742645395,0.3161998795022236,-0.6714836533017473,-0.5652106742645395,-0.0629325867637835,38.16,below_median,-0.0629325867637835,38.16,0.030522117564753,43.42,-0.0188620590754454,42.11,-0.0188620590754454,42.11,below_median,PI_V2_FINAL_65_25_10,0.65,0.25,0.1,-3.0,3.0,0.8669080741943569,1.2233409892593674,0.3883425833333329,0.4302779439655169,0.2350185127434575,0.31619987950222367,-0.5805636141086392,-0.6268650946397694,-0.6274316660344449,-0.5652106742645395,-0.5987913968639642,-0.6714836533017473,0,1,0,0,0,FM_V1
7,گرشا رضایی,pop,13,hti0pAu04_o,Garsha Rezaei - Sharm (Music Video) - موزیک ویدیو آهنگ شرم از گرشا رضایی,UCCn_0vWsa35jSTRNlX15hzQ,TPM - Top Persian Music,2020-11-23T18:30:11Z,گرشا رضایی,pending_review,,Garsha Rezaei - Sharm (Music Video) - موزیک ویدیو آهنگ شرم از گرشا رضایی,"موزیک ویدیو آهنگ جدید شرم از گرشا رضایی، تیتراز سریال جدید شرم با بازی مرحوم سیروس گرجستانی
سریال شرم آخرین حضور مرحوم سیروس گرجستانی در تلویزیون داست

Garsha Rezaei Music Video Sharm - موزیک ویدیو آهنگ شرم از گرشا رضایی

------------------------------

برای شنیدن آهنگهای بیشتر از گرشا رضایی بر روی لینک زیر کلیک کنید

https://www.youtube.com/watch?v=tjso_6uA4e0&list=PLlVABjnN0Zp9gCEbSOgfoYQgjMmEhdUAg

------------------------------

شناسنامه آهنگ جدید شرم از گرشا رضایی

خواننده :‌ گرشا رضایی
ترانه :‌ علی بحرینی
موزیک : گرشا رضایی
تنظیم : گرشا رضایی و پوریا احمدی

------------------------------

متن آهنگ جدید شرم از گرشا رضایی

شرم به این دنیا به این درد
به این عمری که برنمیگرده

خودم رفتم دلم جا موند
کی تقدیرو اینجورعوض کرده

داره یه عمر میشه که زیر آوارم
ولی تا جون دارم دوست دارم

داره یه عمر میشه تو باد و بارونم
مقصر من بودم میدونم

یه حسرت از گذشته مونده تو وجودم
اونی که باید بودم واسه تو بودم نبودم
نبودم نبودم نبودم

داره یه عمر میشه که زیر آوارم
ولی تا جون دارم دوست دارم

داره یه عمر میشه تو باد و بارونم
مقصر من بودم میدونم


داره یه عمر میشه که زیر آوارم
ولی تا جون دارم دوست دارم

داره یه عمر میشه تو باد و بارونم
مقصر من بودم میدونم

------------------------------

سریال شرم با بازی مرحوم سیروس گرجستانی

سریال شرم، سریالی است به کارگردانی احمد کاوری و تهیه کنندگی امیرمهدی پوروزیری، 
سریال شرم و جایگزین سریال صفر بیست و یک خواهد شد.
این سریال به مانند ساخته قبلی احمد کاوری، یک ملودرام اجتماعی است که با حضور بازیگران سرشناس دنیای هنر مقابل دوربین رفته و در حال پخش است.

بازیگران سریال شرم 

ابوالفضل پورعرب
فاطمه گودرزی
سیروس گرجستانی
فریبا متخصص
نسیم ادبی
سیاوش طهمورث

سریال شرم آخرین کار هنری زنده یاد سیروس گرجستانی بود و بعد از درگذشت ناگهانی او سیاوش طهمورث ادامه نقش این بازیگر را در سریال شرم ایفا کرد.

------------------------------

بیوگرافی کوتاهی از گرشا رضایی :

گرشا رضایی خواننده سبک پاپ، نوازنده و آهنگساز متولد 22 اردیبهشت سال 1363 است و اصلاتا لر است. او اکثر سایت ها را می نوازد و مدتی موسیقی هم آموزش داده است.
او موسیقی را از سنین کم و کودکی شروع کرده است و آواز خواندن را از خانواده مادری اش به ارث برده است. از سن 13 سالگی به صورت جدی فعلیت را شروع کرده است.
گرشا رضایی نوازنده گیتار به سبک فلامنکو و کلاسیک است و گیتار الکتریک هم می نوازد و دوره های آموزش این سازها را برگزار کرده است. او پینو، کمانچه، بریط و سه تار هم می نوازد.
او بیشتر نوازندگی کرده است و خوانندگی را خیلی دیر شروع کرده است. او سال های زیادی است که وارد عرصه موسیقی شده است ولی خوانندگی را از سال 1391 شروع کرده است.
گرشا رضایی به جز خوانندگی مدتی رهبر ارکستر بوده است و صدابرداری هم کرده است. او در مقطعی موسیقی را هم به صورت تخصصی تدریس کرده است.
او پس از خواندن چندین تک آهنگ، آلبومی به نام آبی را به بازار عرضه کرد. او به دلیل عش و محبتی که نسبت به مادرش داشت یک قطعه را در این آلبوم به مادرش تقدیم کرده است.

------------------------------

#Garsha_Rezai
#گرشا_رضایی
#New_Song
#Sharm
#شرم
#سریال_شرم
#سیروس_گرجرستانی
#Top_Persian_Music
#TPM
#Persian_Music
#New_Track
#Persian_Music2020",UCCn_0vWsa35jSTRNlX15hzQ,TPM - Top Persian Music,2020-11-23T18:30:11Z,10,fa,fa,PT3M10S,hd,True,True,817244,5248.0,440.0,public,True,False,190,likely_release,release_title_pattern | music_category | licensed_content,trusted_music_platform,trusted,top20_manual_audit_2026-07-10; confidence=high,likely_release,v2_release_signal_and_trusted_source,,,,final_likely_release,accepted_from_v3_likely_release,,,,final_likely_release,accepted_from_v3_likely_release,final_screening_v4,,7_hti0pAu04_o,2020-11-23 18:30:11+00:00,2026-07-10 23:59:59+00:00,2055.229027777778,5.626910411438132,397.641328024472,6.421582783110062,0.5383948979741668,5688.0,0.0069599776810842,3.1666666666666665,13.613694206488818,8.5657928612523,6.089044875446846,5.988062085355499,-0.6194324998374695,0.6393756571047977,0.6247166201230778,1.036043829291588,-0.6194324998374695,0.6393756571047977,1.036043829291588,-0.0564090112325441,39.47,below_median,-0.0564090112325441,39.47,-0.2021232355361102,28.95,-0.1391828276889969,34.21,-0.1391828276889969,34.21,below_median,PI_V2_FINAL_65_25_10,0.65,0.25,0.1,-3.0,3.0,0.4162913970345035,0.7688899154898894,-0.6949288333333332,-0.8024102198275864,-0.8182097065914679,-0.6194324998374695,0.6644733897266909,0.6247166201230778,0.667327554778106,1.036043829291588,0.7214116345355098,0.6393756571047977,0,1,0,0,0,FM_V1
7,گرشا رضایی,pop,15,du58UVKaxBs,Garsha Rezaei - Darya Nemiram - آهنگ دریا نمیرم از گرشا رضایی,UCCn_0vWsa35jSTRNlX15hzQ,TPM - Top Persian Music,2019-10-25T13:34:43Z,گرشا رضایی,pending_review,,Garsha Rezaei - Darya Nemiram - آهنگ دریا نمیرم از گرشا رضایی,"«دریا نمیرم» یه فریاد عاشقونه‌اس؛ فریاد کسی که انگار دیگه طاقت دوری رو نداره. اما هنوز یه جایی ته دلش امید هست، عشق هست،
و شاید انتظار...از دلی می‌خونه که از دلتنگی لبریزه، اما نمی‌خواد دست برداره.

🔺 این ویدیو با زیرنویس‌های کوردی، انگلیسی، عربی و ترکی استانبولی آماده‌ست، تا هر جایی از دنیا که هستی راحت‌تر با آهنگ ارتباط بگیری.

💛 برای شنیدن تازه‌ترین آهنگ‌ها و حمایت از هنرمندان ایرانی، از لینک پایین کانالو سابسکرایب کن. 
https://bit.ly/Subscribe_TPM

-----------------------------------------------

Credits
Garsha Rezaei - Darya Nemiram

Lyrics & Music: Hadi Zinati
Arranegement: Hadi Zinati

-----------------------------------------------

متن آهنگ دریا نمیرم از گرشا رضایی:

پای تو گیرم من یه چند وقته که بعد رفتنت دریا نمیرم
میترسم آخه بی هوا بارون بیاد دست کیو باید بگیرم

هر شب تو رویا من تورو میبینمت میگی کنارم خوبه حالت
میخندی و باز من گلای صورتی میذارم عشقم روی شالت

بزن بیرون از تنهایی برگرد کنارم همونم که برای دیدن تو بی قرارم
نرو از روزگارم که من طاقت ندارم منم مثل تو به تنها شدن عادت ندارم

پس بزن بیرون از تنهایی برگرد کنارم همونم که برای دیدن تو بی قرارم
نرو از روزگارم که من طاقت ندارم منم مثل تو به تنها شدن عادت ندارم

ما میرسیم بازم به هم دنیا اگه وارونه شه پاییز منم بارون تویی زیبایی پاییز به این بارونشه
باور نکن تنهاییو دل کندنو یادم نده از قلب من دوری نکن حالا که حال هر دوتاییمون بده

بزن بیرون از تنهایی برگرد کنارم همونم که برای دیدن تو بی قرارم
نرو از روزگارم که من طاقت ندارم منم مثل تو به تنها شدن عادت ندارم

پس بزن بیرون از تنهایی برگرد کنارم همونم که برای دیدن تو بی قرارم
نرو از روزگارم که من طاقت ندارم منم مثل تو به تنها شدن عادت ندارم

#Garsha_Rezaei
#گرشا_رضایی
#Top_Persian_Music",UCCn_0vWsa35jSTRNlX15hzQ,TPM - Top Persian Music,2019-10-25T13:34:43Z,10,en,fa,PT3M18S,hd,True,True,3689361,12523.0,523.0,public,True,False,198,needs_review,music_category_and_licensed_but_no_release_pattern,trusted_music_platform,trusted,top20_manual_audit_2026-07-10; confidence=high,trusted_needs_content_review,trusted_source_but_v2_content_ambiguous,likely_release,trusted_music_source_and_music_duration_signal,rule_based_content_review_v1,final_likely_release,accepted_after_trusted_content_review,,,,final_likely_release,accepted_after_trusted_content_review,final_screening_v4,,7_du58UVKaxBs,2019-10-25 13:34:43+00:00,2026-07-10 23:59:59+00:00,2450.434212962963,6.708923238776079,1505.5947964173167,3.3943547405634744,0.1417589658480154,13046.0,0.0035361137064114,3.3,15.120964101338831,9.435402082446297,6.261491684321042,7.317607281527484,0.3519206617904575,-0.6566675246304154,-0.6068767785347019,-0.6065825176137281,0.3519206617904575,-0.6566675246304154,-0.6065825176137281,-0.0440018617253885,42.11,below_median,-0.0440018617253885,42.11,0.0543527065658643,47.37,0.0039232972448207,46.05,0.0039232972448207,46.05,below_median,PI_V2_FINAL_65_25_10,0.65,0.25,0.1,-3.0,3.0,0.7536194044012227,1.109088321209219,-0.5314161666666667,-0.616344081896552,0.2752288953183298,0.3519206617904575,-0.5606798199451217,-0.6068767785347019,-0.6608845465974107,-0.6065825176137281,-0.5838696597788221,-0.6566675246304154,0,1,0,0,0,FM_V1
7,گرشا رضایی,pop,21,iT7i_3xy9qs,Garsha Rezaei - Ghermez - آهنگ قرمز از گرشا رضایی,UCCn_0vWsa35jSTRNlX15hzQ,TPM - Top Persian Music,2021-12-02T11:20:03Z,گرشا رضایی,pending_review,,Garsha Rezaei - Ghermez - آهنگ قرمز از گرشا رضایی,"گرشا رضایی با لحنی پر از التهاب، از عشقی می‌خونه که مثل رنگ قرمز، هم زیباست، هم خطرناک؛ هم خواستنی، هم دردناک. حرف دل کسیه که نمی‌تونه ببینه عشقش سهم کسی دیگه شده.

🔺 این ویدیو با زیرنویس‌های کوردی، انگلیسی و عربی آماده‌ست، تا هر جایی از دنیا که هستی راحت‌تر با آهنگ ارتباط بگیری.

💛 برای شنیدن تازه‌ترین آهنگ‌ها و حمایت از هنرمندان ایرانی، از لینک پایین کانالو سابسکرایب کن. 
https://bit.ly/Subscribe_TPM

-----------------------------------------------

Credits
Garsha Rezaei - Ghermez

Lyrics & Music: Hadi Zinati
Arranegement: Hadi Zinati

-----------------------------------------------

متن آهنگ قرمز از گرشا رضایی:

یه جای خوشگل قرمز توی سینمه که جاته 
خودمونی به تو میگم دل دیوونه فداته
من یه معشوقه میخواستم مثل تو پیدا نکردم 
خودمونی به تو میگم میشه دورتون بگردم
حالا مگه این عاشقی ول میکنه اومده ذله کنه 
خودشو یه جور به تو وابسته کنه همه رو خسته کنه
حالا بشین و ببین دلم چه کنه ...
حالا مگه این عاشقی ول میکنه اومده ذله کنه 
خودشو یه جور به تو وابسته کنه همه رو خسته کنه
حالا بشین و ببین دلم چه کنه ...
دلم میخواد من فقط نگات کنم نگات کنم نفس 
حواست نباشه و صدات کنم صدات کنم نفس
تو همه کسم شو هم نفسم شو بمون برام 
آروم جونم تو من که میمونم تو بمون برام
حالا مگه این عاشقی ول میکنه اومده ذله کنه 
خودشو یه جور به تو وابسته کنه همه رو خسته کنه
حالا بشین و ببین دلم چه کنه ...
حالا مگه این عاشقی ول میکنه اومده ذله کنه 
خودشو یه جور به تو وابسته کنه همه رو خسته کنه
حالا بشین و ببین دلم چه کنه...

#Garsha_Rezaei
#گرشا_رضایی
#Top_Persian_Music",UCCn_0vWsa35jSTRNlX15hzQ,TPM - Top Persian Music,2021-12-02T11:20:03Z,10,fa,fa,PT2M33S,hd,True,True,1131463,4468.0,127.0,public,True,False,153,needs_review,music_category_and_licensed_but_no_release_pattern,trusted_music_platform,trusted,top20_manual_audit_2026-07-10; confidence=high,trusted_needs_content_review,trusted_source_but_v2_content_ambiguous,likely_release,trusted_music_source_and_music_duration_signal,rule_based_content_review_v1,final_likely_release,accepted_after_trusted_content_review,,,,final_likely_release,accepted_after_trusted_content_review,final_screening_v4,,7_iT7i_3xy9qs,2021-12-02 11:20:03+00:00,2026-07-10 23:59:59+00:00,1681.5277314814814,4.603772023221031,672.8779899473581,3.948869737675912,0.1122440592401165,4595.0,0.004061113796916,2.55,13.939022927376362,8.404919948933452,4.852030263919617,6.513049070708542,-0.2358819672911298,-0.4579380211390038,-0.3812786404684626,-0.7288154251586872,-0.2358819672911298,-0.4579380211390038,-0.7288154251586872,-0.3653359994332319,19.74,low,-0.3653359994332319,19.74,-0.3295865238474603,23.68,-0.340689326539854,22.37,-0.340689326539854,22.37,low,PI_V2_FINAL_65_25_10,0.65,0.25,0.1,-3.0,3.0,0.09731806784875302,0.44720237195304274,-1.4511749166666663,-1.6629661077586209,-0.3864522628144194,-0.23588196729112984,-0.33626136881583135,-0.38127864046846266,-0.759720917567228,-0.7288154251586872,-0.3837236251471532,-0.4579380211390038,0,1,0,0,0,FM_V1
7,گرشا رضایی,pop,23,ZEKGk8I7X34,Garsha Rezaei - Chesh To Chesh - آهنگ چش تو چش از گرشا رضایی,UCCn_0vWsa35jSTRNlX15hzQ,TPM - Top Persian Music,2022-03-09T16:33:02Z,گرشا رضایی,pending_review,,Garsha Rezaei - Chesh To Chesh - آهنگ چش تو چش از گرشا رضایی,"حسِ نگاه کردن به کسی که همه‌ی جهان رو تو چشماش می‌بینی، چیزی شبیه به چش تو چش از گرشا رضاییه؛ پر از شور و انرژی، با کلماتی که بی‌واسطه به قلبت می‌زنن.

🔺 این ویدیو با زیرنویس‌های کوردی، انگلیسی و عربی آماده‌ست، تا هر جایی از دنیا که هستی راحت‌تر با آهنگ ارتباط بگیری.

💛 برای شنیدن تازه‌ترین آهنگ‌ها و حمایت از هنرمندان ایرانی، از لینک پایین کانالو سابسکرایب کن. 
https://bit.ly/Subscribe_TPM

-----------------------------------------------

Credits
Garsha Rezaei - Chesh To Chesh

Lyrics: Hadi Zinati
Arranegement: Hamed Baradaran

-----------------------------------------------

متن آهنگ چش تو چش از گرشا رضایی:

سلام عشقم چطوری تو دیدی آخرش زدم قلبتو بردم
چشم رنگیت رو به رومه خوبه تا همین الانشم نمردم
تو چه جایی چه شبی من به تو خوردم
اومدی تو دلم دلم قربون تو برم برم
خوب میدونی بگم نگم که من گلم دوست دارم
چش تو چش شدم باهاتو یه چیزایی دستگیرم شد
بس که پیگیر تو شدم تا دل تو تسلیمم شد
آخرش دیدی عزیزم همونی که من میگم شد
چش تو چش شدم باهاتو یه چیزایی دستگیرم شد
بس که پیگیر تو شدم تا دل تو تسلیمم شد
آخرش دیدی عزیزم همونی که من میگم شد
حال قلبم به چشات بستگی داره مثل من کی به تو وابستگی داره
عاشقی با تو مگه خستگی داره
اومدی تو دلم دلم قربون تو برم برم
خوب میدونی بگم نگم که من گلم دوست دارم
چش تو چش شدم باهاتو یه چیزایی دستگیرم شد
بس که پیگیر تو شدم تا دل تو تسلیمم شد
آخرش دیدی عزیزم همونی که من میگم شد
چش تو چش شدم باهاتو یه چیزایی دستگیرم شد
بس که پیگیر تو شدم تا دل تو تسلیمم شد
آخرش دیدی عزیزم همونی که من میگم شد

#Garsha_Rezaei
#گرشا_رضایی
#Top_Persian_Music",UCCn_0vWsa35jSTRNlX15hzQ,TPM - Top Persian Music,2022-03-09T16:33:02Z,10,fa,fa,PT2M27S,hd,True,True,1384494,5713.0,176.0,public,True,False,147,needs_review,music_category_and_licensed_but_no_release_pattern,trusted_music_platform,trusted,top20_manual_audit_2026-07-10; confidence=high,trusted_needs_content_review,trusted_source_but_v2_content_ambiguous,likely_release,trusted_music_source_and_music_duration_signal,rule_based_content_review_v1,final_likely_release,accepted_after_trusted_content_review,,,,final_likely_release,accepted_after_trusted_content_review,final_screening_v4,,7_ZEKGk8I7X34,2022-03-09 16:33:02+00:00,2026-07-10 23:59:59+00:00,1584.3103819444443,4.337605426268158,873.8780076040357,4.126417304805944,0.1271222554955095,5889.0,0.0042535395603014,2.45,14.14084601017457,8.65067458279072,5.176149732573829,6.774084456756658,-0.0451719799476047,-0.3850986500452167,-0.3090454262699221,-0.6671989270453403,-0.0451719799476047,-0.3850986500452167,-0.6671989270453403,-0.223457689536668,25.0,low,-0.223457689536668,25.0,-0.1753600086769006,32.89,-0.1923563421817812,31.58,-0.1923563421817812,31.58,below_median,PI_V2_FINAL_65_25_10,0.65,0.25,0.1,-3.0,3.0,0.014338046254563119,0.36351625506856583,-1.5738094166666659,-1.8025157112068961,-0.17177271044475748,-0.04517197994760479,-0.26440587306804686,-0.3090454262699221,-0.7098984009658633,-0.6671989270453403,-0.31036505969330197,-0.38509865004521676,0,1,0,0,0,FM_V1
7,گرشا رضایی,pop,24,qfDHsZ2Ncd4,Garsha Rezaei KHABAR KHABAR(Music video),UCisezGQDdiJZ6lmMQjVclvA,Garsha Rezaei,2023-05-06T08:42:54Z,گرشا رضایی,pending_review,,Garsha Rezaei KHABAR KHABAR(Music video),"موزیک ویدئو خبر خبر منتشر شد….
شعر،ملودی:هادی زینتی
تنظیم و میکس و مستر:گرشا رضائی
کارگردان:پیمان ماه آور پور
مدیر تولید:حسن رضائی
با تشکر از:امیر پرویزی،ستاره اصلانی",UCisezGQDdiJZ6lmMQjVclvA,Garsha Rezaei,2023-05-06T08:42:54Z,10,fa,,PT3M17S,hd,False,True,419543,1760.0,150.0,public,True,False,197,likely_release,release_title_pattern | music_category | licensed_content,official_artist,trusted,top20_manual_audit_2026-07-10; confidence=high,likely_release,v2_release_signal_and_trusted_source,,,,final_likely_release,accepted_from_v3_likely_release,,,,final_likely_release,accepted_from_v3_likely_release,final_screening_v4,,7_qfDHsZ2Ncd4,2023-05-06 08:42:54+00:00,2026-07-10 23:59:59+00:00,1161.636863425926,3.1803884008923364,361.1653634705378,4.19504079438818,0.3575318858853561,1910.0,0.0045525726802735,3.283333333333333,12.94692368615913,7.473637108496206,5.017279836814924,5.892100912689285,-0.6895408261517805,-0.2719049486833261,-0.2811267377619876,0.2870185273095059,-0.6895408261517805,-0.2719049486833261,0.2870185273095059,-0.4386479537654739,17.11,low,-0.4386479537654739,17.11,-0.508357715311961,14.47,-0.4874759214385382,15.79,-0.4874759214385382,15.79,low,PI_V2_FINAL_65_25_10,0.65,0.25,0.1,-3.0,3.0,-0.34643560022915404,-0.0003272938777900146,-0.5518552499999999,-0.6396023491379311,-0.8971296641678453,-0.6895408261517805,-0.23663317562374372,-0.28112673776198766,0.0616727920845925,0.28701852730950594,-0.19636452089638987,-0.2719049486833261,0,1,0,0,0,FM_V1
8,ساسی مانکن,rap_hiphop,1,k7QpRijPbtQ,Sasy - Marmoolak (Official Video),UCVjt1H4u5z3Ya7_hxHGus6w,Radio Javan,2025-03-13T18:00:07Z,ساسی مانکن,pending_review,,Sasy - Marmoolak (Official Video),"Sasy - Marmoolak (Official Video)
ساسی - مارمولک

Listen to audio on Radio Javan:
https://rj.app/m/jqRB0Bgq

متن آهنگ مارمولک از ساسی
ای وای، ای وای
کارمون دراومد
بازم ساسی اومد

اومده که جر بده

ای وای، ای وای
کارمون دراومد
بازم ساسی اومد

دیوس نشین پاشو فر بده

هیهات من الذله
هیهات من الذله
تو کف توئن الان یه ملت
تو کف توئن الان یه ملت

من به تو چی بگم تو خودت بلدی

ما امشب میخوایم بمونیم
یا علی مددی

آخ چقد هاتی چیلی میلی
چشات خطه فیلیپینی
شاید امشب عروس شی همگیبا هم کیلی لی لی
اون عشق منه زده رو دست همه
یه شیرخوارگاهو شیر میده با این حجم ممه
بیا امشب حال کنیم هانی ، میشم اون لوله کشه ! دتس فانی
تو گلزارو بهنام بانی رو هم نمیشید نصف عمو جانی

وقتی نیستم همه تو خمارین
بعضیا میگن شوالیم
انقد بمب میسازم انگار رهبر کره شمالیم

هیهات من الذله
هیهات من الذله
تو کف توئن الان یه ملت
تو کف توئن الان یه ملت

هیهات من الذله
هیهات من الذله
تو کف توئن الان یه ملت
تو کف توئن الان یه ملت

این همون پلنگه چشم قشنگس که مست شده دیگه شبم هست
منو برد تو اتاق درم بست
یا ابوالفضل
شبا نمیخوابه خسته اس
سنی نداره بچه اس ولی رو تخت خیلی درنده اس
یا ابوالفضل

چه بدنی جون من فدات
علی برکت الله
گردنت بنداز یه ونیکات
علی برکت الله

یهو یه دافه از دور اومد با یه لباس بدجور اومد
بیا شب بریم خونمون استخاره کردم خوب اومد

هیهات من الذله
هیهات من الذله
تو کف توئن الان یه ملت
تو کف توئن الان یه ملت

هیهات من الذله
هیهات من الذله
تو کف توئن الان یه ملت
تو کف توئن الان یه ملت

آهویی دارم خوشگله فرار کرده ز دستم
فقط یکم لاشیه آخ کاشکی اونو میبستم
اتل متل توتوله شما دوست پسرت چجوره
خوبه هیکلیه فقط یکمی کوچوله
آخر پرم به پرش خورد
تو گل یا پوچ آخرش برد
اگه حدس بزنی شب می مونم پیشت
بزرگ منی چپت گل

میگفت دختر خوب نی واسه تو همینجور تنهایی بکن حالتو
معلم دینیمون هر جایی که هستی خوارتو

هی میگن محتوا محتوا
من نباشم با کی قر میده خب شبا
همتون نسخ منین به امام حسن مجتبی

هیهات
هیهات
هیهات
هیهات

ساسی هر سال میده یه دامبولک کل مارکت میره باز تو لک
من همه رو میکنم انگولک مثل پرستویی تو مارمولک

Radio Javan
Subscribe: https://bit.ly/3xa0pG2
YouTube: https://www.youtube.com/radiojavan
Instagram: https://www.instagram.com/radiojavan
Telegram: https://telegram.me/radiojavan
TikTok: https://www.tiktok.com/@radiojavan

#RadioJavan #RJ #Sasy #Marmoolak",UCVjt1H4u5z3Ya7_hxHGus6w,Radio Javan,2025-03-13T18:00:07Z,10,fa,en,PT4M37S,hd,False,True,12320915,43869.0,11290.0,public,True,False,277,likely_release,release_title_pattern | music_category | licensed_content,trusted_music_platform,trusted,top20_manual_audit_2026-07-10; confidence=high,likely_release,v2_release_signal_and_trusted_source,,,,final_likely_release,accepted_from_v3_likely_release,,,,final_likely_release,accepted_from_v3_likely_release,final_screening_v4,,8_k7QpRijPbtQ,2025-03-13 18:00:07+00:00,2026-07-10 23:59:59+00:00,484.2499074074074,1.3258039901640175,25443.298618195113,3.5605310157565406,0.9163280486879424,55159.0,0.0044768590644444,4.616666666666666,16.326808863955126,10.68898599416026,9.331761227180522,10.144246974021096,1.601164232905466,-0.0208331799110258,-0.3065143347121628,0.7039175946076801,1.601164232905466,-0.0208331799110258,0.7039175946076801,1.0610778839566752,95.45,top_performer,1.0610778839566752,95.45,1.187040086512389,100.0,1.1059402158715643,100.0,1.1059402158715643,100.0,top_performer,PI_V2_FINAL_65_25_10,0.65,0.25,0.1,-3.0,3.0,-0.9246203018870107,-0.926245418274669,1.0832714166666655,2.401841548780488,2.5999012436986906,1.601164232905466,-0.49342641383805336,-0.3065143347121628,1.9329097767371557,0.7039175946076801,-0.22522885873156054,-0.020833179911025873,0,0,1,1,1,FM_V1
8,ساسی مانکن,rap_hiphop,2,NNtMb0DrBRA,Sasy - &quot;Tehran Tokyo&quot; OFFICIAL VIDEO | ساسی -  تهران توکیو,UCVjt1H4u5z3Ya7_hxHGus6w,Radio Javan,2021-03-10T16:30:11Z,ساسی مانکن,pending_review,,"Sasy - ""Tehran Tokyo"" OFFICIAL VIDEO | ساسی -  تهران توکیو","دانلود آهنگ ساسی به نام تهران توکیو در اپ رادیو جوان
https://rj.app/m/yq5587Gq

:متن آهنگ دکتر ساسی
Are you ready?
آره تهران توکیو
برو بالا اومده ساسی حالا
یوکو یادا، بیا دادا
آخ پِیتن پِیتن از تهران تا توکیو
من فقط تورو دوست دارم عزیزم تو کیو
دوست داری منو؟ نه پس! روانیتم نفس
وقتی قر میدی وسط تنهایی
یه پا کایلی جنری والله ای
هون گون جون تایی
میگه چه هیکلی داری وایی
تهران دافاشم گنگن پ شاخ نشو برو دایی
تو لیان شامپویی آره ما ولنجک پک و پاره
ببین دادا من خیلی های ام تو چی؟
من همه جوره پایه ام پ بشین
جا اینکه با من بحث کنی برو سور و سات سلطانو بچین
پِیتن پِیتن از تهران تا توکیو
من فقط تورو دوست دارم عزیزم تو کیو
وای پِیتن پِیتن از تهران تا توکیو
من فقط تورو دوست دارم عزیزم تو کیو
دلمو میبره هی زود اون
موزیک میکوبه بوم بوم بوم
اگه ژاپنی بودی اسمت میشد جون جون جون
کشتی مارو یه جورایی لات بمیری سامورایی
بابا سوتون
بدنت آتیش داره آره دوتا چشات لاتیش پره
فیلم رقصیدنت سیمرغ میبره تو جشنواره
با اون هیکلت دستی دستی ولیعصرو بستی
تو خودت یه پا یاکوزایی با موهای دُم اسبی
آخ پِیتن پِیتن از تهران تا توکیو
من فقط تورو دوست دارم عزیزم تو کیو
وای پِیتن پِیتن از تهران تا توکیو
من فقط تورو دوست دارم عزیزم تو کیو
مامانو رو حساب کی میخوای ول کنی بری سمیه ها؟
روزایی که خونه نیستی ما پارتی میکنیم سمیه جان
وای نرو سمیه
چه بدنی داری سمیه
علف میزنی سمیه
اُور نزنی سمیه، ها
تهران همه خطه چشا
دادا امشبو کم بکشا
دیگه باید بذاریم کنار
حالا از شنبه ایشالا
اَی تو روحتو بابا
چقد هیکلت خوبه تو بابا
چه بدنت ردیفه تو بابا
سلطان یزیدتو بابا
یالا برو بالا
آروم ساسی حالا
بدو برو بالا
همه سَیونارا
یالا برو بالا
برو بالا
یالا برو یالا
برو بالا

Music: Sasy
Lyrics: Sasy
Arrangement: Man Brothers
Directed By: Ali Zamani

Follow Radio Javan:
Subscribe: http://www.youtube.com/user/radiojavan?sub_confirmation=1
YouTube: https://www.youtube.com/radiojavan
Facebook: https://www.facebook.com/radiojavan
Instagram: https://www.instagram.com/radiojavan
Telegram: https://telegram.me/radiojavan
Twitter: https://twitter.com/radiojavan

#RadioJavan #RJ #Sasy
#ساسی",UCVjt1H4u5z3Ya7_hxHGus6w,Radio Javan,2021-03-10T16:30:11Z,10,fa,en,PT3M32S,hd,False,True,10751363,46625.0,9701.0,public,True,False,212,likely_release,release_title_pattern | music_category | licensed_content,trusted_music_platform,trusted,top20_manual_audit_2026-07-10; confidence=high,likely_release,v2_release_signal_and_trusted_source,,,,final_likely_release,accepted_from_v3_likely_release,,,,final_likely_release,accepted_from_v3_likely_release,final_screening_v4,,8_NNtMb0DrBRA,2021-03-10 16:30:11+00:00,2026-07-10 23:59:59+00:00,1948.3123611111112,5.334188531447259,5518.295328100552,4.336659454247801,0.9023042008720196,56326.0,0.0052389636551198,3.533333333333333,16.19054318820982,10.749913604437298,9.18008732880516,8.616005473169372,0.6677978765279465,0.3255148733589626,0.0798686412055347,0.682050030293001,0.6677978765279465,0.3255148733589626,0.682050030293001,0.5843649488004588,54.55,above_median,0.5843649488004588,54.55,0.6007664912706552,68.18,0.583652341112206,68.18,0.583652341112206,68.18,above_median,PI_V2_FINAL_65_25_10,0.65,0.25,0.1,-3.0,3.0,0.32503250804989026,0.07466195154045963,-0.24526900000000013,0.26321551219512196,1.3430517173470635,0.6677978765279465,-0.1793185124276143,0.07986864120553475,1.885948211058752,0.682050030293001,0.06530863746518703,0.3255148733589626,0,0,1,0,0,FM_V1
8,ساسی مانکن,rap_hiphop,3,K4fBpEhpVak,Sasy - Baradarane Leila (Official Video),UCVjt1H4u5z3Ya7_hxHGus6w,Radio Javan,2023-12-06T17:30:08Z,ساسی مانکن,pending_review,,Sasy - Baradarane Leila (Official Video),"Sasy - Baradarane Leila

موزیک ویدیو ساسی  برادران لیلا در اپ و وبسایت رادیو جوان
https://rj.app/v/BN0Lp3Nk

‎دانلود آهنگ ساسی برادران لیلا در اپ و وبسایت رادیو جوان
https://rj.app/m/BEodmLDq

متن آهنگ برادران لیلا از ساسی
Hey everybody, the king is back

برو بالا
برو بالا

بیا دادا

ساسی

یه شاستی بلند دلم میخواد راه که میره بلرزه زمین
کاش یه دونه سکسی بیاد هشتاد و پنج باشه همین
بگو آمین یا رب العالمین
بگو آمین یا رب العالمین

کاش یه ذره سفید برسه باهم دوتایی تا صبح بزنیم
دوتا باتل و خوردیم الان ایشاالله امشب بگا نریم
بگو آمین یا رب العالمین
بگو آمین یا رب العالمین

من احمق، خر، ساده همش بگا میرم عین همساده
بیا تو جمع لب بده بهم عین نوید محمد زاده
کراشت اومد از من خوشت اومد
تهران داره میلرزه باز داشت اومد
چقدر مست شدم واویلا
ببین از دو تا چشام پیداس
بگا رفتم بدتر از برادرای لیلا

یه شاستی بلند دلم میخواد راه که میره بلرزه زمین
کاش یه دونه سکسی بیاد هشتاد و پنج باشه همین
بگو آمین یا رب العالمین
بگو آمین یا رب العالمین

همه دارن میرن خونه نه من نمیرم تا ندین
دوتا باتلو خوردیم الان ایشاالله امشب بگا نریم
بگو آمین یا رب العالمین
بگو آمین یا رب العالمین، برو بالا

بیا دادا

فیست کره بلا حدیده یک دکمه رو وا کن یزید
من عاشقت شدم شدید نه نمیرم تا یه لب ندی
انقدر حالم بده یه ساعته زول زدم به پاهاتون
میگه یه کوچولو کافور بریز تو غذای آقاتون

آقامون جنتلمنه جنتلمنه
جنتلِ عنه
الان یه ماهه که آویزون فقط تو اینستای منه

حالا امشب واسه ما ناز میکنه این پلنگ درنده
جلو بقیه الکسیسه واسه ما الهام چرخنده
اووو لبو داد من نگاه به چاک دکمه رو باز کرد what the fuck
انقدر اینجا اوضاع خرابه یه فیلم میگیرم برا سالی تاک

یه شاستی بلند دلم میخواد راه که میره بلرزه زمین
کاش یه دونه سکسی بیاد هشتاد و پنج باشه همین
بگو آمین یا رب العالمین
بگو آمین یا رب العالمین

دافه هشتادی و خیلی لشه دافم دافای قدیم
دوتا باتل و خوردیم الان ایشاالله امشب بگا نریم
بگو آمین یا رب العالمین
بگو آمین یا رب العالمین، برو بالا

بیا دادا

بچه ها یه دست بزنین واسه خاله لیلا
نگاه کنید لباسش پوشیدس و نیست هیچ جاییش پیدا
بگو، آفرین لیلا
خاله در عوضش میره دبی تعطیلات عیدا
بگو، آفرین لیلا
خاله یه اسم دیگه هم داره بهش میگن خاله سهیلا
آفرین لیلا
جون، از سوتونای اینستایی
کامنت میگیری بیست کایی
همش وایرالی مثل این یارو کیه؟
آمریکا ایسراییل
همه خوبیارو بد جوری داری
جون، چه موی بوری داری اگه مامانت هم مثل خودته پس
واقعا مادر خوبی داری
چقدر سیاه کردی دور چشو
جون یه ذره نده بده کلشو
بگو میو واسم گربه شو
وای ساسی کشته شد

بالا بالا بالا بالا بالا
واویلا
برو بالا لیلا
واویلا
برو بالا لیلا
واویلا
برو بالا لیلا
واویلا
برو بالا لیلا

بدو بدو بدو

Radio Javan
Subscribe: https://bit.ly/3xa0pG2
YouTube: https://www.youtube.com/radiojavan
Instagram: https://www.instagram.com/radiojavan
Telegram: https://telegram.me/radiojavan
TikTok: https://www.tiktok.com/@radiojavan

#ساسی #برادران_لیلا #رادیوجوان",UCVjt1H4u5z3Ya7_hxHGus6w,Radio Javan,2023-12-06T17:30:08Z,10,fa,en,PT4M50S,hd,True,True,10531045,29616.0,8569.0,public,True,False,290,likely_release,release_title_pattern | music_category | licensed_content,trusted_music_platform,trusted,top20_manual_audit_2026-07-10; confidence=high,likely_release,v2_release_signal_and_trusted_source,,,,final_likely_release,accepted_from_v3_likely_release,,,,final_likely_release,accepted_from_v3_likely_release,final_screening_v4,,8_K4fBpEhpVak,2023-12-06 17:30:08+00:00,2026-07-10 23:59:59+00:00,947.2707291666668,2.593485911476158,11117.249457569931,2.812256523450426,0.8136894296814798,38185.0,0.0036259459531319,4.833333333333333,16.16983821440941,10.29610379977538,9.056023011591826,9.31634313253189,1.0955258298578667,-0.4075413866465486,-0.6790306745367551,0.5438718901937112,1.0955258298578667,-0.4075413866465486,0.5438718901937112,0.6370109347821395,68.18,above_median,0.6370109347821395,68.18,0.739746992590568,86.36,0.6645936317653474,72.73,0.6645936317653474,72.73,above_median,PI_V2_FINAL_65_25_10,0.65,0.25,0.1,-3.0,3.0,-0.5294081512666581,-0.6097008940268731,1.3489794999999989,2.8295667560975613,1.919020276613005,1.0955258298578667,-0.7962615101967625,-0.6790306745367551,1.5892045176042147,0.5438718901937112,-0.5496228695623082,-0.40754138664654865,0,0,1,0,0,FM_V1
8,ساسی مانکن,rap_hiphop,4,p0EwOVQ3P0s,Sasy - &quot;Doctor&quot; OFFICIAL VIDEO  | ساسی - دکتر,UCVjt1H4u5z3Ya7_hxHGus6w,Radio Javan,2020-03-11T16:30:11Z,ساسی مانکن,pending_review,,"Sasy - ""Doctor"" OFFICIAL VIDEO  | ساسی - دکتر","دانلود آهنگ ساسی به نام دکتر در اپ رادیو جوان
https://rj.app/m/JEVmN21v

:متن آهنگ دکتر ساسی
دکتر، جون دکتر
چرا هی‌ میری دور دور
انقدر داغِ بدنت میزنه هی‌ بالا کنتور
دکتر، جون دکتر
بدو پیکمو پر کن
شما همینجور که میرقصی بدنتو شل کن
وای
حالا وقته قرِ حالا
ساسی اومده که بری بالا
هرچقدر ناز کنی‌ تش ماله منی‌ مثل سریالا
همه تو دلیا همه خفنا
کارداشیان طوری بدنا
میگی‌ چقدر بی‌ ادبی‌
پس سلامتی‌ بد دهنا
روحانی با برجامش
فدای اون اندامش
بدو بیا بغلم مهم نی چی میشه سرانجامش
دکتر، جون دکتر
چرا هی‌ میری دور دور
انقدر داغِ بدنت میزنه هی‌ بالا کنتور
دکتر، جون دکتر
بدو پیکمو پر کن
شما همینجور که میرقصی بدنتو شل کن
میگی‌ تویی تاج سرم هی‌
بابا خیلی‌ نوکرم بیب
شما کجا ما ها کجا
سلامتیت زدم سیک
آخ نداریم رو دستش
دل من عاشق هستش
انقدر خجالت نکش
خودت خوشگل تری از عکست
همه به خط شن (چرا؟) بالاست پرچم
منو یه تیم دیوونه که میترکونیم هرشب
حالا وقته قرِ حالا
ساسی اومده که بری بالا
هرچقدر ناز کنی‌ تش ماله منی‌ مثل سریالا
دکتر، جون دکتر
چرا هی‌ میری دور دور
انقدر داغِ بدنت میزنه هی‌ بالا کنتور
دکتر، جون دکتر
بدو پیکمو پر کن
شما همینجور که میرقصی بدنتو شل کن
سلام گلایه تو خونه
محصلایه نمونه
قول بدین که حرفهای دکتر یادتون بمونه
مرسی‌
همیشه قبل خواب دو تا شات بزنو راحت بخواب
همیشه یادتون باشه اول اینستا بعد کتاب
تا وقتی بزرگ شدین قشنگ شدین ژل زدین
تا وقتی‌ پلنگ شدینو با بیست نفر رل زدین
بهتون میگن دل ندین
بهتون میگن قر ندین
میگن ساسی گوش نکنین
مهمونیا رو جر ندین

Directed By: Ali Zamani
Music: Sasy
Lyrics: Sasy
Arrangement: Man Brothers
Cover Art: Majid Rezaee

Follow Radio Javan:
Subscribe: http://bit.ly/3xa0pG2
YouTube: https://www.youtube.com/radiojavan
Facebook: https://www.facebook.com/radiojavan
Instagram: https://www.instagram.com/radiojavan
Telegram: https://telegram.me/radiojavan
Twitter: https://twitter.com/radiojavan

#RadioJavan #RJ #Sasy #ساسی #دکتر",UCVjt1H4u5z3Ya7_hxHGus6w,Radio Javan,2020-03-11T16:30:11Z,10,fa,,PT3M27S,hd,False,True,24295133,79973.0,7855.0,public,True,False,207,likely_release,release_title_pattern | music_category | licensed_content,trusted_music_platform,trusted,top20_manual_audit_2026-07-10; confidence=high,likely_release,v2_release_signal_and_trusted_source,,,,final_likely_release,accepted_from_v3_likely_release,,,,final_likely_release,accepted_from_v3_likely_release,final_screening_v4,,8_p0EwOVQ3P0s,2020-03-11 16:30:11+00:00,2026-07-10 23:59:59+00:00,2312.312361111111,6.330766217963343,10506.855997744922,3.2917292529330875,0.3233157850998387,87828.0,0.0036150450380329,3.45,17.005786641345107,11.289456860832074,8.969032850034301,9.259878446652234,1.0610402867718278,-0.4124954451440235,-0.4403329398563658,-0.2207739724729759,1.0610402867718278,-0.4124954451440235,-0.2207739724729759,0.5003842149061444,45.45,below_median,0.5003842149061444,45.45,0.6381517144641771,72.73,0.5644749278683847,59.09,0.5644749278683847,59.09,above_median,PI_V2_FINAL_65_25_10,0.65,0.25,0.1,-3.0,3.0,0.6357252805243961,0.323510818397911,-0.3474644166666664,0.09870581707317128,1.8725828426970392,1.0610402867718278,-0.6022135081236755,-0.44033293985636585,-0.052906436483015455,-0.22077397247297598,-0.5537786306190813,-0.4124954451440235,0,0,1,0,0,FM_V1
8,ساسی مانکن,rap_hiphop,7,hwZU5Xwfk20,Sasy - &quot;Gentleman&quot; OFFICIAL VIDEO | ساسی - جنتلمن,UCVjt1H4u5z3Ya7_hxHGus6w,Radio Javan,2019-04-26T16:28:42Z,ساسی مانکن,pending_review,,"Sasy - ""Gentleman"" OFFICIAL VIDEO | ساسی - جنتلمن","دانلود آهنگ ساسی به نام جنتلمن در اپ رادیو جوان
https://rj.app/m/7vZGPZE2

:متن آهنگ جنتلمن ساسی
سلامتی همه بدا همه بی معرفتا
سلامتی اون شبا طعم اون لبا
هرچی نگاه کردم بهش عشقو از چشمام نخوند
سلامتی اونی که خیلی قول داد ولی پاش نموند
سلامتی همه بدا دنبال ادا
بزن سلامتی اونی که دید و جواب نداد
میگه دنبالم نباش الان شلوغ شباش
سلامتی اونی که میگفت دوستم داره ولی نداشت
هر موقع بارون رو چترم می‌ریزه
تنهایی دلم می‌گیره
چشم های لعنتیم بازم که خیسه
بازم با گریه نامه می‌نویسه
هر موقع بارون رو چترم می‌ریزه
تنهایی دلم می‌گیره
چشم های لعنتیم بازم که خیسه
بازم با گریه نامه می‌نویسه
سلامتی خودم و قلبم، قلبی که کج نرفت
سلامتی اونی که خبراش میرسه از هر طرف
اونی که دید دارم میمیرم ولی نگفت بمون
سلامتی عشق جدیدت سلامتی جفتتون
ای وای دل گیری دلم چرا انقد پیگیری دلم
اون گذاشت رفت با یکی می‌شینی دلم
کسی که تا آخرم دست از اون کاراش بر نداشت
سلامتی هرکی مثل من موند و ساخت و کم نذاشت
هر موقع بارون رو چترم می‌ریزه
تنهایی دلم می‌گیره
چشم های لعنتیم بازم که خیسه
بازم با گریه نامه می‌نویسه
هر موقع بارون رو چترم می‌ریزه
تنهایی دلم می‌گیره
چشم های لعنتیم بازم که خیسه
بازم با گریه نامه می‌نویسه
سلامتی همه بدا، سلامتی همه بدا

Directed By: Ali Zamani
Music: Sasy
Lyrics: Sasy
Arrangement: Man Brothers
Cover Art: Narbew

Radio Javan
Subscribe: http://www.youtube.com/user/radiojavan?sub_confirmation=1
YouTube: https://www.youtube.com/radiojavan
Facebook: https://www.facebook.com/radiojavan
Instagram: https://www.instagram.com/radiojavan
Telegram: https://telegram.me/radiojavan
Twitter: https://twitter.com/radiojavan

#RadioJavan #RJ #Sasy #ساسی",UCVjt1H4u5z3Ya7_hxHGus6w,Radio Javan,2019-04-26T16:28:42Z,10,fa,,PT2M44S,hd,False,True,39473382,129775.0,8342.0,public,True,False,164,likely_release,release_title_pattern | music_category | licensed_content,trusted_music_platform,trusted,top20_manual_audit_2026-07-10; confidence=high,likely_release,v2_release_signal_and_trusted_source,,,,final_likely_release,accepted_from_v3_likely_release,,,,final_likely_release,accepted_from_v3_likely_release,final_screening_v4,,8_hwZU5Xwfk20,2019-04-26 16:28:42+00:00,2026-07-10 23:59:59+00:00,2632.313391203704,7.206881290085431,14995.700030211685,3.287658503646837,0.2113322846266377,138117.0,0.0034989907882734,2.7333333333333334,17.49113715463241,11.773565166310126,9.029178142902074,9.615585457895351,1.2782866819501368,-0.4652377642032613,-0.4423594964743578,-0.3953912694462235,1.2782866819501368,-0.4652377642032613,-0.3953912694462235,0.5913538777023333,59.09,above_median,0.5913538777023333,59.09,0.7622139975798211,95.45,0.6750377752721513,77.27,0.6750377752721513,77.27,high,PI_V2_FINAL_65_25_10,0.65,0.25,0.1,-3.0,3.0,0.9088626630358397,0.5422797572214246,-1.2263449999999994,-1.31607756097561,2.1651218087908815,1.2782866819501368,-0.6038609861080639,-0.44235949647435785,-0.42790483787744565,-0.3953912694462235,-0.5980220475472422,-0.46523776420326135,0,0,1,0,1,FM_V1
8,ساسی مانکن,rap_hiphop,8,ej5aKGNBWek,Sasy Mankan - Atse OFFICIAL VIDEO HD,UC7Hs0659Yc82h7Snhjnfd4g,Avang Music,2013-11-28T18:00:00Z,ساسی مانکن,pending_review,,Sasy Mankan - Atse OFFICIAL VIDEO HD,"Join Sasy Mankan & all your favorite artists: http://fb.com/avangmusic

artist: SASY MANKAN
song: ATSE
label: AVANG MUSIC
director: SAEED SJ
executive producer: ARMIN HASHEMI

www.avang.com
www.youtube.com/avangmusic
www.twitter.com/avangmusic

© 2013 Avang Music Co. All Rights Reserved.",UC7Hs0659Yc82h7Snhjnfd4g,Avang Music,2013-11-28T18:00:00Z,10,en,,PT3M4S,hd,False,True,2324263,9583.0,767.0,public,True,False,184,likely_release,release_title_pattern | music_category | licensed_content,label_or_distributor,trusted,top20_manual_audit_2026-07-10; confidence=high,likely_release,v2_release_signal_and_trusted_source,,,,final_likely_release,accepted_from_v3_likely_release,,,,final_likely_release,accepted_from_v3_likely_release,final_screening_v4,,8_ej5aKGNBWek,2013-11-28 18:00:00+00:00,2026-07-10 23:59:59+00:00,4607.249988425926,12.613963007326284,504.47946298526944,4.123027385455089,0.3299970786438539,10350.0,0.0044530244640989,3.066666666666667,14.658913987748388,9.16785032035523,6.643789733147672,6.225507410504202,-0.7921876463320229,-0.0316651149644761,-0.0264846250812178,-0.2103557464485096,-0.7921876463320229,-0.0316651149644761,-0.2103557464485096,-0.5147822285076091,13.64,low,-0.5147822285076091,13.64,-0.5818999500701622,9.09,-0.5438738235017848,13.64,-0.5438738235017848,13.64,low,PI_V2_FINAL_65_25_10,0.65,0.25,0.1,-3.0,3.0,2.5945729016411665,1.892446609787526,-0.8175633333333328,-0.6580387804878045,-0.6229309863883903,-0.7921876463320229,-0.2657778115262197,-0.026484625081217836,-0.030532833339111085,-0.2103557464485096,-0.2343153347769217,-0.0316651149644761,0,0,1,0,0,FM_V1
8,ساسی مانکن,rap_hiphop,9,lLNcbz_T7WI,Sasy Ft Arash - Hulu (Official Video),UCVjt1H4u5z3Ya7_hxHGus6w,Radio Javan,2024-03-13T14:45:08Z,ساسی مانکن,pending_review,,Sasy Ft Arash - Hulu (Official Video),"Sasy Ft Arash - Hulu
ساسی و آرش - هلو

Listen to audio on Radio Javan:
https://rj.app/m/8EJ5wm1v

متن آهنگ هلو از ساسی و آرش
ماشالله به این بدن
همه دافارو زدم
مهمونی روی هواس آرش ساسی اومدن

ماشالله عجب فیسی با اون قد و بالای سکسی
به به عجب کیسی
چقدر خوشگلی تو
مرسی

آخ تلو تلو راه میره
این داره بگا میره
انقدر ژل زده باد کرده میزنی زمین هوا میره

این درو دافا دَدرین و میگن من آدم حولیم
بدو منو بغل کن من از بچگی بغلیم

دوست دارم بگی تو روم
سنه چوک سویوروم
شاخ تهران یک ایرون
سنه چوک سویوروم
بدون من بیبی نری بیرون
سنه چوک سویوروم
اینم سلامتی دوتاییمون
سنه چوک سویوروم

سنه چوک سویوروم

جدیدا جدیدا خودمم تازه فهمیدم
ندیدم ندیدم مثل تو خوشگل عزیزم
حالا یه ماچی یه موچی یه بوسی چیزی بابا کوشی
یه گوشه نشستی تو کوشی
پاشو موشی چی مینوشی

آخ نمیتونم راه برم دادا
انگار حاملم دادا
یه جور منو مست کردن که فاکت اپ کاملم دادا

پاشو بیا هلو جون هلو
وقتشه بکنیم شروع
بچم تازه زدم جوش بلوغ
قورتت میدم قلوپ قلوپ

دوست دارم بگی تو روم
سنه چوک سویوروم
شاخ تهران یک ایرون
سنه چوک سویوروم
بدون من بیبی نری بیرون
سنه چوک سویوروم
اینم سلامتی دوتاییمون
سنه چوک سویوروم

سنه چوک سویوروم

شدم حول تو
چوخ ممنون
میخوام بغلتو
چوخ ممنون
روی بدن تو قفلم جون آخ دهنتو
چوخ ممنون

به ما نکن اَ این شکا بابا
چشم عباس آقا

بکش بیرون اَ این حرفابابا
چشم عباس آقا

یه بوس بدین از لبتون
جون یَک یَکتون

اون بدن لامصبتون
جون یَک یَکتون

داریم باز تهرانو میدیم بگا
جون منو نگاه
یه جوری رژیم بام بده انگار ساواکی بودم زمان شاه

سنه چوک سویوروم
سنه چوک سویوروم
سنه چوک سویوروم
سنه چوک سویوروم

Radio Javan
Subscribe: https://bit.ly/3xa0pG2
YouTube: https://www.youtube.com/radiojavan
Instagram: https://www.instagram.com/radiojavan
Telegram: https://telegram.me/radiojavan
TikTok: https://www.tiktok.com/@radiojavan

 #هلو #RadioJavan #RJ #Sasy #Arash",UCVjt1H4u5z3Ya7_hxHGus6w,Radio Javan,2024-03-13T14:45:08Z,10,fa,en,PT3M47S,hd,False,True,10254161,27579.0,3719.0,public,True,False,227,likely_release,release_title_pattern | music_category | licensed_content,trusted_music_platform,trusted,top20_manual_audit_2026-07-10; confidence=high,likely_release,v2_release_signal_and_trusted_source,,,,final_likely_release,accepted_from_v3_likely_release,,,,final_likely_release,accepted_from_v3_likely_release,final_screening_v4,,8_lLNcbz_T7WI,2024-03-13 14:45:08+00:00,2026-07-10 23:59:59+00:00,849.3853125,2.325490246406571,12072.44915716623,2.6895423233553677,0.3626820370774362,31298.0,0.0030522243604328,3.783333333333333,16.143194229913682,10.224846151347291,8.221478947267192,9.398764036083264,1.1458640116139671,-0.6682764080353979,-0.7401219520478065,-0.1593896749358502,1.1458640116139671,-0.6682764080353979,-0.1593896749358502,0.4965408537191532,40.91,below_median,0.4965408537191532,40.91,0.6525105590291123,77.27,0.5618035380466441,54.55,0.5618035380466441,54.55,above_median,PI_V2_FINAL_65_25_10,0.65,0.25,0.1,-3.0,3.0,-0.612958402610034,-0.6766203308932728,0.061317249999999754,0.7567445975609758,1.9868045067443587,1.1458640116139671,-0.845925326072456,-0.7401219520478065,0.07891906904332917,-0.15938967493585027,-0.7683430256882322,-0.6682764080353979,0,0,1,0,0,FM_V1
8,ساسی مانکن,rap_hiphop,11,LpcvEthPmCE,Sasy Mankan - Khat Roo Khat OFFICIAL VIDEO HD,UC7Hs0659Yc82h7Snhjnfd4g,Avang Music,2012-02-11T23:29:01Z,ساسی مانکن,pending_review,,Sasy Mankan - Khat Roo Khat OFFICIAL VIDEO HD,"Join Sasy Mankan & all your favorite artists: http://fb.com/avangmusic

artist: SASY MANKAN
song: KHAT ROO KHAT
label: AVANG MUSIC
director: SAEED SJ
executive producer: ARMIN HASHEMI

www.avang.com
www.youtube.com/avangmusic
www.twitter.com/avangmusic

© 2012 Avang Music Co. All Rights Reserved.",UC7Hs0659Yc82h7Snhjnfd4g,Avang Music,2012-02-11T23:29:01Z,10,en,,PT2M52S,hd,False,True,941047,4687.0,35.0,public,True,False,172,likely_release,release_title_pattern | music_category | licensed_content,label_or_distributor,trusted,top20_manual_audit_2026-07-10; confidence=high,likely_release,v2_release_signal_and_trusted_source,,,,final_likely_release,accepted_from_v3_likely_release,,,,final_likely_release,accepted_from_v3_likely_release,final_screening_v4,,8_LpcvEthPmCE,2012-02-11 23:29:01+00:00,2026-07-10 23:59:59+00:00,5263.02150462963,14.409367569143408,178.80356353706816,4.980622646902864,0.037192616309281,4722.0,0.0050178152632121,2.8666666666666667,13.754749426830866,8.452761331256848,3.58351893845611,5.191864941290884,-1.4234799550077195,0.2250111945225181,0.4004552895226695,-0.666929469706999,-1.4234799550077195,0.2250111945225181,-0.666929469706999,-0.897874594830052,4.55,low,-0.897874594830052,4.55,-1.0181266765716,4.55,-0.9357021190950882,4.55,-0.9357021190950882,4.55,low,PI_V2_FINAL_65_25_10,0.65,0.25,0.1,-3.0,3.0,3.1543077106497908,2.3407652876025944,-1.0628323333333327,-1.0528620487804878,-1.47301459367405,-1.4234799550077197,0.08130062868214125,0.40045528952266957,-1.0110451841107966,-0.666929469706999,-0.018999869344696194,0.22501119452251817,0,0,1,0,0,FM_V1
8,ساسی مانکن,rap_hiphop,13,QD9Nj6F0EN4,Sasy - &quot;Maman Mano Bebakhsh&quot; OFFICIAL VIDEO | ساسی - مامان منو ببخش,UCVjt1H4u5z3Ya7_hxHGus6w,Radio Javan,2022-03-09T16:30:12Z,ساسی مانکن,pending_review,,"Sasy - ""Maman Mano Bebakhsh"" OFFICIAL VIDEO | ساسی - مامان منو ببخش","دانلود آهنگ ساسی به نام مامان منو ببخش در اپ رادیو جوان
https://rj.app/m/Qq6B39Oq

:متن آهنگ مامان منو ببخش ساسی
بیا بالا دادا آ
ساسی
I'm So Sorry Maman
حاجی تهران الان میترکه
مامان منو ببخش اگه همه قرارام پنهونین
با یه مُشت بدتر اَ خودم صبح تا شبو مهمونیم
پسر بدیم پسر بدیم، خواستم خوب باشم نشد
شدم کسی که بیست چاری مست و همه رفیقامم لشو
شمال با دوستام خوبه با اونی که میخوام خوبه
مامان منو ببخش امشبم خونه نمیام جام خوبه
شمال با دوستام خوبه با اونی که میخوام خوبه
مامان منو ببخش امشبم خونه نمیام جام خوبه
آدم دوست داره لباتو حسش کنه
زبون بزنه تستش کنه
به کی رفتی تو
(مامانم)
خدا حفظش کنه
برو بالا
دیگه خیلی شدم جور شدم باش
ولی بدم نمیاد اَ دوستاش
من واسش سلنا گومز بودم
اون بهاره رهنما دوست داشت
Fuck You Sasy
شمال با دوستام خوبه با اونی که میخوام خوبه
مامان منو ببخش امشبم خونه نمیام جام خوبه
شمال با دوستام خوبه با اونی که میخوام خوبه
مامان منو ببخش امشبم خونه نمیام جام خوبه
دو تا پیک برو بالا بیا وسط
قرطی قرطی، تتو کن رو بدنت سکسیت
پلاس ای تین ای تین
موهات لخت و سیاه آ یه پا آیشواریا آ
حتی توو بمبئی میزنن سلامتی تهرونیا آ
بیا
انقدر کشیدم پر میزنم هی
حالم دست خودم نیست هی
ماها مثل پرستوییم تو صالحی اینا پرویز
همه حالا با هم کله
موزیک بره بالا حله
هی وسط چه خبره
چیزی قاطیه مشروبا بود؟ بله
شمال با دوستام خوبه با اونی که میخوام خوبه
مامان منو ببخش امشبم خونه نمیام جام خوبه
شمال با دوستام خوبه با اونی که میخوام خوبه
مامان منو ببخش امشبم خونه نمیام جام خوبه
بیا
وای پسرم آقاس
ولی خیلی لشه حاج خانوم
بگین یکی بگیرتش حاج خانوم
آخه ببین قیافشو حاج خانوم
بیا دادا
آخ تکون بده کلتو
بیا بریم یه جای خلوتو
ساری باید برم شرمندتون
باشه سلام برسون به عمتون
وای خدا، چه هیکلی داری
وای خدا، چه بدنی داری
وای خدا، عجب لبی دادی
از این لبا هرچی داری خریداریم
تو با این هیکلی که داری
طبیعیه حال من خرابت باشه
(شیر مادر، نان پدر حلالت باشه)
ساسی هر سال یه بمب داره
الان قدرمو نمیدونن بمیرم اسمم روی بلواره
میگی نه
بیا پایین
Mama Sorry Mama
برو بالا
Mama Sorry Mama
هی هی
Mama Sorry Mama
برو بالا
Mama Sorry Mama

Directed By: Ali Zamani
Music: Sasy
Lyrics: Sasy
Cover: Narbew Mirzakhanian

Follow Radio Javan:
Subscribe: http://www.youtube.com/user/radiojavan?sub_confirmation=1
YouTube: https://www.youtube.com/radiojavan
Facebook: https://www.facebook.com/radiojavan
Instagram: https://www.instagram.com/radiojavan
Telegram: https://telegram.me/radiojavan
Twitter: https://twitter.com/radiojavan

#RadioJavan #RJ #Sasy
#ساسی",UCVjt1H4u5z3Ya7_hxHGus6w,Radio Javan,2022-03-09T16:30:12Z,10,fa,en,PT4M5S,hd,False,True,8280466,40288.0,4696.0,public,True,False,245,likely_release,release_title_pattern | music_category | licensed_content,trusted_music_platform,trusted,top20_manual_audit_2026-07-10; confidence=high,likely_release,v2_release_signal_and_trusted_source,,,,final_likely_release,accepted_from_v3_likely_release,,,,final_likely_release,accepted_from_v3_likely_release,final_screening_v4,,8_QD9Nj6F0EN4,2022-03-09 16:30:12+00:00,2026-07-10 23:59:59+00:00,1584.312349537037,4.337610813243086,5226.536296595613,4.865426655939412,0.5671178409524295,44984.0,0.0054325444968918,4.083333333333333,15.92940992573715,10.603833757822766,8.454679286026995,8.561695374673349,0.6346282376197728,0.4134901309790219,0.343106830691847,0.1593896749358502,0.6346282376197728,0.4134901309790219,0.1593896749358502,0.5080579265569967,50.0,below_median,0.5080579265569967,50.0,0.5428767600232304,59.09,0.5318198546911929,50.0,0.5318198546911929,50.0,below_median,PI_V2_FINAL_65_25_10,0.65,0.25,0.1,-3.0,3.0,0.014339725696315014,-0.1741869232296162,0.4292207499999994,1.3489795,1.2983862495314116,0.6346282376197728,0.0346795165337901,0.343106830691847,0.7635118824217083,0.15938967493585027,0.13910755400268232,0.4134901309790219,0,0,1,0,0,FM_V1
8,ساسی مانکن,rap_hiphop,14,kbBulLOQ4qY,Sasy - &quot;Saaghiya&quot; OFFICIAL VIDEO | ساسی - ساقیا,UCVjt1H4u5z3Ya7_hxHGus6w,Radio Javan,2016-03-16T16:41:02Z,ساسی مانکن,pending_review,,"Sasy - ""Saaghiya"" OFFICIAL VIDEO | ساسی - ساقیا","دانلود آهنگ ساسی به نام ساقیا در اپ رادیو جوان
https://rj.app/m/bE39QLlL

:متن آهنگ ساقیا ساسی
ساقیا می، هی، هی، هی، هی بریز
بنویس گرکه نرقصم گله مندی بنویس
ساقیا پیک، پیک، پیک، پیک، پیک بریز
بنویس هرکه نرقصد، گله مندی بنویس
کس نداند چیست امشب، امشب ماجرا
پس بدون معطلی نوش کن باده را
وای منو تو خال لبات، باد صبا عیشو نوش تو این هوا
منو محتاج طبیب ایست امشبا
تو حبیبیم شو عزیزم، طبیبم شو
وای ساقیا می، هی، هی، هی، هی بریز
بنویس هرکه نرقصد، گله مندی بنویس

حال خراب است گر حرام است
من به می لب نزنم، تو لبات جام شراب است
یا رب چه یاری، یا رب چه نگاری
چه زلف پریشونی، عجب مهره ی ماری
باز توبه شکستم، پیمانه به دستم
ای وای، وای، وای، وای، وای چه مستم

ساقیا می، هی، هی، هی، هی بریز
بنویس گرکه نرقصم گله مندی بنویس
ساقیا پیک، پیک، پیک، پیک، پیک بریز
بنویس هرکه نرقصد، گله مندی بنویس

وای دیگه بسه
تا کجا مسته
ساقیا ناز شستە
وای دیگه بسه
تا کجا مسته
ساقیا ناز نشستە
وای دیگه بسه
رفته از دست که
ساقیا ناز نشستە

Follow Radio Javan:
Subscribe: http://bit.ly/3xa0pG2
YouTube: https://www.youtube.com/radiojavan
Facebook: https://www.facebook.com/radiojavan
Instagram: https://www.instagram.com/radiojavan
Telegram: https://telegram.me/radiojavan
Twitter: https://twitter.com/radiojavan

#RadioJavan #RJ #Sasy
#ساسی",UCVjt1H4u5z3Ya7_hxHGus6w,Radio Javan,2016-03-16T16:41:02Z,10,fa,,PT3M41S,hd,False,True,21255421,40654.0,2344.0,public,True,False,221,likely_release,release_title_pattern | music_category | licensed_content,trusted_music_platform,trusted,top20_manual_audit_2026-07-10; confidence=high,likely_release,v2_release_signal_and_trusted_source,,,,final_likely_release,accepted_from_v3_likely_release,,,,final_likely_release,accepted_from_v3_likely_release,final_screening_v4,,8_kbBulLOQ4qY,2016-03-16 16:41:02+00:00,2026-07-10 23:59:59+00:00,3768.304826388889,10.317056335082516,5640.578981602387,1.912641485670879,0.1102777498502617,42998.0,0.0020229192355211,3.683333333333333,16.8721225737299,10.612877108641936,7.76004068088038,8.637919266587279,0.6811816234720534,-1.1360571176595855,-1.1268894543970518,-0.5529668911670563,0.6811816234720534,-1.1360571176595855,-0.5529668911670563,0.0417496609932771,31.82,below_median,0.0417496609932771,31.82,0.1943190237818146,31.82,0.1034570867252327,31.82,0.1034570867252327,31.82,below_median,PI_V2_FINAL_65_25_10,0.65,0.25,0.1,-3.0,3.0,1.8784899391484176,1.318901134709346,-0.061317250000000295,0.5593329634146341,1.3610739611236617,0.6811816234720534,-1.1603458261168371,-1.1268894543970518,-0.766305484710839,-0.5529668911670563,-1.1607455088556637,-1.1360571176595855,0,0,1,0,0,FM_V1
8,ساسی مانکن,rap_hiphop,18,L3UPz_KIZn8,Gentleman,UCHgdN_bLmnnuvt6bKn8Uxfw,Sasy - Topic,2021-10-15T02:36:54Z,ساسی مانکن,pending_review,,Gentleman,"Provided to YouTube by Revelator Ltd.

Gentleman · Sasy

Gentleman

℗ 2021 Radio Javan

Released on: 2019-03-06

Music  Publisher: TunePays Publishing
Composer  Lyricist: Sasan Yafteh

Auto-generated by YouTube.",UCHgdN_bLmnnuvt6bKn8Uxfw,Sasy - Topic,2021-10-15T02:36:54Z,10,en,,PT3M7S,hd,False,True,5201378,18511.0,0.0,public,True,False,187,needs_review,music_category_and_licensed_but_no_release_pattern,topic,trusted,sources_21_40_manual_audit_2026-07-10; confidence=high,trusted_needs_content_review,trusted_source_but_v2_content_ambiguous,likely_release,topic_or_vevo_music_duration_signal,rule_based_content_review_v1,final_likely_release,accepted_after_trusted_content_review,,,,final_likely_release,accepted_after_trusted_content_review,final_screening_v4,,8_L3UPz_KIZn8,2021-10-15 02:36:54+00:00,2026-07-10 23:59:59+00:00,1729.8910300925927,4.736183518391766,3006.7662699664934,3.558864593190497,0.0,18511.0,0.0035588645931904,3.1166666666666667,15.464434340702084,9.826174449433458,0.0,8.008952979247018,0.2970434021425745,-0.4380273576152468,-0.3073439362037097,-0.7249243894929185,0.2970434021425745,-0.4380273576152468,-0.7249243894929185,-0.0400194565422047,27.27,below_median,-0.0400194565422047,27.27,0.0478324710274609,27.27,0.0110789330395699,27.27,0.0110789330395699,27.27,below_median,PI_V2_FINAL_65_25_10,0.65,0.25,0.1,-3.0,3.0,0.1385986374407821,-0.07466195154045983,-0.756246083333333,-0.5593329634146341,0.8438023257871166,0.2970434021425745,-0.4941008337782639,-0.3073439362037097,-1.1355918503671751,-0.7249243894929185,-0.5751963283727373,-0.4380273576152468,0,0,1,0,0,FM_V1
8,ساسی مانکن,rap_hiphop,21,ddfW1OhMbEk,Sasy Mankan - &quot;Nagoo Na&quot; OFFICIAL VIDEO,UCVjt1H4u5z3Ya7_hxHGus6w,Radio Javan,2014-06-03T16:20:55Z,ساسی مانکن,pending_review,,"Sasy Mankan - ""Nagoo Na"" OFFICIAL VIDEO","Sasy Mankan - ""Nagoo Na""",UCVjt1H4u5z3Ya7_hxHGus6w,Radio Javan,2014-06-03T16:20:55Z,10,en,,PT3M38S,hd,False,True,2786666,11786.0,945.0,public,True,False,218,likely_release,release_title_pattern | music_category | licensed_content,trusted_music_platform,trusted,top20_manual_audit_2026-07-10; confidence=high,likely_release,v2_release_signal_and_trusted_source,,,,final_likely_release,accepted_from_v3_likely_release,,,,final_likely_release,accepted_from_v3_likely_release,final_screening_v4,,8_ddfW1OhMbEk,2014-06-03 16:20:55+00:00,2026-07-10 23:59:59+00:00,4420.318796296297,12.102173295814636,630.4219510897938,4.229426849145179,0.3391149136638549,12731.0,0.004568541762809,3.6333333333333337,14.840356816009992,9.37475250822657,6.852242569051878,6.447974341262044,-0.6563170077842458,0.0208331799110258,0.0264846250812178,-0.1961381903021771,-0.6563170077842458,0.0208331799110258,-0.1961381903021771,-0.4180026382381176,18.18,low,-0.4180026382381176,18.18,-0.4748690884969845,18.18,-0.441011579112221,18.18,-0.441011579112221,18.18,low,PI_V2_FINAL_65_25_10,0.65,0.25,0.1,-3.0,3.0,2.4350174886062232,1.7646509632441996,-0.12263449999999951,0.4606271463414645,-0.4399707301749172,-0.6563170077842458,-0.2227167528232833,0.026484625081217836,0.0,-0.19613819030217713,-0.19027661995314601,0.020833179911025873,0,0,1,0,0,FM_V1
8,ساسی مانکن,rap_hiphop,22,eDqWWbO6e1k,Maman Mano Bebakhsh,UCHgdN_bLmnnuvt6bKn8Uxfw,Sasy - Topic,2022-04-23T17:17:10Z,ساسی مانکن,pending_review,,Maman Mano Bebakhsh,"Provided to YouTube by Revelator Ltd.

Maman Mano Bebakhsh · Sasy

Maman Mano Bebakhsh

℗ 2022 Radio Javan

Released on: 2022-03-03

Music  Publisher: TunePays Publishing
Composer: Sasan Yafteh

Auto-generated by YouTube.",UCHgdN_bLmnnuvt6bKn8Uxfw,Sasy - Topic,2022-04-23T17:17:10Z,10,en,,PT3M24S,hd,False,True,1189799,3599.0,0.0,public,True,False,204,needs_review,music_category_and_licensed_but_no_release_pattern,topic,trusted,sources_21_40_manual_audit_2026-07-10; confidence=high,trusted_needs_content_review,trusted_source_but_v2_content_ambiguous,likely_release,topic_or_vevo_music_duration_signal,rule_based_content_review_v1,final_likely_release,accepted_after_trusted_content_review,,,,final_likely_release,accepted_after_trusted_content_review,final_screening_v4,,8_eDqWWbO6e1k,2022-04-23 17:17:10+00:00,2026-07-10 23:59:59+00:00,1539.2797337962963,4.214318230790681,772.9582699472184,3.0248806731220985,0.0,3599.0,0.003024880673122,3.4,13.989295783735942,8.1886891244442,0.0,6.651517957339396,-0.5320036952638474,-0.6807030919646022,-0.5731791844640387,-0.7249243894929185,-0.5320036952638474,-0.6807030919646022,-0.7249243894929185,-0.5981166485733967,9.09,low,-0.5981166485733967,9.09,-0.5810356440269054,13.64,-0.5884706138619431,9.09,-0.5884706138619431,9.09,low,PI_V2_FINAL_65_25_10,0.65,0.25,0.1,-3.0,3.0,-0.024097934293437314,-0.2049735039953041,-0.40878166666666665,0.0,-0.2725733016165765,-0.5320036952638474,-0.7102101272937249,-0.5731791844640387,-1.1355918503671751,-0.7249243894929185,-0.7787672726292275,-0.6807030919646022,0,0,1,0,0,FM_V1
8,ساسی مانکن,rap_hiphop,23,vfBp8vu40js,Sasy - &quot;Hame Bada&quot; OFFICIAL VIDEO | ساسی - همه بدا,UCVjt1H4u5z3Ya7_hxHGus6w,Radio Javan,2017-12-20T17:35:42Z,ساسی مانکن,pending_review,,"Sasy - ""Hame Bada"" OFFICIAL VIDEO | ساسی - همه بدا","دانلود آهنگ ساسی به نام همه بدا در اپ رادیو جوان
https://rj.app/m/7vZGPZE2

:متن آهنگ همه بدا ساسی
سلامتی همه بدا همه بی معرفتا
سلامتی اون شبا طعم اون لبا
هرچی نگاه کردم بهش عشقو از چشمام نخوند
سلامتی اونی که خیلی قول داد ولی پاش نموند
سلامتی همه بدا دنبال ادا
بزن سلامتی اونی که دید و جواب نداد
میگه دنبالم نباش الان شلوغ شباش
سلامتی اونی که میگفت دوستم داره ولی نداشت
هر موقع بارون رو چترم می‌ریزه
تنهایی دلم می‌گیره
چشم های لعنتیم بازم که خیسه
بازم با گریه نامه می‌نویسه
هر موقع بارون رو چترم می‌ریزه
تنهایی دلم می‌گیره
چشم های لعنتیم بازم که خیسه
بازم با گریه نامه می‌نویسه
سلامتی خودم و قلبم، قلبی که کج نرفت
سلامتی اونی که خبراش میرسه از هر طرف
اونی که دید دارم میمیرم ولی نگفت بمون
سلامتی عشق جدیدت سلامتی جفتتون
ای وای دل گیری دلم چرا انقد پیگیری دلم
اون گذاشت رفت با یکی می‌شینی دلم
کسی که تا آخرم دست از اون کاراش بر نداشت
سلامتی هرکی مثل من موند و ساخت و کم نذاشت
هر موقع بارون رو چترم می‌ریزه
تنهایی دلم می‌گیره
چشم های لعنتیم بازم که خیسه
بازم با گریه نامه می‌نویسه
هر موقع بارون رو چترم می‌ریزه
تنهایی دلم می‌گیره
چشم های لعنتیم بازم که خیسه
بازم با گریه نامه می‌نویسه
سلامتی همه بدا، سلامتی همه بدا

Directed By: Ali Zamani

Radio Javan
Subscribe: http://www.youtube.com/user/radiojavan?sub_confirmation=1
YouTube: https://www.youtube.com/radiojavan
Facebook: https://www.facebook.com/radiojavan
Instagram: https://www.instagram.com/radiojavan
Telegram: https://telegram.me/radiojavan
Twitter: https://twitter.com/radiojavan

#RadioJavan #RJ #Sasy #ساسی",UCVjt1H4u5z3Ya7_hxHGus6w,Radio Javan,2017-12-20T17:35:42Z,10,fa,,PT3M4S,hd,False,True,17173622,43934.0,2304.0,public,True,False,184,likely_release,release_title_pattern | music_category | licensed_content,trusted_music_platform,trusted,top20_manual_audit_2026-07-10; confidence=high,likely_release,v2_release_signal_and_trusted_source,,,,final_likely_release,accepted_from_v3_likely_release,,,,final_likely_release,accepted_from_v3_likely_release,final_screening_v4,,8_vfBp8vu40js,2017-12-20 17:35:42+00:00,2026-07-10 23:59:59+00:00,3124.2668634259257,8.553776491241413,5496.8486210451965,2.5582256323098296,0.1341592355998053,46238.0,0.0026923848679096,3.066666666666667,16.658885218186036,10.690466547929944,7.742835955430749,8.612112134887644,0.6654200383628817,-0.8318100086067057,-0.8054958403857626,-0.5157281866108578,0.6654200383628817,-0.8318100086067057,-0.5157281866108578,0.1139402928744238,36.36,below_median,0.1139402928744238,36.36,0.2478592064715901,40.91,0.1729977041231108,36.36,0.1729977041231108,36.36,below_median,PI_V2_FINAL_65_25_10,0.65,0.25,0.1,-3.0,3.0,1.3287703229621644,0.8786041091694707,-0.8175633333333328,-0.6580387804878045,1.3398497755253103,0.6654200383628817,-0.8990706667130587,-0.8054958403857626,-0.6863337126090563,-0.5157281866108578,-0.9055248068631051,-0.8318100086067057,0,0,1,0,0,FM_V1
8,ساسی مانکن,rap_hiphop,24,YfJ9TIisS-w,Sasy - &quot;Ostad&quot; OFFICIAL VIDEO  | ساسی - استاد,UCVjt1H4u5z3Ya7_hxHGus6w,Radio Javan,2017-08-02T16:32:34Z,ساسی مانکن,pending_review,,"Sasy - ""Ostad"" OFFICIAL VIDEO  | ساسی - استاد","دانلود آهنگ ساسی به نام استاد در اپ رادیو جوان
https://rj.app/m/elzMLWq9

:متن آهنگ استاد ساسی
گویند، گویند، گویند که روزی
مهر یه دلبری به دلِ یکی افتاد
ای کاش نمی افتاد
گویند که هر شب توی دستَش یه پیاله
با من و نیس اصلا عین خیالش
چرا استاد، آخه چه کاریه استاد
گویند که کشته مرده می‌داد
تار مُژگونش و من
من به قربونشو ای وای
افتاد، افتاد، افتاد به دلم
مهر تو ای کاش نمی افتاد، نمی افتاد
اسفند و دی و خرداد و مرداد
همش مهمونی آخه چه کاریه استاد، استاد
دلا، دلا، دلا استاد
چرا، چرا، چرا
گویم، گویم، گویم
که سودای تو دارد این دلم
آخ این دلم وای، استاد
موهای افشون داره
آره چشمای افسون داره استاد
بس عجب وای عجب یاری
عجب دلبر و دلداری
ولی با ما که نداره کاری
نه پیغومی نه دیداری
تو که شیدایی و استادی
کلید قلبمو داری
افتاد، افتاد، افتاد به دلم
مهر تو ای کاش نمی افتاد، نمی افتاد
اسفند و دی و خرداد و مرداد
همه اش مهمونی آخه چه کاریه استاد، استاد
دلا، دلا، دلا استاد
چرا، چرا، چرا
دلم چند وقته که رد داده
ببین دست کی افتاده
اونم همه جوره استاده
و ای وای وای
به هر حال دل و ببین، قد و بالاشو
وای دل و باز افتادم توی دام تو استاد
دلم چند وقته که رد داده
ببین دست کی افتاده
اونم همه جوره استاده
و ای وای وای

Follow Radio Javan:
Subscribe: http://www.youtube.com/user/radiojavan?sub_confirmation=1
YouTube: https://www.youtube.com/radiojavan
Facebook: https://www.facebook.com/radiojavan
Instagram: https://www.instagram.com/radiojavan
Telegram: https://telegram.me/radiojavan
Twitter: https://twitter.com/radiojavan

 #RadioJavan #RJ #Sasy #ساسی",UCVjt1H4u5z3Ya7_hxHGus6w,Radio Javan,2017-08-02T16:32:34Z,10,fa,,PT3M15S,hd,False,True,8338105,23601.0,1431.0,public,True,False,195,likely_release,release_title_pattern | music_category | licensed_content,trusted_music_platform,trusted,top20_manual_audit_2026-07-10; confidence=high,likely_release,v2_release_signal_and_trusted_source,,,,final_likely_release,accepted_from_v3_likely_release,,,,final_likely_release,accepted_from_v3_likely_release,final_screening_v4,,8_YfJ9TIisS-w,2017-08-02 16:32:34+00:00,2026-07-10 23:59:59+00:00,3264.3107060185184,8.937195635916545,2554.323332220416,2.8304992561259423,0.1716217293977468,25032.0,0.0030021209855236,3.25,15.936346650222855,10.069086733185694,7.266827347520591,7.845934043445432,0.1974803487607187,-0.6910465193487006,-0.6699488254632449,-0.4573124434234132,0.1974803487607187,-0.6910465193487006,-0.4573124434234132,-0.1228702870942559,22.73,low,-0.1228702870942559,22.73,-0.0457043040795783,22.73,-0.0901306474850493,22.73,-0.0901306474850493,22.73,low,PI_V2_FINAL_65_25_10,0.65,0.25,0.1,-3.0,3.0,1.4483049650585262,0.9743451848275198,-0.5927334166666665,-0.2961174512195121,0.7097330231707564,0.19748034876071874,-0.7888784712659418,-0.6699488254632449,-0.5608833094057848,-0.4573124434234132,-0.7874439591758854,-0.6910465193487006,0,0,1,0,0,FM_V1
9,هیچکس,rap_hiphop,2,sqemXVtZg4w,Hichkas - Ekhtelaf,UChysexdHBwnvEMDFuKiCUZw,HichkasVEVO,2017-11-01T13:02:39Z,هیچکس,pending_review,,Hichkas - Ekhtelaf,"Ekhtelaf from Hichkas's LP, Jangale Asfalt (The Asphalt Jungle)

http://vevo.ly/3yUk4L",UChysexdHBwnvEMDFuKiCUZw,HichkasVEVO,2017-11-01T13:02:39Z,10,en,,PT2M53S,sd,False,True,4244255,38370.0,10193.0,public,True,False,173,needs_review,music_category_and_licensed_but_no_release_pattern,vevo,trusted,sources_21_40_manual_audit_2026-07-10; confidence=high,trusted_needs_content_review,trusted_source_but_v2_content_ambiguous,likely_release,topic_or_vevo_music_duration_signal,rule_based_content_review_v1,final_likely_release,accepted_after_trusted_content_review,,,,final_likely_release,accepted_after_trusted_content_review,final_screening_v4,,9_sqemXVtZg4w,2017-11-01 13:02:39+00:00,2026-07-10 23:59:59+00:00,3173.4564814814817,8.688450325753543,1337.4234134821447,9.040455863278716,2.40159933839979,48563.0,0.0114420552016785,2.8833333333333333,15.261077097349208,10.555057244929015,9.229554590899989,7.1992476431553944,-0.1974803487607193,3.1445881445252297,2.4215775188822404,3.01992001269175,-0.1974803487607193,3.0,3.0,1.0815117907435683,100.0,top_performer,1.0815117907435683,100.0,0.7617637558674967,90.91,0.9216377733055324,95.45,0.9216377733055324,95.45,top_performer,PI_V2_FINAL_65_25_10,0.65,0.25,0.1,-3.0,3.0,1.3707561988155779,0.9122326276152833,-1.0423932499999997,-1.0199601097560977,0.17788809195433083,-0.1974803487607193,1.7243607569144754,2.4215775188822404,6.906627841679027,3.0199200126917494,2.4301161831318323,3.1445881445252297,0,0,1,1,1,FM_V1
9,هیچکس,rap_hiphop,3,4qw3qTV4608,Hichkas - Ye Mosht Sarbaz,UChysexdHBwnvEMDFuKiCUZw,HichkasVEVO,2019-09-26T14:38:38Z,هیچکس,pending_review,,Hichkas - Ye Mosht Sarbaz,"Ye Mosht Sarbaz by Hichkas

Follow Hichkas:

Website: https://hichkas.me/
Instagram: https://www.instagram.com/hichkasofficial/
Facebook: https://www.facebook.com/HichkasOfficial/
Twitter: https://twitter.com/hichkasofficial
Spotify: https://open.spotify.com/artist/2X90kCLyxyPeJ5nynJGbvT

#Hichkas #YeMoshtSarbaz #Vevo

http://vevo.ly/yGZcBa",UChysexdHBwnvEMDFuKiCUZw,HichkasVEVO,2019-09-26T14:38:38Z,10,en,,PT3M23S,hd,False,True,2670531,26024.0,6430.0,public,True,False,203,needs_review,music_category_and_licensed_but_no_release_pattern,vevo,trusted,sources_21_40_manual_audit_2026-07-10; confidence=high,trusted_needs_content_review,trusted_source_but_v2_content_ambiguous,likely_release,topic_or_vevo_music_duration_signal,rule_based_content_review_v1,final_likely_release,accepted_after_trusted_content_review,,,,final_likely_release,accepted_after_trusted_content_review,final_screening_v4,,9_4qw3qTV4608,2019-09-26 14:38:38+00:00,2026-07-10 23:59:59+00:00,2479.389826388889,6.788199387786144,1077.0920214226653,9.74487845301178,2.407760853553095,32454.0,0.0121526393065648,3.3833333333333333,14.79778826146493,10.16681289348317,8.768885326134862,6.982948110926523,-0.3295842774723188,3.4675220625506515,2.772262899067259,3.029527741658815,-0.3295842774723188,3.0,3.0,1.0022494335166088,90.91,top_performer,1.0022494335166088,90.91,0.6692910057693771,81.82,0.8357702196429928,90.91,0.8357702196429928,90.91,top_performer,PI_V2_FINAL_65_25_10,0.65,0.25,0.1,-3.0,3.0,0.7783345137803465,0.4377334500237085,-0.4292207499999999,-0.03290193902439014,0.0,-0.3295842774723188,2.009448495481667,2.772262899067259,6.927260866391538,3.029527741658815,2.701012499985021,3.4675220625506515,0,0,1,1,1,FM_V1
9,هیچکس,rap_hiphop,5,olvrvRd6l1A,Hichkas - Man Chizi Ke Mikham,UCAnylXo06Lw_x8swLZhIosg,Hichkas,2024-11-28T12:35:18Z,هیچکس,pending_review,,Hichkas - Man Chizi Ke Mikham,"هیچکس - من چیزی که می‌خوام

کلام: هیچکس

آهنگسازی: چکاو


https://twitter.com/HichkasOfficial
https://www.instagram.com/HichkasOfficial

https://twitter.com/_chakav_
https://www.instagram.com/_chakav_



______________________________________________




همخوان:

من چیزی که می‌خوام درده
من چیزی که می‌خوام تو دستای سرده
من چیزی که می‌خوام واسه‌ش جون میدم و خون داره می‌چیکه از زخمای برده

(×۲)

قسمت ۱:

من چیزی که می‌خوام یه خیال راحته، پک و پاره‌م
کوتاه بیام که چی بشه؟
تو راهم پا می‌ذارم و همه‌ی قانونا هم زیرشه
رفیقم رو حکم دادگاه یادگاری می‌نوشت
«برمی‌گردم ولی بدون دستبند
یه بطری پر، یه دونه فندک
شادیامو تقصیم می‌کنم باهاتون و رو صورت قاضی می‌کشم یه دونه لبخند»
من چیزی که می‌خوام پوله
از بچگی جیبمو زده‌ن
از همه چی بوی رانت میاد
ماشه حساسیت داره، می‌خارونم
همه‌گیره شجاعت
عطسه می‌کنه اسلحه سمت
هرچی کثافته
هرچی تسنیمه
هرچی که بایده
هرچی تکبیره
عافیت‌طلبی هم دیگه جواب نی
دستمال به دست خایه‌مال هم دیگه اینو فهمیده

همخوان:

من چیزی که می‌خوام درده
من چیزی که می‌خوام تو دستای سرده
من چیزی که می‌خوام واسه‌ش جون میدم و خون داره می‌چیکه از زخمای برده

(×۲)

قسمت ۲:

من چیزی که می‌خوام، هیچی جاشو نمی‌گیره
آزادیو می‌خوام، که سیر شیم
مخالفت مجاز، یعنی تو سیرکیم و ازمون می‌خوان که شیر شیم
من می‌درم
دیر نیست روزی که نیست شین
سوزن چشای تیز گیر می‌کنن رو صفحه‌ی روزگار و تکرار می‌کنم
من اینو می‌خوام
اینو می‌خوام
اینو می‌خوام
به کم راضی نیستیم
می‌خوام بدونی که
من چیزی که می‌خوام هزینه داره
میدم، میره زیر خاک مین کینه‌ها
و ریشه میدوونیم تو مسیر پیروزی
دوباره می‌شه ساخت
بیدار شین
یه مارپیچ
هیچی نیستین، مار بیمار
می‌خوام هیچ شکی نمونه
با زغال بخت می‌زنیم پرده‌ها رو آتیش
از پنجره‌ی فرصتا می‌تابیم جای تاریک
من چیزی نمی‌خوام به جز یه زندگی عادی

همخوان:

من چیزی که می‌خوام درده
من چیزی که می‌خوام تو دستای سرده
من چیزی که می‌خوام واسه‌ش جون میدم و خون داره می‌چیکه از زخمای برده

(×۲)

قسمت ۳:

من چیزی که می‌خوام، اگه نباشه میسازم
نگاهم رو به جلو، فقط می‌تازم
مهم نی واسم چی میشه
بگو دیوونه مث منو کی دیده؟
طعم پیروزی میده، انتقاممون شیرینه
من چیزی که می‌خوام همه‌چیه
یعنی همه فرصتا
همه‌ی دریچه‌ها
همه‌ی خنده‌ها
اسلحه روی شقیقه‌ها
هرچی دیده باشم و همه‌ی ندیده‌ها
من چیزی که می‌خوامو می‌گیرم
کسی جلودارم نیست
رود مذاب تو شیب
عقاب تو دیدم
من چیزی که می‌خوام، واسه یه بار هم ثباته
شوخی ندارم وقتی می‌گم باید خون شغالو ریخت
زمان می‌گذره، در حال شمارشیم
دوباره تیک تیک می‌زنه
تق تق
صدای آخرین گلوله تو آخرین خشاب شیر
آویزون میشه فرمانده کل قوا به تیر

همخوان:

من چیزی که می‌خوام درده
من چیزی که می‌خوام تو دستای سرده
من چیزی که می‌خوام واسه‌ش جون میدم و خون داره می‌چیکه از زخمای برده

(×۲)

من چیزی که می‌خوام حبس داره، درده
من چیزی که می‌خوام تو دستای سرده
من چیزی که می‌خوام درده",UCAnylXo06Lw_x8swLZhIosg,Hichkas,2024-11-28T12:35:18Z,10,fa,fa,PT3M51S,hd,False,False,268929,6781.0,4410.0,public,True,False,231,needs_review,insufficient_evidence,official_artist,trusted,top20_manual_audit_2026-07-10; confidence=high,trusted_needs_content_review,trusted_source_but_v2_content_ambiguous,likely_release,trusted_music_source_and_music_duration_signal,rule_based_content_review_v1,final_likely_release,accepted_after_trusted_content_review,,,,final_likely_release,accepted_after_trusted_content_review,final_screening_v4,,9_olvrvRd6l1A,2024-11-28 12:35:18+00:00,2026-07-10 23:59:59+00:00,589.475474537037,1.6138958919562958,456.217453679836,25.214833654979564,16.398380241625112,11191.0,0.0416132138966046,3.85,12.502206401671756,8.822027322685583,8.39185670010494,6.12515910634475,-0.853474904248897,16.856252142804898,10.473729604589977,24.84527854604884,-0.853474904248897,3.0,3.0,0.6879150574506617,72.73,above_median,0.6879150574506617,72.73,0.3025675670257722,45.45,0.495241312238217,45.45,0.495241312238217,45.45,below_median,PI_V2_FINAL_65_25_10,0.65,0.25,0.1,-3.0,3.0,-0.8348048535718818,-0.8543078821630179,0.1430735833333333,0.8883523536585372,-0.7054589889866084,-0.853474904248897,8.270313221492247,10.473729604589975,53.7775547299993,24.845278546048842,13.932281387004966,16.856252142804898,0,0,1,0,0,FM_V1
9,هیچکس,rap_hiphop,7,nKY6vq97MzI,Hichkas - Rooye Jenazat Miraghsam,UCAnylXo06Lw_x8swLZhIosg,Hichkas,2024-05-24T16:52:44Z,هیچکس,pending_review,,Hichkas - Rooye Jenazat Miraghsam,"هیچکس - روی جنازت می‌رقصم

کلام: هیچکس

https://twitter.com/HichkasOfficial
https://www.instagram.com/HichkasOfficial


______________________________________________


قسمت ۱:

آآآآ
چه حالی میده
می‌کشیمتون بالا، بالا، بالا، بالا، بالاتر
عالی میشه
ماشین پر میاد خالی میره
جا نی دیگه 
ساقی کیه 
همه چی که داره قاطی میشه
خشابامون داره خالی میشه 
جنازه بو قاضی میده
ول ولی
می‌زنیم با زمین یکی بشی
جای لاستیکا روت
بری بری به درک
می‌میرین، س تو جعبه، دلیوری
نمی‌دونی جای ما رو 
می‌کشیم ضامنا رو 
می‌زنیم رو زمین قاسما رو 
آماده‌ایم، می‌چکونیم ماشه‌ها رو


همخوان:

روی جنازت می‌رقصم
حالا، حالا
می‌زنیم و میره سرا بالا
پیکا رو می‌ریم همه بالا

(×۲)



قسمت ۲:



آآآآ
شله، شله، شله، شله، شله
آقازاده شده خود خودت
کتلت و گوجه موجه
زمینای شهر پر سسه
داره آتیش می‌گیره حوزه موزه
انگا همه کنکوری، رشته طنابه، ملت تو رو دوره کنه
مال ماعه شبا
لگد می‌زنیم وا شه درا
زیرت می‌زنیم که بری هوا
چشات سیاهی میرن
چش‌پوشی کن
لباس عزا
می‌بینی، دیر نیست، می‌بینی
می‌ریم و تیغ میغ می‌گیریم
می‌کنیم تیز میز
می‌شینیم
می‌کنیم ریز ریز
می‌میرین


همخوان:

روی جنازت می‌رقصم
حالا، حالا
می‌زنیم و میره سرا بالا
پیکا رو می‌ریم همه بالا

(×۲)




قسمت ۳:


آآآآ
چقد سر حالم
اصن من تک، شما همه با هم
کتلتا چقد تر و تازه‌ن
جمع ما جمع
همه پایه‌ن
سفت می‌کنیم طنابارم
رفیقات هم همه پک و پاره‌ن
فواره کرد رگ پاره‌ت
برو خونی مونی نشه پاچه‌م
می‌کنیم شبا صفا
می‌گیرین شبا عزا
می‌ریزه سرتون بلا ملا
بدنا میشه ا سرا سوا 
دعوا معوا چیه؟ 
ادا مدا 
نوپو موپو، ساس، فتا متا
واجا ماجا، ناجا ماجا، بسیجی و برادرا
می‌رن همه هوا



همخوان:

روی جنازت می‌رقصم
حالا، حالا
می‌زنیم و میره سرا بالا
پیکا رو می‌ریم همه بالا

(×۴)

روی جنازت، روی جنازت می‌رقصم
روی جنازت، روی جنازت، روی جنازت می‌رقصم
روی جنازت، روی جنازت، روی جنازت می‌رقصم",UCAnylXo06Lw_x8swLZhIosg,Hichkas,2024-05-24T16:52:44Z,10,fa,fa,PT3M3S,hd,False,False,687584,10008.0,5169.0,public,True,False,183,needs_review,insufficient_evidence,official_artist,trusted,top20_manual_audit_2026-07-10; confidence=high,trusted_needs_content_review,trusted_source_but_v2_content_ambiguous,likely_release,trusted_music_source_and_music_duration_signal,rule_based_content_review_v1,final_likely_release,accepted_after_trusted_content_review,,,,final_likely_release,accepted_after_trusted_content_review,final_screening_v4,,9_nKY6vq97MzI,2024-05-24 16:52:44+00:00,2026-07-10 23:59:59+00:00,777.2967013888889,2.1281223857327554,884.5837101475042,14.555312514543678,7.517626937217853,15177.0,0.0220729394517615,3.05,13.440940737244157,9.21123996721902,8.550627967502475,6.786246987082868,-0.4497185698305578,7.9759277134048014,5.167059605349115,10.997406935061466,-0.4497185698305578,3.0,3.0,0.9301688581016652,86.36,high,0.9301688581016652,86.36,0.5851970011186096,63.64,0.7576829296101375,86.36,0.7576829296101375,86.36,high,PI_V2_FINAL_65_25_10,0.65,0.25,0.1,-3.0,3.0,-0.67448975,-0.7259037627293373,-0.8380024166666665,-0.6909407195121955,-0.16177005675997305,-0.4497185698305578,3.9562852212152957,5.167059605349115,24.03863535117529,10.997406935061466,6.482933250719999,7.9759277134048014,0,0,1,0,1,FM_V1
9,هیچکس,rap_hiphop,9,i_bLcFCdSIo,Hichkas - Inyekiam Vase,UCAnylXo06Lw_x8swLZhIosg,Hichkas,2022-10-19T19:46:44Z,هیچکس,pending_review,,Hichkas - Inyekiam Vase,,UCAnylXo06Lw_x8swLZhIosg,Hichkas,2022-10-19T19:46:44Z,10,nl,fa,PT2M2S,hd,False,True,760334,22958.0,9884.0,public,True,False,122,needs_review,music_category_and_licensed_but_no_release_pattern,official_artist,trusted,top20_manual_audit_2026-07-10; confidence=high,trusted_needs_content_review,trusted_source_but_v2_content_ambiguous,likely_release,trusted_music_source_and_music_duration_signal,rule_based_content_review_v1,final_likely_release,accepted_after_trusted_content_review,,,,final_likely_release,accepted_after_trusted_content_review,final_screening_v4,,9_i_bLcFCdSIo,2022-10-19 19:46:44+00:00,2026-07-10 23:59:59+00:00,1360.1758680555556,3.723958570993992,558.9968311134194,30.194624993752747,12.999550197676284,32842.0,0.043194175191429,2.033333333333333,13.541514404617056,10.04146529547803,9.198773735604718,6.327931124987147,-0.729632841256831,17.574739963843168,12.952838089088605,19.54543961765386,-0.729632841256831,3.0,3.0,0.7622202952459014,77.27,high,0.7622202952459014,77.27,0.3892570111202185,50.0,0.5757386531830598,63.64,0.5757386531830598,63.64,above_median,PI_V2_FINAL_65_25_10,0.65,0.25,0.1,-3.0,3.0,-0.17697232057885606,-0.3274179931144592,-2.0847864999999994,-2.697959000000001,-0.5386961341328276,-0.729632841256831,10.285690740610868,12.952838089088605,42.395915223229395,19.54543961765386,14.534992014656714,17.574739963843168,0,0,1,0,0,FM_V1
9,هیچکس,rap_hiphop,14,hnctT-Btbck,Hichkas - Har Ye Rooz (feat. Poobon),UCAnylXo06Lw_x8swLZhIosg,Hichkas,2024-03-07T09:09:41Z,هیچکس,pending_review,,Hichkas - Har Ye Rooz (feat. Poobon),"هیچکس × پوبون - هر یه روز

کلام: هیچکس، پوبون

آهنگساز: پوبون

https://twitter.com/HichkasOfficial
https://www.instagram.com/HichkasOfficial

https://x.com/PooBonMusic
https://www.instagram.com/poo_bon",UCAnylXo06Lw_x8swLZhIosg,Hichkas,2024-03-07T09:09:41Z,10,fa,fa,PT4M32S,hd,False,False,662072,8887.0,6690.0,public,True,False,272,needs_review,insufficient_evidence,official_artist,trusted,top20_manual_audit_2026-07-10; confidence=high,trusted_needs_content_review,trusted_source_but_v2_content_ambiguous,likely_release,trusted_music_source_and_music_duration_signal,rule_based_content_review_v1,final_likely_release,accepted_after_trusted_content_review,,,,final_likely_release,accepted_after_trusted_content_review,final_screening_v4,,9_hnctT-Btbck,2024-03-07 09:09:41+00:00,2026-07-10 23:59:59+00:00,855.6182638888889,2.3425551372727966,773.7936740513256,13.423011394531107,10.104641187061226,15577.0,0.0235276525815923,4.533333333333333,13.40313110074297,9.092457331319466,8.808518618782816,6.6525967668780925,-0.531344817378515,8.637040461901272,4.603361827136179,15.031371167560428,-0.531344817378515,3.0,3.0,0.8811931095728909,81.82,high,0.8811931095728909,81.82,0.5280586278350397,54.55,0.7046258687039653,81.82,0.7046258687039653,81.82,high,PI_V2_FINAL_65_25_10,0.65,0.25,0.1,-3.0,3.0,-0.6076382571492849,-0.6723591691067272,0.9810759999999993,2.2373318536585374,-0.27168607191042193,-0.531344817378515,3.4980302328228774,4.603361827136179,32.70175272093495,15.031371167560428,7.0375142302821505,8.637040461901272,0,0,1,0,1,FM_V1
9,هیچکس,rap_hiphop,22,N_DwOWb3IPE,Hichkas - Tigham Rooye Raget (Visual),UCAnylXo06Lw_x8swLZhIosg,Hichkas,2024-01-25T08:43:07Z,هیچکس,pending_review,,Hichkas - Tigham Rooye Raget (Visual),"هیچکس - تیغم روی رگت

کلام: هیچکس

https://twitter.com/HichkasOfficial
https://www.instagram.com/HichkasOfficial

آهنگساز: عرف

https://www.instagram.com/orphorphe
https://x.com/orphorpheh

تصویر: عیرضا

https://www.instagram.com/airezv_
https://x.com/aiirezaxxi



********

نشستیم توی کمین
امشب شبیخون می‌زنیم
شما هموطن نیستین، ما دشمن همیم
همه زنگ خطرها رو هم زدیم

(شما اشغال‌گرها ۵۷ زدین با شریک‌هااتون یه ملتو بدبخت کردین.
دشمنای ایران و آزادی و رفاه.
تف تو کمونیست و مجاهد و اسلامگرا. ۵۷ی.)

بیا

گفت


قسمت ۱:

کبابت می‌کنیم، بلال
گوله می‌کاریم توی جمجمه، نهال
می‌رسه بهار
جونتو به لب می‌رسونیم، با یه پس‌گردنی از دهنت درآد
ببین،
چرا نمی‌میری؟ بمیر
کار داریم، باس زود بریم
چهارپایه رو باید از زیرت کشید
همه آویزون می‌شید
پیام به دستت رسید؟
صداتو بیرون نمی‌شه شنید
می‌گی یه پارچه آقایی
مثل روسری بسوزونیمت، یا با دستامون جرت بدیم؟
کابوس می‌بینی ما خرسیم
شرتت می‌شه رنگ قبر خمینی
وزنی نداری بگیم شعری
ولیکن بیت رهبرتو دو شقه می‌کنیم بشه دوبیتی
کاری می‌کنیم موهاتو دونه دونه بکنی شب‌ها
دیگه در نیاد
تو دروازه‌ی شهر نفهمن این سر روی نیزه‌است یا آبنبات
تنهایی، مثل یه جزیره
بهتت زده، کیش و مات
بچه‌ها می‌گن «بیایین نصفش کنیم، ۲ تا شه، از تنهایی درآد»


همخوان:

تیغم روی رگت
سرت بالا داره جای سر ما
دیگه داره تنگ میشه طناب‌ها
هرچی داری و نداری می‌شه برا ما
×۲


قسمت ۲:

فکر نکن شهادت دوره
رفیقت داره می‌سوزه
نمی‌بینی، چون توی چشمت دوده
یه جوری می‌خوابونیمت که زخم بستر بگیری
به سیخ می‌کشیمت جوجه
سگ‌های رهبری زوزه
بگو گه خوردی توله
با زنت کار نداریم
باجناقت دستمونه
گفتن شرایط بده
گفتی اربابم و اربعین ارجحیت دارن
کشیدی عربده
فقط عر عر شنیدیم همه
امنیت نداری خره
یهو از یه جا فرو می‌ره قمه
وایتکس می‌ریزیم تو حلقت واسه پاک‌سازی، اگه دلت واسه شهادت لک زده
یه لیست داریم همه آقازاده‌ان
آره این خون‌های رو دیوار تازه‌ان
انگشت‌هامون روی ماشه‌ان
رفیق‌هات پاره‌ان
مخبرها آهسته میان، آهسته می‌رن
انگار در حال تمرین باله‌ان
تو هم میگی موسیقی حرومه، ولی ۲ بار بندری می‌زنی واسه‌م
یه بار از ترس
یه بار موقع جون دادن


همخوان:

تیغم روی رگت
سرت بالا داره جای سر ما
دیگه داره تنگ میشه طناب‌ها
هرچی داری و نداری می‌شه برا ما
×۲


قسمت ۳:

اینجا هر شب شب ضربته
یقه جر میدیم، یقه
ازمون بپرسی «چرا این همه؟»
یه دلیل محکم میاریم، بشکنه سرت
بچه‌ها دنبال ریشه‌ان
فصل انتقامه، پر کینه‌ان
نمی‌فهمی، سر دربیاری هم سرتو چیده‌ان
نافمونو با گیوتین بریده‌ان
از منبر می‌کشیمت پایین
می‌ندازیمت توی صندوق ماشین
همه‌ی جاده‌ها خلوت و تاریک
ایست بازرسی می‌ره زیر آتیش
دنبال حامی
زنگ بزن فامیل
بگو همه چی رو بکنن واریز
لپ‌های گل‌انداخته‌اتو می‌چینیم
شخم می‌زنیم، زیر چشم بادمجون بکاریم
چپ و راستت می‌کنیم، فکر کنی می‌خوای از خیابون رد شی
شک توش نیست
یه چک می‌زنیم تو گوشت همه فکر کنن جغدی، سرگردون شی
خون‌خورها همیشه نمی‌مونن
این ملت اونقدرها هم صبور نی
نموندن، نموند، نموندی
صرفت می‌کنیم، تموم شی",UCAnylXo06Lw_x8swLZhIosg,Hichkas,2024-01-25T08:43:07Z,10,fa,fa,PT3M24S,hd,False,False,320973,5473.0,6338.0,public,True,False,204,needs_review,insufficient_evidence,official_artist,trusted,top20_manual_audit_2026-07-10; confidence=high,trusted_needs_content_review,trusted_source_but_v2_content_ambiguous,likely_release,trusted_music_source_and_music_duration_signal,rule_based_content_review_v1,final_likely_release,accepted_after_trusted_content_review,,,,final_likely_release,accepted_after_trusted_content_review,final_screening_v4,,9_N_DwOWb3IPE,2024-01-25 08:43:07+00:00,2026-07-10 23:59:59+00:00,897.636712962963,2.45759538114432,357.5756153516902,17.051278456443377,19.746209182703844,11811.0,0.0367974876391472,3.4,12.679115401946992,8.607764889600624,8.754476306284166,5.882139559281963,-1.0018979571787467,14.66768454360781,6.409635834478341,30.065590805888196,-1.0018979571787467,3.0,3.0,0.5988612256927519,63.64,above_median,0.5988612256927519,63.64,0.1986714299748774,36.36,0.3987663278338146,40.91,0.3987663278338146,40.91,below_median,PI_V2_FINAL_65_25_10,0.65,0.25,0.1,-3.0,3.0,-0.5717733438583429,-0.6436332255924667,-0.40878166666666665,0.0,-0.9053220357955205,-1.0018979571787467,4.966430688280116,6.409635834478341,64.9884071836335,30.065590805888196,12.096379771492272,14.66768454360781,0,0,1,0,0,FM_V1
